<?xml version="1.0"?>
<!--<!DOCTYPE metadata SYSTEM "http://www.esri.com/metadata/esriprof80.dtd">-->
<metadata xml:lang="en"><Esri><CreaDate>20090622</CreaDate><CreaTime>13113100</CreaTime><SyncOnce>FALSE</SyncOnce><SyncDate>20090622</SyncDate><SyncTime>13430100</SyncTime><ModDate>20090622</ModDate><ModTime>13430100</ModTime><MetaID>{A39A5BB4-0BB9-499C-B473-7B95D880F21E}</MetaID></Esri><idinfo><native Sync="TRUE">Microsoft Windows XP Version 5.1 (Build 2600) Service Pack 3; ESRI ArcCatalog 9.3.1.3000</native><descript><langdata Sync="TRUE">en</langdata><abstract>Developed and undeveloped properties managed by the City of San Diego Park and Recreation Department for the
purposes of active and passive recreation.</abstract><purpose>An extract from the City of San Diego Real Estate Assets "Allsites" file intended to serve as a "Parks" layer for the
City of San Diego.</purpose></descript><citation><citeinfo><origin>City of San Diego Park &amp; Recreation Department</origin><pubdate>June 22, 2009</pubdate><title>PARKS_CITY_OF _SAN_DIEGO</title><ftname Sync="TRUE">Parks_SD</ftname><geoform Sync="TRUE">vector digital data</geoform><onlink Sync="TRUE">\\BLACK-XP\C$\PublicFiles\Parks_SD\Parks_SD.shp</onlink></citeinfo></citation><timeperd><current>publication date</current><timeinfo><sngdate><caldate>June 22, 2009</caldate></sngdate></timeinfo></timeperd><status><progress>In work</progress><update>Annually</update></status><spdom><bounding><westbc Sync="TRUE">-117.284833</westbc><eastbc Sync="TRUE">-117.004135</eastbc><northbc Sync="TRUE">33.050682</northbc><southbc Sync="TRUE">32.542945</southbc></bounding><lboundng><leftbc Sync="TRUE">6244572.513023</leftbc><rightbc Sync="TRUE">6329256.771931</rightbc><bottombc Sync="TRUE">1778893.087904</bottombc><topbc Sync="TRUE">1962912.672587</topbc></lboundng></spdom><keywords><theme><themekt>Parks</themekt><themekey>Parks</themekey></theme><place><placekey>San Diego</placekey></place></keywords><accconst>None</accconst><useconst>None</useconst><natvform Sync="TRUE">Shapefile</natvform><ptcontac><cntinfo><cntorgp><cntorg>City of San Diego Park &amp; Recreation Department</cntorg></cntorgp><cntpos>Principal Drafting Aide</cntpos><cntvoice>619-235-5246</cntvoice><cntfax>619-235-5252</cntfax><cntemail>trobertson@sandiego.gov</cntemail><hours>7:30 AM - 4:00 PM</hours></cntinfo></ptcontac><secinfo><secclass>Unclassified: no restrictions, distribution to all City/County departments</secclass><sechandl>None</sechandl></secinfo></idinfo><dataIdInfo><envirDesc Sync="TRUE">Microsoft Windows XP Version 5.1 (Build 2600) Service Pack 3; ESRI ArcCatalog 9.3.1.3000</envirDesc><dataLang><languageCode Sync="TRUE" value="en"></languageCode></dataLang><idCitation><resTitle Sync="TRUE">Parks_SD</resTitle><presForm><PresFormCd Sync="TRUE" value="005"></PresFormCd></presForm></idCitation><spatRpType><SpatRepTypCd Sync="TRUE" value="001"></SpatRepTypCd></spatRpType><dataExt><geoEle><GeoBndBox esriExtentType="native"><westBL Sync="TRUE">6244572.513023</westBL><eastBL Sync="TRUE">6329256.771931</eastBL><northBL Sync="TRUE">1962912.672587</northBL><southBL Sync="TRUE">1778893.087904</southBL><exTypeCode Sync="TRUE">1</exTypeCode></GeoBndBox></geoEle></dataExt><geoBox esriExtentType="decdegrees"><westBL Sync="TRUE">-117.284833</westBL><eastBL Sync="TRUE">-117.004135</eastBL><northBL Sync="TRUE">33.050682</northBL><southBL Sync="TRUE">32.542945</southBL><exTypeCode Sync="TRUE">1</exTypeCode></geoBox></dataIdInfo><metainfo><langmeta Sync="TRUE">en</langmeta><metstdn Sync="TRUE">FGDC Content Standards for Digital Geospatial Metadata</metstdn><metstdv Sync="TRUE">FGDC-STD-001-1998</metstdv><mettc Sync="TRUE">local time</mettc><metc><cntinfo><cntorgp><cntorg>City of San Diego Park &amp; Recreation Department</cntorg></cntorgp><cntaddr><addrtype>mailing and physical address</addrtype><city>San Diego</city><state>CA</state><address>5201 Ruffin Rd. Suite B MSO650</address><country>USA</country></cntaddr><cntemail>TRobertson@sandiego.gov</cntemail></cntinfo></metc><metd Sync="TRUE">20090622</metd><metrd>June 22, 2009</metrd><metfrd>July 1, 2010</metfrd><metextns><onlink Sync="TRUE">http://www.esri.com/metadata/esriprof80.html</onlink><metprof Sync="TRUE">ESRI Metadata Profile</metprof></metextns></metainfo><mdLang><languageCode Sync="TRUE" value="en"></languageCode></mdLang><mdStanName Sync="TRUE">ISO 19115 Geographic Information - Metadata</mdStanName><mdStanVer Sync="TRUE">DIS_ESRI1.0</mdStanVer><mdChar><CharSetCd Sync="TRUE" value="004"></CharSetCd></mdChar><mdHrLv><ScopeCd Sync="TRUE" value="005"></ScopeCd></mdHrLv><mdHrLvName Sync="TRUE">dataset</mdHrLvName><distinfo><resdesc Sync="TRUE">Downloadable Data</resdesc><stdorder><digform><digtinfo><transize Sync="TRUE">0.946</transize><dssize Sync="TRUE">0.946</dssize></digtinfo></digform></stdorder><distrib><cntinfo><cntorgp><cntorg>SanGIS</cntorg></cntorgp><cntvoice>(858) 874-7000</cntvoice></cntinfo></distrib></distinfo><distInfo><distributor><distorTran><onLineSrc><orDesc Sync="TRUE">002</orDesc><linkage Sync="TRUE">file://\\BLACK-XP\C$\PublicFiles\Parks_SD\Parks_SD.shp</linkage><protocol Sync="TRUE">Local Area Network</protocol></onLineSrc><transSize Sync="TRUE">0.946</transSize></distorTran><distorFormat><formatName Sync="TRUE">Shapefile</formatName></distorFormat></distributor></distInfo><spdoinfo><direct Sync="TRUE">Vector</direct><ptvctinf><esriterm Name="Parks_SD"><efeatyp Sync="TRUE">Simple</efeatyp><efeageom Sync="TRUE">Polygon</efeageom><esritopo Sync="TRUE">FALSE</esritopo><efeacnt Sync="TRUE">258</efeacnt><spindex Sync="TRUE">TRUE</spindex><linrefer Sync="TRUE">FALSE</linrefer></esriterm><sdtsterm Name="Parks_SD"><sdtstype Sync="TRUE">G-polygon</sdtstype><ptvctcnt Sync="TRUE">258</ptvctcnt></sdtsterm></ptvctinf></spdoinfo><spatRepInfo><VectSpatRep><topLvl><TopoLevCd Sync="TRUE" value="001"></TopoLevCd></topLvl><geometObjs Name="Parks_SD"><geoObjTyp><GeoObjTypCd Sync="TRUE" value="001"></GeoObjTypCd></geoObjTyp><geoObjCnt Sync="TRUE">258</geoObjCnt></geometObjs></VectSpatRep></spatRepInfo><eainfo><detailed Name="Parks_SD"><enttyp><enttypl Sync="TRUE">Parks_SD</enttypl><enttypt Sync="TRUE">Feature Class</enttypt><enttypc Sync="TRUE">258</enttypc><enttypd>Internal feature number</enttypd><enttypds>ESRI</enttypds></enttyp><attr><attrlabl Sync="TRUE">FID</attrlabl><attalias Sync="TRUE">FID</attalias><attrtype Sync="TRUE">OID</attrtype><attwidth Sync="TRUE">4</attwidth><atprecis Sync="TRUE">0</atprecis><attscale Sync="TRUE">0</attscale><attrdef Sync="TRUE">Internal feature number.</attrdef><attrdefs Sync="TRUE">ESRI</attrdefs><attrdomv><udom Sync="TRUE">Sequential unique whole numbers that are automatically generated.</udom></attrdomv></attr><attr><attrlabl Sync="TRUE">Shape</attrlabl><attalias Sync="TRUE">Shape</attalias><attrtype Sync="TRUE">Geometry</attrtype><attwidth Sync="TRUE">0</attwidth><atprecis Sync="TRUE">0</atprecis><attscale Sync="TRUE">0</attscale><attrdef Sync="TRUE">Feature geometry.</attrdef><attrdefs Sync="TRUE">ESRI</attrdefs><attrdomv><udom Sync="TRUE">Coordinates defining the features.</udom></attrdomv></attr><attr><attrlabl Sync="TRUE">SITE_CODE</attrlabl><attalias Sync="TRUE">SITE_CODE</attalias><attrtype Sync="TRUE">String</attrtype><attwidth Sync="TRUE">6</attwidth><attrdef>Real Estate Assets means of identifying the property</attrdef><attrdefs>City of San Diego Park &amp; Recreation Dept.</attrdefs></attr><attr><attrlabl Sync="TRUE">SC_NEW</attrlabl><attalias Sync="TRUE">SC_NEW</attalias><attrtype Sync="TRUE">String</attrtype><attwidth Sync="TRUE">6</attwidth><attrdef>A newer version of the above designation</attrdef><attrdefs>City of San Diego Park &amp; Recreation Dept.</attrdefs></attr><attr><attrlabl Sync="TRUE">COMMON_NAM</attrlabl><attalias Sync="TRUE">COMMON_NAM</attalias><attrtype Sync="TRUE">String</attrtype><attwidth Sync="TRUE">32</attwidth><attrdef>How the property is generally referred to</attrdef><attrdefs>City of San Diego Park &amp; Recreation Dept.</attrdefs></attr><attr><attrlabl Sync="TRUE">DESIGNATED</attrlabl><attalias Sync="TRUE">DESIGNATED</attalias><attrtype Sync="TRUE">String</attrtype><attwidth Sync="TRUE">25</attwidth><attrdef>Real Estate Assets use designation</attrdef><attrdefs>City of San Diego Park &amp; Recreation Dept.</attrdefs></attr><attr><attrlabl Sync="TRUE">ACRES</attrlabl><attalias Sync="TRUE">ACRES</attalias><attrtype Sync="TRUE">Number</attrtype><attwidth Sync="TRUE">19</attwidth><attrdef>The size of the parcel</attrdef><attrdefs>City of San Diego Park &amp; Recreation Dept.</attrdefs><atnumdec Sync="TRUE">11</atnumdec></attr><attr><attrlabl Sync="TRUE">ADDRESS_LO</attrlabl><attalias Sync="TRUE">ADDRESS_LO</attalias><attrtype Sync="TRUE">String</attrtype><attwidth Sync="TRUE">44</attwidth><attrdef>The street address of the property or the nearest cross streets</attrdef><attrdefs>City of San Diego Park &amp; Recreation Dept.</attrdefs></attr><attr><attrlabl Sync="TRUE">THOMAS_BRO</attrlabl><attalias Sync="TRUE">THOMAS_BRO</attalias><attrtype Sync="TRUE">String</attrtype><attwidth Sync="TRUE">6</attwidth><attrdef>Thomas Brothers map page and coordinates</attrdef><attrdefs>City of San Diego Park &amp; Recreation Dept.</attrdefs></attr><attr><attrlabl Sync="TRUE">COMMUNITY_</attrlabl><attalias Sync="TRUE">COMMUNITY_</attalias><attrtype Sync="TRUE">String</attrtype><attwidth Sync="TRUE">30</attwidth><attrdef>Community Plan Area where the property is located</attrdef><attrdefs>City of San Diego Park &amp; Recreation Dept.</attrdefs></attr><attr><attrlabl Sync="TRUE">MANAGING_D</attrlabl><attalias Sync="TRUE">MANAGING_D</attalias><attrtype Sync="TRUE">String</attrtype><attwidth Sync="TRUE">25</attwidth><attrdef>The Department that manages the property</attrdef><attrdefs>City of San Diego Park &amp; Recreation Dept.</attrdefs></attr><attr><attrlabl Sync="TRUE">COUNCIL_DI</attrlabl><attalias Sync="TRUE">COUNCIL_DI</attalias><attrtype Sync="TRUE">String</attrtype><attwidth Sync="TRUE">6</attwidth><attrdef>The Council district where the property is located</attrdef><attrdefs>City of San Diego Park &amp; Recreation Dept.</attrdefs></attr><attr><attrlabl Sync="TRUE">COUNCIL_1</attrlabl><attalias Sync="TRUE">COUNCIL_1</attalias><attrtype Sync="TRUE">String</attrtype><attwidth Sync="TRUE">6</attwidth><attrdef>The Council district where the property is located</attrdef><attrdefs>City of San Diego Park &amp; Recreation Dept.</attrdefs></attr><attr><attrlabl Sync="TRUE">USE_RESTRI</attrlabl><attalias Sync="TRUE">USE_RESTRI</attalias><attrtype Sync="TRUE">String</attrtype><attwidth Sync="TRUE">24</attwidth><attrdef>Use Restrictions on the property such as deed restrictions or park</attrdef><attrdefs>City of San Diego Park &amp; Recreation Dept.</attrdefs></attr><attr><attrlabl Sync="TRUE">MWWD_WATER</attrlabl><attalias Sync="TRUE">MWWD_WATER</attalias><attrtype Sync="TRUE">String</attrtype><attwidth Sync="TRUE">1</attwidth><attrdef>Ownership of the property if it is not owned by the managing department. (Either the Water Department (W) or the Metro Wastewater Department (M).)</attrdef><attrdefs>City of San Diego Park &amp; Recreation Dept.</attrdefs></attr><attr><attrlabl Sync="TRUE">DEDIC_PK_O</attrlabl><attalias Sync="TRUE">DEDIC_PK_O</attalias><attrtype Sync="TRUE">String</attrtype><attwidth Sync="TRUE">1</attwidth><attrdef>Y Indicates that the property has been dedicated as parkland by an ordinance and N indicates that it has not</attrdef><attrdefs>City of San Diego Park &amp; Recreation Dept.</attrdefs></attr></detailed></eainfo><mdDateSt Sync="TRUE">20090622</mdDateSt><spref><horizsys><cordsysn><geogcsn Sync="TRUE">GCS_North_American_1983</geogcsn><projcsn Sync="TRUE">NAD_1983_StatePlane_California_VI_FIPS_0406_Feet</projcsn></cordsysn><planar><planci><plance Sync="TRUE">coordinate pair</plance><plandu Sync="TRUE">survey feet</plandu><coordrep><absres Sync="TRUE">0.000000</absres><ordres Sync="TRUE">0.000000</ordres></coordrep></planci><mapproj><mapprojn Sync="TRUE">Lambert Conformal Conic</mapprojn><lambertc><stdparll Sync="TRUE">32.783333</stdparll><stdparll Sync="TRUE">33.883333</stdparll><longcm Sync="TRUE">-116.250000</longcm><latprjo Sync="TRUE">32.166667</latprjo><feast Sync="TRUE">6561666.666667</feast><fnorth Sync="TRUE">1640416.666667</fnorth></lambertc></mapproj></planar><geodetic><horizdn Sync="TRUE">North American Datum of 1983</horizdn><ellips Sync="TRUE">Geodetic Reference System 80</ellips><semiaxis Sync="TRUE">6378137.000000</semiaxis><denflat Sync="TRUE">298.257222</denflat></geodetic></horizsys></spref><refSysInfo><RefSystem><refSysID><identCode Sync="TRUE">NAD_1983_StatePlane_California_VI_FIPS_0406_Feet</identCode></refSysID></RefSystem></refSysInfo><dataqual><lineage><procstep><procdesc Sync="TRUE">Dataset copied.</procdesc><srcused Sync="TRUE"></srcused><procdate Sync="TRUE">20090622</procdate><proctime Sync="TRUE">13113100</proctime></procstep></lineage></dataqual></metadata>
