<?xml version="1.0" encoding="ISO-8859-1"?>
<metadata>
	<idinfo>
		<citation>
			<citeinfo>
				<origin>County of San Diego Department of Planning and Land Use</origin>
				<pubdate>6/28/2007</pubdate>
				<title Sync="TRUE">AG_PRESERVE</title>
				<geoform Sync="TRUE">vector digital data</geoform>
				<onlink>\\lueg-gis\data\dplu-projects\20050909_williamson_ag\shapefiles\Williamson_agpreserve.shp</onlink>
				<ftname Sync="TRUE">AG_PRESERVE</ftname></citeinfo>
		</citation>
		<descript>
			<abstract>Agriculture Preserve Lands
The California Land Conservation Act, better known as the Williamson Act, has been the state's premier agricultural land protection program since its enactment in 1965. More than 16 million of the state's 30 million acres of farm and ranch land are currently protected under the Williamson Act. 

The California Legislature passed the Williamson Act in 1965 to preserve agricultural and open space lands by discouraging premature and unnecessary conversion to urban uses. The Act creates an arrangement whereby private landowners contract with counties and cities to voluntarily restrict their land to agricultural and compatible open-space uses. The vehicle for these agreements is a rolling term 10-year contract (i.e., unless either party files a "notice of nonrenewal," the contract is automatically renewed for an additional year.). In return, restricted parcels are assessed for property tax purposes at a rate consistent with their actual use, rather then potential market value.
An agricultural preserve defines the boundary of an area within which a city or county will enter into contracts with landowners. The boundary is designated by resolution of the board of supervisors (board) or city council (council) having jurisdiction. Only land located within an agricultural preserve is eligible for a Williamson Act contract. Preserves are regulated by rules and restrictions designated in the resolution to ensure that the land within the preserve is maintained for agricultural or open space use.</abstract>
			<purpose>Contract lands should be updated periodically, preserve lands most likely will not need to be updated.
Contract lands are based on parcel information (Assessor Records) where preserves were based on meets and bounds.  This layer should be used in conjunction with the Agriculture Preserves layer.  The initial digitization of the preserves boundaries was not completed at an appropiate scale so the line work needs adjustments, the last modification on April 2007 was performed to verify that contract lands were within the Preserve boundary.  Hard copy files and records of Preserves and Contracts can be found in the DPLU file room.  Original documentation can also be found in a file cabinet stored in DPW's workspace.</purpose>
			<supplinf>http://www.conservation.ca.gov/DLRP/lca/basic_contract_provisions/index.htm</supplinf>
			<langdata Sync="TRUE">en</langdata></descript>
		<timeperd>
			<timeinfo>
				<sngdate>
					<caldate>May 2007</caldate>
				</sngdate>
			</timeinfo>
			<current>Data was updated to include Contracts</current>
		</timeperd>
		<status>
			<progress>Preserves boundaries need adjustments to parcels lines</progress>
			<update>Continually</update>
		</status>
		<spdom>
			<bounding>
				<westbc Sync="TRUE">-117.347098</westbc>
				<eastbc Sync="TRUE">-116.207358</eastbc>
				<northbc Sync="TRUE">33.453990</northbc>
				<southbc Sync="TRUE">32.583350</southbc>
			</bounding>
			<lboundng><leftbc Sync="TRUE">6227027.000000</leftbc><rightbc Sync="TRUE">6574673.000000</rightbc><bottombc Sync="TRUE">1793773.250000</bottombc><topbc Sync="TRUE">2108814.500000</topbc></lboundng></spdom>
		<keywords>
			<theme>
				<themekt>REQUIRED: Reference to a formally registered thesaurus or a similar authoritative source of theme keywords.</themekt>
				<themekey>Agriculture Presever</themekey>
				<themekey>Preserve Lands</themekey><themekey>Ag Preserve</themekey></theme>
		</keywords>
		<accconst>None</accconst>
		<useconst>None</useconst>
		<native Sync="TRUE">Microsoft Windows 2000 Version 5.0 (Build 2195) Service Pack 3; ESRI ArcCatalog 9.2.2.1350</native>
		<natvform Sync="TRUE">Shapefile</natvform><ptcontac><cntinfo><cntorgp><cntorg>DPLU-GIS</cntorg></cntorgp><cntaddr><addrtype>mailing address</addrtype><address>5201 Ruffin Road Suite B</address><city>San Diego</city><state>CA</state><postal>92123-1666</postal></cntaddr><cntpos>Senior GIS Analyst</cntpos><cntvoice>858-694-2783</cntvoice><hours>8-4</hours></cntinfo></ptcontac></idinfo>
	<spdoinfo>
		<direct Sync="TRUE">Vector</direct>
		<ptvctinf>
			<sdtsterm Name="AG_PRESERVE">
				<sdtstype Sync="TRUE">G-polygon</sdtstype>
				<ptvctcnt Sync="TRUE">161</ptvctcnt>
			</sdtsterm>
			<esriterm Name="AG_PRESERVE"><efeatyp Sync="TRUE">Simple</efeatyp><efeageom Sync="TRUE">Polygon</efeageom><esritopo Sync="TRUE">FALSE</esritopo><efeacnt Sync="TRUE">161</efeacnt><spindex Sync="TRUE">TRUE</spindex><linrefer Sync="TRUE">FALSE</linrefer></esriterm></ptvctinf>
	</spdoinfo>
	<spref>
		<horizsys>
			<planar>
				<planci>
					<plance Sync="TRUE">coordinate pair</plance>
					<coordrep>
						<absres Sync="TRUE">0.000000</absres>
						<ordres Sync="TRUE">0.000000</ordres>
					</coordrep>
					<plandu Sync="TRUE">survey feet</plandu>
				</planci>
				<mapproj><mapprojn Sync="TRUE">Lambert Conformal Conic</mapprojn><lambertc><stdparll Sync="TRUE">32.783333</stdparll><stdparll Sync="TRUE">33.883333</stdparll><longcm Sync="TRUE">-116.250000</longcm><latprjo Sync="TRUE">32.166667</latprjo><feast Sync="TRUE">6561666.666667</feast><fnorth Sync="TRUE">1640416.666667</fnorth></lambertc></mapproj></planar>
			<geodetic>
				<horizdn Sync="TRUE">North American Datum of 1983</horizdn>
				<ellips Sync="TRUE">Geodetic Reference System 80</ellips>
				<semiaxis Sync="TRUE">6378137.000000</semiaxis>
				<denflat Sync="TRUE">298.257222</denflat>
			</geodetic>
			<cordsysn><geogcsn Sync="TRUE">GCS_North_American_1983</geogcsn><projcsn Sync="TRUE">NAD_1983_StatePlane_California_VI_FIPS_0406_Feet</projcsn></cordsysn></horizsys>
	</spref>
	<eainfo>
		<detailed Name="AG_PRESERVE">
			<enttyp>
				<enttypl Sync="TRUE">AG_PRESERVE</enttypl>
				<enttypt Sync="TRUE">Feature Class</enttypt><enttypc Sync="TRUE">161</enttypc></enttyp>
			<attr>
				<attrlabl>FID</attrlabl>
				<attrdef>Internal feature number.</attrdef>
				<attrdefs>ESRI</attrdefs>
				<attrdomv>
					<udom>Sequential unique whole numbers that are automatically generated.</udom>
				</attrdomv>
			</attr>
			<attr>
				<attrlabl>Shape</attrlabl>
				<attrdef>Feature geometry.</attrdef>
				<attrdefs>ESRI</attrdefs>
				<attrdomv>
					<udom>Coordinates defining the features.</udom>
				</attrdomv>
			</attr>
			<attr>
				<attrlabl>AREA</attrlabl>
				<attrtype Sync="TRUE">Float</attrtype><attwidth Sync="TRUE">13</attwidth><atnumdec Sync="TRUE">11</atnumdec><attrdef>Area</attrdef></attr>
			<attr>
				<attrlabl>PRESERVE</attrlabl>
				<attrdef>An agricultural preserve defines the boundary of an area within which a county will enter into contracts with landowners. Yes or No</attrdef>
				<attrtype Sync="TRUE">Float</attrtype><attwidth Sync="TRUE">13</attwidth><atnumdec Sync="TRUE">11</atnumdec></attr>
			<attr><attrlabl Sync="TRUE">PERIMETER</attrlabl><attalias Sync="TRUE">PERIMETER</attalias><attrtype Sync="TRUE">String</attrtype><attwidth Sync="TRUE">3</attwidth><attrdef>Perimeter</attrdef></attr><attr><attrlabl Sync="TRUE">NUMBER</attrlabl><attalias Sync="TRUE">NUMBER</attalias><attrtype Sync="TRUE">String</attrtype><attwidth Sync="TRUE">3</attwidth><attrdef>Preserve Number</attrdef></attr><attr><attrlabl Sync="TRUE">NAME</attrlabl><attalias Sync="TRUE">NAME</attalias><attrtype Sync="TRUE">String</attrtype><attwidth Sync="TRUE">40</attwidth><attrdef>Name associated to Preserve Number</attrdef></attr></detailed>
	</eainfo>
	<distinfo>
		<resdesc>Downloadable Data</resdesc>
		<stdorder>
			<digform>
				<digtinfo>
					<transize>1.546</transize>
					<dssize Sync="TRUE">0.297</dssize></digtinfo>
			</digform>
		</stdorder>
	</distinfo>
	<metainfo>
		<metd Sync="TRUE">20070911</metd>
		<metc>
			<cntinfo>
				<cntorgp>
					<cntorg>DPLU-GIS</cntorg>
				</cntorgp>
				<cntaddr>
					<addrtype>mailing and physical address</addrtype>
					<city>San Diego</city>
					<state>CA</state>
					<postal>92123-1666</postal>
					<address>5201 Ruffin Rd, Suite B MSO650</address></cntaddr>
				<cntvoice>858-694-2783</cntvoice>
				<cntpos>Senior GIS Analyst</cntpos></cntinfo>
		</metc>
		<metstdn Sync="TRUE">FGDC Content Standards for Digital Geospatial Metadata</metstdn>
		<metstdv Sync="TRUE">FGDC-STD-001-1998</metstdv>
		<mettc Sync="TRUE">local time</mettc>
		<metextns>
			<onlink>http://www.esri.com/metadata/esriprof80.html</onlink>
			<metprof>ESRI Metadata Profile</metprof>
		</metextns>
		<langmeta Sync="TRUE">en</langmeta><metextns><onlink Sync="TRUE">http://www.esri.com/metadata/esriprof80.html</onlink><metprof Sync="TRUE">ESRI Metadata Profile</metprof></metextns></metainfo>
	<Esri><CreaDate>20070904</CreaDate><CreaTime>09040600</CreaTime><SyncOnce>FALSE</SyncOnce><SyncDate>20070911</SyncDate><SyncTime>14505900</SyncTime><ModDate>20070911</ModDate><ModTime>14505900</ModTime><MetaID>{1DEBE2AA-71B4-48C3-9AF8-EC2388EF40F2}</MetaID></Esri><dataqual><lineage><procstep><procdesc Sync="TRUE">Metadata imported.</procdesc><srcused Sync="TRUE">C:\DOCUME~1\plur1y\LOCALS~1\Temp\xml57.tmp</srcused><date Sync="TRUE">20070515</date><time Sync="TRUE">11142300</time></procstep><procstep><procdesc Sync="TRUE">Dataset copied.</procdesc><srcused Sync="TRUE">K:\20050909_williamson_ag\shapefiles\agpreserve_update</srcused><date Sync="TRUE">20070515</date><time Sync="TRUE">12315600</time></procstep><procstep><procdesc Sync="TRUE">Dataset copied.</procdesc><srcused Sync="TRUE"></srcused><date Sync="TRUE">20070904</date><time Sync="TRUE">09040700</time></procstep></lineage></dataqual><dataIdInfo><envirDesc Sync="TRUE">Microsoft Windows 2000 Version 5.0 (Build 2195) Service Pack 3; ESRI ArcCatalog 9.2.2.1350</envirDesc><dataLang><languageCode Sync="TRUE" value="en"></languageCode></dataLang><idCitation><resTitle Sync="TRUE">AG_PRESERVE</resTitle><presForm><PresFormCd Sync="TRUE" value="005"></PresFormCd></presForm></idCitation><spatRpType><SpatRepTypCd Sync="TRUE" value="001"></SpatRepTypCd></spatRpType><dataExt><geoEle><GeoBndBox esriExtentType="native"><westBL Sync="TRUE">6227027</westBL><eastBL Sync="TRUE">6574673</eastBL><northBL Sync="TRUE">2108814.5</northBL><southBL Sync="TRUE">1793773.25</southBL><exTypeCode Sync="TRUE">1</exTypeCode></GeoBndBox></geoEle></dataExt><geoBox esriExtentType="decdegrees"><westBL Sync="TRUE">-117.347098</westBL><eastBL Sync="TRUE">-116.207358</eastBL><northBL Sync="TRUE">33.45399</northBL><southBL Sync="TRUE">32.58335</southBL><exTypeCode Sync="TRUE">1</exTypeCode></geoBox></dataIdInfo><mdLang><languageCode Sync="TRUE" value="en"></languageCode></mdLang><mdStanName Sync="TRUE">ISO 19115 Geographic Information - Metadata</mdStanName><mdStanVer Sync="TRUE">DIS_ESRI1.0</mdStanVer><mdChar><CharSetCd Sync="TRUE" value="004"></CharSetCd></mdChar><mdHrLv><ScopeCd Sync="TRUE" value="005"></ScopeCd></mdHrLv><mdHrLvName Sync="TRUE">dataset</mdHrLvName><distInfo><distributor><distorTran><onLineSrc><orDesc Sync="TRUE">002</orDesc><linkage Sync="TRUE">file://\\BLACK\C$\PublicFiles\AG\AG_PRESERVE.shp</linkage><protocol Sync="TRUE">Local Area Network</protocol></onLineSrc><transSize Sync="TRUE">0.297</transSize></distorTran><distorFormat><formatName Sync="TRUE">Shapefile</formatName></distorFormat></distributor></distInfo><refSysInfo><RefSystem><refSysID><identCode Sync="TRUE">NAD_1983_StatePlane_California_VI_FIPS_0406_Feet</identCode></refSysID></RefSystem></refSysInfo><spatRepInfo><VectSpatRep><topLvl><TopoLevCd Sync="TRUE" value="001"></TopoLevCd></topLvl><geometObjs Name="AG_PRESERVE"><geoObjTyp><GeoObjTypCd Sync="TRUE" value="001"></GeoObjTypCd></geoObjTyp><geoObjCnt Sync="TRUE">161</geoObjCnt></geometObjs></VectSpatRep></spatRepInfo><mdDateSt Sync="TRUE">20070911</mdDateSt></metadata>
