<?xml version="1.0"?>
<!--<!DOCTYPE metadata SYSTEM "http://www.esri.com/metadata/esriprof80.dtd">-->
<metadata xml:lang="en"><Esri><CreaDate>20090212</CreaDate><CreaTime>08513600</CreaTime><SyncOnce>FALSE</SyncOnce><RematchLocator>ROADS_ALL<Category Locator="Review">Address</Category><Description Locator="Review">US Streets with Zone</Description><BuildVersion Locator="Review">$Revision: 1.25 $, $Date: 2004/01/16 01:14:47 $</BuildVersion><CLSID Locator="Review">{04FCADCF-ED3B-11D2-9F48-00C04F8ED1C4}</CLSID><ConfigKeyword Locator="Review">WEEKLY</ConfigKeyword><DBEnv.CLSID Locator="Review">{78E9FDDC-001A-11d4-AB58-00C04FA379E3}</DBEnv.CLSID><DBEnv.Library Locator="Review">mtchloc</DBEnv.Library><EndOffset Locator="Review">3</EndOffset><Fallback Locator="Review">FALSE</Fallback><FieldAliases Locator="Review">Street or Intersection</FieldAliases><FieldAliases Locator="Review">Zone</FieldAliases><FieldNames.0 Locator="Review">Address</FieldNames.0><FieldNames.0 Locator="Review">Addr</FieldNames.0><FieldNames.0 Locator="Review">Street</FieldNames.0><FieldNames.1 Locator="Review">Zip</FieldNames.1><FieldNames.1 Locator="Review">Zipcode</FieldNames.1><FieldNames.1 Locator="Review">City</FieldNames.1><FieldNames.1 Locator="Review">Zone</FieldNames.1><Fields Locator="Review">Street</Fields><Fields Locator="Review">Zone</Fields><FieldSizes Locator="Review">60</FieldSizes><FieldSizes Locator="Review">20</FieldSizes><FieldsRequired Locator="Review">TRUE</FieldsRequired><FieldsRequired Locator="Review">FALSE</FieldsRequired><FileMAT Locator="Review">us_addr1.mat</FileMAT><FileSTN Locator="Review">us_addr.stn</FileSTN><Interpolate Locator="Review">TRUE</Interpolate><IntersectionConnectors Locator="Review">&amp; | @</IntersectionConnectors><IntFileMAT Locator="Review">us_intsc1.mat</IntFileMAT><IntFileSTN Locator="Review">us_intsc.stn</IntFileSTN><Locator.CLSID Locator="Review">{D9052385-AB46-11d2-AADA-00C04FA379E3}</Locator.CLSID><Locator.FactoryCLSID Locator="Review">{68F5E953-06FF-11d3-AAFD-00C04FA379E3}</Locator.FactoryCLSID><Locator.FactoryLibrary Locator="Review">mtchloc</Locator.FactoryLibrary><Locator.Library Locator="Review">mtchloc</Locator.Library><MatchIfScoresTie Locator="Review">True</MatchIfScoresTie><MinimumCandidateScore Locator="Review">10</MinimumCandidateScore><MinimumMatchScore Locator="Review">60</MinimumMatchScore><MKeyAlias.D1 Locator="Review">SufDir1</MKeyAlias.D1><MKeyAlias.D2 Locator="Review">SufDir2</MKeyAlias.D2><MKeyAlias.E1 Locator="Review">PreType1</MKeyAlias.E1><MKeyAlias.E2 Locator="Review">PreType2</MKeyAlias.E2><MKeyAlias.HN Locator="Review">HouseNum</MKeyAlias.HN><MKeyAlias.P1 Locator="Review">PreDir1</MKeyAlias.P1><MKeyAlias.P2 Locator="Review">PreDir2</MKeyAlias.P2><MKeyAlias.PD Locator="Review">PreDir</MKeyAlias.PD><MKeyAlias.PT Locator="Review">PreType</MKeyAlias.PT><MKeyAlias.S1 Locator="Review">StreetName1</MKeyAlias.S1><MKeyAlias.S2 Locator="Review">StreetName2</MKeyAlias.S2><MKeyAlias.SD Locator="Review">SufDir</MKeyAlias.SD><MKeyAlias.SN Locator="Review">StreetName</MKeyAlias.SN><MKeyAlias.ST Locator="Review">SufType</MKeyAlias.ST><MKeyAlias.T1 Locator="Review">SufType1</MKeyAlias.T1><MKeyAlias.T2 Locator="Review">SufType2</MKeyAlias.T2><MKeyAlias.ZN Locator="Review">Zone</MKeyAlias.ZN><MKeyField Locator="Review">XX</MKeyField><MKeyField Locator="Review">ZN</MKeyField><Query.CLSID Locator="Review">{1845B140-FC3B-11d2-AAFA-00C04FA379E3}</Query.CLSID><Query.Library Locator="Review">mtchloc</Query.Library><RD.Func Locator="Review">SDEX,mtchloc,SX,""</RD.Func><RD.Func Locator="Review">ZNSX,mtchloc,ZoneSX,""</RD.Func><RD.Func Locator="Review">SpellSens,mtchloc,SpellSens,""</RD.Func><RD.IdxTable Locator="Review">IdxTable1,"IndexTable for Primary table"</RD.IdxTable><RD.IdxTable1.IdxColumn Locator="Review">XID,"Soundex foreign key column",Y,$Table1.ID</RD.IdxTable1.IdxColumn><RD.IdxTable1.IdxColumn Locator="Review">SX,"Soundex code column",Y,@SDEX($Table1.StreetName)</RD.IdxTable1.IdxColumn><RD.IdxTable1.IdxColumn Locator="Review">ZoneL,"Left zone column",Y,@ZNSX($Table1.LeftZone)</RD.IdxTable1.IdxColumn><RD.IdxTable1.IdxColumn Locator="Review">ZoneR,"Right zone column",Y,@ZNSX($Table1.RightZone)</RD.IdxTable1.IdxColumn><RD.IdxTable1.Prefix Locator="Review">GC_SZS</RD.IdxTable1.Prefix><RD.ILQuery.ConditionalWhere Locator="Review">ZN, " AND ($IdxTable1.ZoneL = '@ZNSX(%ZN%)' OR $IdxTable1.ZoneR = '@ZNSX(%ZN%)')"</RD.ILQuery.ConditionalWhere><RD.ILQuery.Filter Locator="Review">@SpellSens(%S1%, $Table1.StreetName)</RD.ILQuery.Filter><RD.ILQuery.InvariantWhere Locator="Review">: AND $Table1.ID = $IdxTable1.XID:</RD.ILQuery.InvariantWhere><RD.ILQuery.MF Locator="Review">PreDir1,Table1.PreDir</RD.ILQuery.MF><RD.ILQuery.MF Locator="Review">PreType1,Table1.PreType</RD.ILQuery.MF><RD.ILQuery.MF Locator="Review">StreetName1,Table1.StreetName</RD.ILQuery.MF><RD.ILQuery.MF Locator="Review">Type1,Table1.StreetType</RD.ILQuery.MF><RD.ILQuery.MF Locator="Review">SufDir1,Table1.SufDir</RD.ILQuery.MF><RD.ILQuery.MF Locator="Review">LeftZone1,Table1.LeftZone</RD.ILQuery.MF><RD.ILQuery.MF Locator="Review">RightZone1,Table1.RightZone</RD.ILQuery.MF><RD.ILQuery.MF Locator="Review">Shape,Table1.Shape</RD.ILQuery.MF><RD.ILQuery.MF Locator="Review">ID,Table1.ID</RD.ILQuery.MF><RD.ILQuery.Where Locator="Review">$IdxTable1.Sx = '@SDEX(%S1%)'</RD.ILQuery.Where><RD.IRQuery.ConditionalWhere Locator="Review">ZN, " AND ($IdxTable1.ZoneL = '@ZNSX(%ZN%)' OR $IdxTable1.ZoneR = '@ZNSX(%ZN%)')"</RD.IRQuery.ConditionalWhere><RD.IRQuery.Filter Locator="Review">@SpellSens(%S2%, $Table1.StreetName)</RD.IRQuery.Filter><RD.IRQuery.InvariantWhere Locator="Review">: AND $Table1.ID = $IdxTable1.XID:</RD.IRQuery.InvariantWhere><RD.IRQuery.MF Locator="Review">PreDir2,Table1.PreDir</RD.IRQuery.MF><RD.IRQuery.MF Locator="Review">PreType2,Table1.PreType</RD.IRQuery.MF><RD.IRQuery.MF Locator="Review">StreetName2,Table1.StreetName</RD.IRQuery.MF><RD.IRQuery.MF Locator="Review">Type2,Table1.StreetType</RD.IRQuery.MF><RD.IRQuery.MF Locator="Review">SufDir2,Table1.SufDir</RD.IRQuery.MF><RD.IRQuery.MF Locator="Review">LeftZone2,Table1.LeftZone</RD.IRQuery.MF><RD.IRQuery.MF Locator="Review">RightZone2,Table1.RightZone</RD.IRQuery.MF><RD.IRQuery.MF Locator="Review">Shape,Table1.Shape</RD.IRQuery.MF><RD.IRQuery.MF Locator="Review">ID,Table1.ID</RD.IRQuery.MF><RD.IRQuery.Where Locator="Review">$IdxTable1.Sx = '@SDEX(%S2%)'</RD.IRQuery.Where><RD.LeftIntsecQuery Locator="Review">ILQuery,"Left Intersection Query"</RD.LeftIntsecQuery><RD.Query Locator="Review">Query1,"Main query"</RD.Query><RD.Query1.ConditionalWhere Locator="Review">ZN, " AND ($IdxTable1.ZoneL = '@ZNSX(%ZN%)' OR $IdxTable1.ZoneR = '@ZNSX(%ZN%)')"</RD.Query1.ConditionalWhere><RD.Query1.FallbackWhere Locator="Review">SN, $IdxTable1.SX = '@SDEX(%SN%)'</RD.Query1.FallbackWhere><RD.Query1.Filter Locator="Review">@SpellSens(%SN%, $Table1.StreetName)</RD.Query1.Filter><RD.Query1.InvariantWhere Locator="Review">: AND $Table1.ID = $IdxTable1.XID:</RD.Query1.InvariantWhere><RD.Query1.MF Locator="Review">LeftFrom,Table1.LeftFrom</RD.Query1.MF><RD.Query1.MF Locator="Review">LeftTo,Table1.LeftTo</RD.Query1.MF><RD.Query1.MF Locator="Review">RightFrom,Table1.RightFrom</RD.Query1.MF><RD.Query1.MF Locator="Review">RightTo,Table1.RightTo</RD.Query1.MF><RD.Query1.MF Locator="Review">PreDir,Table1.PreDir</RD.Query1.MF><RD.Query1.MF Locator="Review">PreType,Table1.PreType</RD.Query1.MF><RD.Query1.MF Locator="Review">StreetName,Table1.StreetName</RD.Query1.MF><RD.Query1.MF Locator="Review">StreetType,Table1.StreetType</RD.Query1.MF><RD.Query1.MF Locator="Review">SufDir,Table1.SufDir</RD.Query1.MF><RD.Query1.MF Locator="Review">LeftZone,Table1.LeftZone</RD.Query1.MF><RD.Query1.MF Locator="Review">RightZone,Table1.RightZone</RD.Query1.MF><RD.Query1.MF Locator="Review">Shape,Table1.Shape</RD.Query1.MF><RD.Query1.MF Locator="Review">ID,Table1.ID</RD.Query1.MF><RD.Query1.Where Locator="Review">$IdxTable1.SX = '@SDEX(%SN%)'</RD.Query1.Where><RD.RightIntsecQuery Locator="Review">IRQuery,"Right Intersection Query"</RD.RightIntsecQuery><RD.Table Locator="Review">Table1,"Primary table"</RD.Table><RD.Table1.Column Locator="Review">LeftFrom,"House From Left",N,TRUE</RD.Table1.Column><RD.Table1.Column Locator="Review">LeftTo,"House To Left",N,TRUE</RD.Table1.Column><RD.Table1.Column Locator="Review">RightFrom,"House From Right",N,TRUE</RD.Table1.Column><RD.Table1.Column Locator="Review">RightTo,"House To Right",N,TRUE</RD.Table1.Column><RD.Table1.Column Locator="Review">PreDir,"Prefix Direction",N,FALSE</RD.Table1.Column><RD.Table1.Column Locator="Review">PreType,"Prefix Type",N,FALSE</RD.Table1.Column><RD.Table1.Column Locator="Review">StreetName,"Street Name",N,TRUE</RD.Table1.Column><RD.Table1.Column Locator="Review">StreetType,"Street Type",N,FALSE</RD.Table1.Column><RD.Table1.Column Locator="Review">SufDir,"Suffix Direction",N,FALSE</RD.Table1.Column><RD.Table1.Column Locator="Review">LeftZone,"Left Zone",N,TRUE</RD.Table1.Column><RD.Table1.Column Locator="Review">RightZone,"Right Zone",N,TRUE</RD.Table1.Column><RD.Table1.Column Locator="Review">ID,"Record ID for the Primary table",N,TRUE</RD.Table1.Column><RD.Table1.Column Locator="Review">Shape,"Shape column",N,TRUE</RD.Table1.Column><RD.Table1.Filter Locator="Review">esriCatalog.GxFilterSDEFeatureClasses</RD.Table1.Filter><RD.Val.IdxTable1 Locator="Review">SANGIS.GC_SZS771</RD.Val.IdxTable1><RD.Val.IdxTable1.SX Locator="Review">SX</RD.Val.IdxTable1.SX><RD.Val.IdxTable1.XID Locator="Review">XID</RD.Val.IdxTable1.XID><RD.Val.IdxTable1.ZoneL Locator="Review">LZONE</RD.Val.IdxTable1.ZoneL><RD.Val.IdxTable1.ZoneR Locator="Review">RZONE</RD.Val.IdxTable1.ZoneR><RD.Val.Table1 Locator="Review">SANGIS.ROADS_ALL</RD.Val.Table1><RD.Val.Table1.ID Locator="Review">OBJECTID</RD.Val.Table1.ID><RD.Val.Table1.LeftFrom Locator="Review">LLOWADDR</RD.Val.Table1.LeftFrom><RD.Val.Table1.LeftTo Locator="Review">LHIGHADDR</RD.Val.Table1.LeftTo><RD.Val.Table1.LeftZone Locator="Review">L_ZIP</RD.Val.Table1.LeftZone><RD.Val.Table1.PreDir Locator="Review">::</RD.Val.Table1.PreDir><RD.Val.Table1.PreType Locator="Review">RD20PRED</RD.Val.Table1.PreType><RD.Val.Table1.RightFrom Locator="Review">RLOWADDR</RD.Val.Table1.RightFrom><RD.Val.Table1.RightTo Locator="Review">RHIGHADDR</RD.Val.Table1.RightTo><RD.Val.Table1.RightZone Locator="Review">R_ZIP</RD.Val.Table1.RightZone><RD.Val.Table1.Shape Locator="Review">SHP_ID</RD.Val.Table1.Shape><RD.Val.Table1.StreetName Locator="Review">RD20NAME</RD.Val.Table1.StreetName><RD.Val.Table1.StreetType Locator="Review">RD20SFX</RD.Val.Table1.StreetType><RD.Val.Table1.SufDir Locator="Review">::</RD.Val.Table1.SufDir><SideOffset Locator="Review">0</SideOffset><SideOffsetUnits Locator="Review">ReferenceDataUnits</SideOffsetUnits><SpellingSensitivity Locator="Review">80</SpellingSensitivity><SupportIntersections Locator="Review">TRUE</SupportIntersections><UICLSID Locator="Review">{AE5A3A0E-F756-11D2-9F4F-00C04F8ED1C4}</UICLSID><Version Locator="Review">9.0</Version><WritePercentAlongField Locator="Review">False</WritePercentAlongField><WriteReferenceIDField Locator="Review">False</WriteReferenceIDField><WriteStandardizedAddressField Locator="Review">False</WriteStandardizedAddressField><WriteXYCoordFields Locator="Review">False</WriteXYCoordFields><RD.WorkspaceString Locator="Review">ProgID = esriDataSourcesGDB.SdeWorkspaceFactory.1; Conn = (ENCRYPTED_PASSWORD=00027812ed885e260eeed8a75802ac600fc45b5200;SERVER=sangis;INSTANCE=esri_sde;DATABASE=sdw;USER=vacosta;VERSION=SDE.DEFAULT)</RD.WorkspaceString><InTable Locator="Review">::</InTable><InKeyColumns Locator="Review">::</InKeyColumns><InColumns Locator="Review">ARC_Street</InColumns><InColumns Locator="Review">ARC_Zone</InColumns><OutTable Locator="Review">::</OutTable><OutKeyColumns Locator="Review">::</OutKeyColumns><OutColumns Locator="Review">Shape</OutColumns><OutColumns Locator="Review">Status</OutColumns><OutColumns Locator="Review">Score</OutColumns><OutColumns Locator="Review">Side</OutColumns></RematchLocator><SyncDate>20090212</SyncDate><SyncTime>08515300</SyncTime><ModDate>20090212</ModDate><ModTime>08515300</ModTime><DataProperties><lineage><Process ToolSource="C:\Program Files\ArcGIS\ArcToolbox\Toolboxes\Conversion Tools.tbx\FeatureClassToFeatureClass" Date="20090115" Time="082058">FeatureClassToFeatureClass "S:\PROGRAMS\GIS\Nursery Geodatabases\Diaprepes_Nursery.mdb\NURSERY_LOCS" S:\PROGRAMS\GIS\AWM.gdb\AgLayers NurseryLocs # "Status 'Status' true true false 1 Text 0 0 ,First,#,S:\PROGRAMS\GIS\Nursery Geodatabases\Diaprepes_Nursery.mdb\NURSERY_LOCS,Status,-1,-1;Score 'Score' true true false 2 Short 0 0 ,First,#,S:\PROGRAMS\GIS\Nursery Geodatabases\Diaprepes_Nursery.mdb\NURSERY_LOCS,Score,-1,-1;Side 'Side' true true false 1 Text 0 0 ,First,#,S:\PROGRAMS\GIS\Nursery Geodatabases\Diaprepes_Nursery.mdb\NURSERY_LOCS,Side,-1,-1;ARC_Street 'Street or Intersection' true true true 60 Text 0 0 ,First,#,S:\PROGRAMS\GIS\Nursery Geodatabases\Diaprepes_Nursery.mdb\NURSERY_LOCS,ARC_Street,-1,-1;ARC_Zone 'Zone' true true false 20 Text 0 0 ,First,#,S:\PROGRAMS\GIS\Nursery Geodatabases\Diaprepes_Nursery.mdb\NURSERY_LOCS,ARC_Zone,-1,-1;License 'License' true true false 13 Text 0 0 ,First,#,S:\PROGRAMS\GIS\Nursery Geodatabases\Diaprepes_Nursery.mdb\NURSERY_LOCS,License,-1,-1;License_Expires 'License_Expires' true true false 8 Date 0 0 ,First,#,S:\PROGRAMS\GIS\Nursery Geodatabases\Diaprepes_Nursery.mdb\NURSERY_LOCS,License_Expires,-1,-1;OOB_Date 'OOB_Date' true true false 8 Date 0 0 ,First,#,S:\PROGRAMS\GIS\Nursery Geodatabases\Diaprepes_Nursery.mdb\NURSERY_LOCS,OOB_Date,-1,-1;Business_Name 'Business_Name' true true false 50 Text 0 0 ,First,#,S:\PROGRAMS\GIS\Nursery Geodatabases\Diaprepes_Nursery.mdb\NURSERY_LOCS,Business_Name,-1,-1;M_Address 'M_Address' true true false 35 Text 0 0 ,First,#,S:\PROGRAMS\GIS\Nursery Geodatabases\Diaprepes_Nursery.mdb\NURSERY_LOCS,M_Address,-1,-1;M_City 'M_City' true true false 25 Text 0 0 ,First,#,S:\PROGRAMS\GIS\Nursery Geodatabases\Diaprepes_Nursery.mdb\NURSERY_LOCS,M_City,-1,-1;M_State 'M_State' true true false 2 Text 0 0 ,First,#,S:\PROGRAMS\GIS\Nursery Geodatabases\Diaprepes_Nursery.mdb\NURSERY_LOCS,M_State,-1,-1;M_Zip 'M_Zip' true true false 50 Text 0 0 ,First,#,S:\PROGRAMS\GIS\Nursery Geodatabases\Diaprepes_Nursery.mdb\NURSERY_LOCS,M_Zip,-1,-1;LOC_Address 'LOC_Address' true true false 45 Text 0 0 ,First,#,S:\PROGRAMS\GIS\Nursery Geodatabases\Diaprepes_Nursery.mdb\NURSERY_LOCS,LOC_Address,-1,-1;LOC_City 'LOC_City' true true false 15 Text 0 0 ,First,#,S:\PROGRAMS\GIS\Nursery Geodatabases\Diaprepes_Nursery.mdb\NURSERY_LOCS,LOC_City,-1,-1;LOC_State 'LOC_State' true true false 11 Text 0 0 ,First,#,S:\PROGRAMS\GIS\Nursery Geodatabases\Diaprepes_Nursery.mdb\NURSERY_LOCS,LOC_State,-1,-1;LOC_Zip 'LOC_Zip' true true false 50 Text 0 0 ,First,#,S:\PROGRAMS\GIS\Nursery Geodatabases\Diaprepes_Nursery.mdb\NURSERY_LOCS,LOC_Zip,-1,-1;Contact_Name 'Contact_Name' true true false 25 Text 0 0 ,First,#,S:\PROGRAMS\GIS\Nursery Geodatabases\Diaprepes_Nursery.mdb\NURSERY_LOCS,Contact_Name,-1,-1;Phone 'Phone' true true false 16 Text 0 0 ,First,#,S:\PROGRAMS\GIS\Nursery Geodatabases\Diaprepes_Nursery.mdb\NURSERY_LOCS,Phone,-1,-1;Fax 'Fax' true true false 50 Text 0 0 ,First,#,S:\PROGRAMS\GIS\Nursery Geodatabases\Diaprepes_Nursery.mdb\NURSERY_LOCS,Fax,-1,-1;Thomas_Bros 'Thomas_Bros' true true false 50 Text 0 0 ,First,#,S:\PROGRAMS\GIS\Nursery Geodatabases\Diaprepes_Nursery.mdb\NURSERY_LOCS,Thomas_Bros,-1,-1;E_Mail_Address 'E_Mail_Address' true true false 50 Text 0 0 ,First,#,S:\PROGRAMS\GIS\Nursery Geodatabases\Diaprepes_Nursery.mdb\NURSERY_LOCS,E_Mail_Address,-1,-1;Month_Due 'Month_Due' true true false 2 Short 0 0 ,First,#,S:\PROGRAMS\GIS\Nursery Geodatabases\Diaprepes_Nursery.mdb\NURSERY_LOCS,Month_Due,-1,-1;Acre 'Acre' true true false 8 Double 0 0 ,First,#,S:\PROGRAMS\GIS\Nursery Geodatabases\Diaprepes_Nursery.mdb\NURSERY_LOCS,Acre,-1,-1;Acres_Type1 'Acres_Type1' true true false 8 Double 0 0 ,First,#,S:\PROGRAMS\GIS\Nursery Geodatabases\Diaprepes_Nursery.mdb\NURSERY_LOCS,Acres_Type1,-1,-1;Acres_Type2 'Acres_Type2' true true false 8 Double 0 0 ,First,#,S:\PROGRAMS\GIS\Nursery Geodatabases\Diaprepes_Nursery.mdb\NURSERY_LOCS,Acres_Type2,-1,-1;Acres_Type3 'Acres_Type3' true true false 8 Double 0 0 ,First,#,S:\PROGRAMS\GIS\Nursery Geodatabases\Diaprepes_Nursery.mdb\NURSERY_LOCS,Acres_Type3,-1,-1;Acres_Type4 'Acres_Type4' true true false 8 Double 0 0 ,First,#,S:\PROGRAMS\GIS\Nursery Geodatabases\Diaprepes_Nursery.mdb\NURSERY_LOCS,Acres_Type4,-1,-1;Typbus 'Typbus' true true false 6 Text 0 0 ,First,#,S:\PROGRAMS\GIS\Nursery Geodatabases\Diaprepes_Nursery.mdb\NURSERY_LOCS,Typbus,-1,-1;Typstk 'Typstk' true true false 20 Text 0 0 ,First,#,S:\PROGRAMS\GIS\Nursery Geodatabases\Diaprepes_Nursery.mdb\NURSERY_LOCS,Typstk,-1,-1;CDFABilling 'CDFABilling' true true false 50 Text 0 0 ,First,#,S:\PROGRAMS\GIS\Nursery Geodatabases\Diaprepes_Nursery.mdb\NURSERY_LOCS,CDFABilling,-1,-1;New_Date 'New_Date' true true false 8 Date 0 0 ,First,#,S:\PROGRAMS\GIS\Nursery Geodatabases\Diaprepes_Nursery.mdb\NURSERY_LOCS,New_Date,-1,-1;Renew_Date 'Renew_Date' true true false 8 Date 0 0 ,First,#,S:\PROGRAMS\GIS\Nursery Geodatabases\Diaprepes_Nursery.mdb\NURSERY_LOCS,Renew_Date,-1,-1;County_Credit 'County_Credit' true true false 2 Short 0 0 ,First,#,S:\PROGRAMS\GIS\Nursery Geodatabases\Diaprepes_Nursery.mdb\NURSERY_LOCS,County_Credit,-1,-1;Inspector 'Inspector' true true false 50 Text 0 0 ,First,#,S:\PROGRAMS\GIS\Nursery Geodatabases\Diaprepes_Nursery.mdb\NURSERY_LOCS,Inspector,-1,-1;Insp_Date 'Insp_Date' true true false 8 Date 0 0 ,First,#,S:\PROGRAMS\GIS\Nursery Geodatabases\Diaprepes_Nursery.mdb\NURSERY_LOCS,Insp_Date,-1,-1;CertProd 'CertProd' true true false 2 Short 0 0 ,First,#,S:\PROGRAMS\GIS\Nursery Geodatabases\Diaprepes_Nursery.mdb\NURSERY_LOCS,CertProd,-1,-1;Nurs_Stock_Cert 'Nurs_Stock_Cert' true true false 2 Short 0 0 ,First,#,S:\PROGRAMS\GIS\Nursery Geodatabases\Diaprepes_Nursery.mdb\NURSERY_LOCS,Nurs_Stock_Cert,-1,-1;BGS 'BGS' true true false 8 Date 0 0 ,First,#,S:\PROGRAMS\GIS\Nursery Geodatabases\Diaprepes_Nursery.mdb\NURSERY_LOCS,BGS,-1,-1;FL_Incoming 'FL_Incoming' true true false 8 Date 0 0 ,First,#,S:\PROGRAMS\GIS\Nursery Geodatabases\Diaprepes_Nursery.mdb\NURSERY_LOCS,FL_Incoming,-1,-1;FL_Outgoing 'FL_Outgoing' true true false 8 Date 0 0 ,First,#,S:\PROGRAMS\GIS\Nursery Geodatabases\Diaprepes_Nursery.mdb\NURSERY_LOCS,FL_Outgoing,-1,-1;TX_Outgoing 'TX_Outgoing' true true false 8 Date 0 0 ,First,#,S:\PROGRAMS\GIS\Nursery Geodatabases\Diaprepes_Nursery.mdb\NURSERY_LOCS,TX_Outgoing,-1,-1;CAN_Outgoing 'CAN_Outgoing' true true false 8 Date 0 0 ,First,#,S:\PROGRAMS\GIS\Nursery Geodatabases\Diaprepes_Nursery.mdb\NURSERY_LOCS,CAN_Outgoing,-1,-1;Comment 'Comment' true true false 100 Text 0 0 ,First,#,S:\PROGRAMS\GIS\Nursery Geodatabases\Diaprepes_Nursery.mdb\NURSERY_LOCS,Comment,-1,-1" # S:\PROGRAMS\GIS\AWM.gdb\AgLayers\NurseryLocs</Process><Process ToolSource="C:\Program Files\ArcGIS\ArcToolbox\Toolboxes\Conversion Tools.tbx\FeatureClassToFeatureClass" Date="20090121" Time="095333">FeatureClassToFeatureClass S:\PROGRAMS\GIS\AWM.gdb\PestDet\TrapQuints S:\PROGRAMS\GIS\Archive_Ready\Distribution TrapQuints.shp # "ID 'ID' true true false 2 Short 0 0 ,First,#,S:\PROGRAMS\GIS\AWM.gdb\PestDet\TrapQuints,ID,-1,-1;GRIDNUM 'GRIDNUM' true true false 10 Text 0 0 ,First,#,S:\PROGRAMS\GIS\AWM.gdb\PestDet\TrapQuints,GRIDNUM,-1,-1;GRIDQUINT 'GRIDQUINT' true true false 2 Text 0 0 ,First,#,S:\PROGRAMS\GIS\AWM.gdb\PestDet\TrapQuints,GRIDQUINT,-1,-1;QUINTID 'QUINTID' true true false 12 Text 0 0 ,First,#,S:\PROGRAMS\GIS\AWM.gdb\PestDet\TrapQuints,QUINTID,-1,-1" # S:\PROGRAMS\GIS\Archive_Ready\Distribution\TrapQuints.shp</Process></lineage></DataProperties><MetaID>{93E45815-B440-4F3A-9C39-89EE61D0B25C}</MetaID></Esri><idinfo><native Sync="TRUE">Microsoft Windows XP Version 5.1 (Build 2600) Service Pack 3; ESRI ArcCatalog 9.3.1.1850</native><descript><langdata Sync="TRUE">en</langdata><abstract>TrapSubGrid is a polygon shapefile representing Pest Detection Trap Quints in the County of San Diego. This dataset was created by CDFA (California Department of Food and Agriculture).</abstract><purpose>This dataset displays Trap Grid Square Miles and Sub Grids</purpose></descript><citation><citeinfo><origin>AWM employees under supervision of GIS Coordinator</origin><pubdate>1/15/2009</pubdate><title Sync="TRUE">Agriculture_Trap_Sub_Grid</title><ftname Sync="TRUE">Agriculture_Trap_Sub_Grid</ftname><geoform Sync="TRUE">vector digital data</geoform><onlink Sync="TRUE">\\BLACK-XP\C$\PublicFiles\Agriculture\Agriculture_Trap_Sub_Grid.shp</onlink></citeinfo></citation><timeperd><current>publication date</current><timeinfo><sngdate><caldate>01/15/2009</caldate></sngdate></timeinfo></timeperd><status><progress>Complete</progress><update>None planned</update></status><spdom><bounding><westbc Sync="TRUE">-118.148019</westbc><eastbc Sync="TRUE">-115.964782</eastbc><northbc Sync="TRUE">33.544281</northbc><southbc Sync="TRUE">32.499670</southbc></bounding><lboundng><leftbc Sync="TRUE">5983283.756407</leftbc><rightbc Sync="TRUE">6648571.847416</rightbc><bottombc Sync="TRUE">1766785.960507</bottombc><topbc Sync="TRUE">2141668.814415</topbc></lboundng></spdom><keywords><theme><themekt>REQUIRED: Reference to a formally registered thesaurus or a similar authoritative source of theme keywords.</themekt><themekey>SubGrids</themekey><themekey>Trap Square Miles</themekey><themekey>Quints</themekey></theme><place><placekey>San Diego County</placekey></place></keywords><accconst>None</accconst><useconst>None</useconst><natvform Sync="TRUE">Shapefile</natvform><ptcontac><cntinfo><cntpos>GIS/IT Coordinator</cntpos><cntvoice>(858) 694-2366</cntvoice><cntemail>vince.acosta@sdcounty.ca.gov</cntemail><cntorgp><cntorg>County of San Diego; Agriculture, Weights, and Measures</cntorg></cntorgp></cntinfo></ptcontac><secinfo><secclass>Unclassified</secclass><sechandl>None</sechandl></secinfo></idinfo><dataIdInfo><envirDesc Sync="TRUE">Microsoft Windows XP Version 5.1 (Build 2600) Service Pack 3; ESRI ArcCatalog 9.3.1.1850</envirDesc><dataLang><languageCode Sync="TRUE" value="en"></languageCode></dataLang><idCitation><resTitle Sync="TRUE">Agriculture_Trap_Sub_Grid</resTitle><presForm><PresFormCd Sync="TRUE" value="005"></PresFormCd></presForm></idCitation><spatRpType><SpatRepTypCd Sync="TRUE" value="001"></SpatRepTypCd></spatRpType><dataExt><geoEle><GeoBndBox esriExtentType="native"><westBL Sync="TRUE">5983283.756407</westBL><eastBL Sync="TRUE">6648571.847416</eastBL><northBL Sync="TRUE">2141668.814415</northBL><southBL Sync="TRUE">1766785.960507</southBL><exTypeCode Sync="TRUE">1</exTypeCode></GeoBndBox></geoEle></dataExt><geoBox esriExtentType="decdegrees"><westBL Sync="TRUE">-118.148019</westBL><eastBL Sync="TRUE">-115.964782</eastBL><northBL Sync="TRUE">33.544281</northBL><southBL Sync="TRUE">32.49967</southBL><exTypeCode Sync="TRUE">1</exTypeCode></geoBox></dataIdInfo><metainfo><langmeta Sync="TRUE">en</langmeta><metstdn Sync="TRUE">FGDC Content Standards for Digital Geospatial Metadata</metstdn><metstdv Sync="TRUE">FGDC-STD-001-1998</metstdv><mettc Sync="TRUE">local time</mettc><metc><cntinfo><cntorgp><cntper>JT</cntper><cntorg>County of San Diego; Agriculture, Weights, and Measures</cntorg></cntorgp><cntaddr><addrtype>mailing and physical address</addrtype><city>San Diego</city><state>California</state><postal>92123</postal><address>5555 Overland Ave</address><address>Suite 3101</address></cntaddr><cntvoice>(858) 694-2194</cntvoice><cntpos>GIS Analyst</cntpos></cntinfo></metc><metd Sync="TRUE">20090212</metd><metextns><onlink Sync="TRUE">http://www.esri.com/metadata/esriprof80.html</onlink><metprof Sync="TRUE">ESRI Metadata Profile</metprof></metextns></metainfo><mdLang><languageCode Sync="TRUE" value="en"></languageCode></mdLang><mdStanName Sync="TRUE">ISO 19115 Geographic Information - Metadata</mdStanName><mdStanVer Sync="TRUE">DIS_ESRI1.0</mdStanVer><mdChar><CharSetCd Sync="TRUE" value="004"></CharSetCd></mdChar><mdHrLv><ScopeCd Sync="TRUE" value="005"></ScopeCd></mdHrLv><mdHrLvName Sync="TRUE">dataset</mdHrLvName><distinfo><resdesc Sync="TRUE">Downloadable Data</resdesc><distrib><cntinfo><cntorgp><cntorg>County of San Diego, Agricultue, Weights, and Measures</cntorg></cntorgp><cntpos>IT/GIS Coordinator</cntpos><cntvoice>(858) 694-2366</cntvoice></cntinfo></distrib><stdorder><digform><digtinfo><transize Sync="TRUE">5.802</transize><dssize Sync="TRUE">5.802</dssize></digtinfo></digform></stdorder></distinfo><distInfo><distributor><distorTran><onLineSrc><orDesc Sync="TRUE">002</orDesc><linkage Sync="TRUE">file://\\BLACK-XP\C$\PublicFiles\Agriculture\Agriculture_Trap_Sub_Grid.shp</linkage><protocol Sync="TRUE">Local Area Network</protocol></onLineSrc><transSize Sync="TRUE">5.802</transSize></distorTran><distorFormat><formatName Sync="TRUE">Shapefile</formatName></distorFormat></distributor></distInfo><spdoinfo><direct Sync="TRUE">Vector</direct><ptvctinf><esriterm Name="Agriculture_Trap_Sub_Grid"><efeatyp Sync="TRUE">Simple</efeatyp><efeageom Sync="TRUE">Polygon</efeageom><esritopo Sync="TRUE">FALSE</esritopo><efeacnt Sync="TRUE">44730</efeacnt><spindex Sync="TRUE">TRUE</spindex><linrefer Sync="TRUE">FALSE</linrefer></esriterm><sdtsterm Name="Agriculture_Trap_Sub_Grid"><sdtstype Sync="TRUE">G-polygon</sdtstype><ptvctcnt Sync="TRUE">44730</ptvctcnt></sdtsterm></ptvctinf></spdoinfo><spref><horizsys><cordsysn><geogcsn Sync="TRUE">GCS_North_American_1983</geogcsn><projcsn Sync="TRUE">NAD_1983_StatePlane_California_VI_FIPS_0406_Feet</projcsn></cordsysn><planar><planci><plance Sync="TRUE">coordinate pair</plance><plandu Sync="TRUE">survey feet</plandu><coordrep><absres Sync="TRUE">0.000000</absres><ordres Sync="TRUE">0.000000</ordres></coordrep></planci><mapproj><mapprojn Sync="TRUE">Lambert Conformal Conic</mapprojn><lambertc><stdparll Sync="TRUE">32.783333</stdparll><stdparll Sync="TRUE">33.883333</stdparll><longcm Sync="TRUE">-116.250000</longcm><latprjo Sync="TRUE">32.166667</latprjo><feast Sync="TRUE">6561666.666667</feast><fnorth Sync="TRUE">1640416.666667</fnorth></lambertc></mapproj></planar><geodetic><horizdn Sync="TRUE">North American Datum of 1983</horizdn><ellips Sync="TRUE">Geodetic Reference System 80</ellips><semiaxis Sync="TRUE">6378137.000000</semiaxis><denflat Sync="TRUE">298.257222</denflat></geodetic></horizsys><vertdef><altsys><altenc Sync="TRUE">Explicit elevation coordinate included with horizontal coordinates</altenc><altres Sync="TRUE">0.000100</altres></altsys></vertdef></spref><refSysInfo><RefSystem><refSysID><identCode Sync="TRUE">NAD_1983_StatePlane_California_VI_FIPS_0406_Feet</identCode></refSysID></RefSystem></refSysInfo><spatRepInfo><VectSpatRep><topLvl><TopoLevCd Sync="TRUE" value="001"></TopoLevCd></topLvl><geometObjs Name="Agriculture_Trap_Sub_Grid"><geoObjTyp><GeoObjTypCd Sync="TRUE" value="001"></GeoObjTypCd></geoObjTyp><geoObjCnt Sync="TRUE">44730</geoObjCnt></geometObjs></VectSpatRep></spatRepInfo><eainfo><detailed Name="Agriculture_Trap_Sub_Grid"><enttyp><enttypl Sync="TRUE">Agriculture_Trap_Sub_Grid</enttypl><enttypt Sync="TRUE">Feature Class</enttypt><enttypc Sync="TRUE">44730</enttypc></enttyp><attr><attrlabl Sync="TRUE">FID</attrlabl><attalias Sync="TRUE">FID</attalias><attrtype Sync="TRUE">OID</attrtype><attwidth Sync="TRUE">4</attwidth><atprecis Sync="TRUE">0</atprecis><attscale Sync="TRUE">0</attscale><attrdef Sync="TRUE">Internal feature number.</attrdef><attrdefs Sync="TRUE">ESRI</attrdefs><attrdomv><udom Sync="TRUE">Sequential unique whole numbers that are automatically generated.</udom></attrdomv></attr><attr><attrlabl Sync="TRUE">Shape</attrlabl><attalias Sync="TRUE">Shape</attalias><attrtype Sync="TRUE">Geometry</attrtype><attwidth Sync="TRUE">0</attwidth><atprecis Sync="TRUE">0</atprecis><attscale Sync="TRUE">0</attscale><attrdef Sync="TRUE">Feature geometry.</attrdef><attrdefs Sync="TRUE">ESRI</attrdefs><attrdomv><udom Sync="TRUE">Coordinates defining the features.</udom></attrdomv></attr><attr><attrlabl Sync="TRUE">GRIDNUM</attrlabl><attalias Sync="TRUE">GRIDNUM</attalias><attrtype Sync="TRUE">String</attrtype><attwidth Sync="TRUE">10</attwidth><attrdef>Square Mile Grid Number</attrdef><attrdefs>CDFA (California Department of Food and Agriculture)</attrdefs></attr><attr><attrlabl Sync="TRUE">GRIDQUINT</attrlabl><attalias Sync="TRUE">GRIDQUINT</attalias><attrtype Sync="TRUE">String</attrtype><attwidth Sync="TRUE">2</attwidth><attrdef>Location of Portion within Square Mile</attrdef><attrdefs>CDFA (California Department of Food and Agriculture)</attrdefs></attr><attr><attrlabl Sync="TRUE">QUINTID</attrlabl><attalias Sync="TRUE">QUINTID</attalias><attrtype Sync="TRUE">String</attrtype><attwidth Sync="TRUE">12</attwidth><attrdef>Combination of Sq Mile and Location of Portion within Sq Mile</attrdef><attrdefs>CDFA (California Department of Food and Agriculture)</attrdefs></attr></detailed><overview/></eainfo><mdDateSt Sync="TRUE">20090212</mdDateSt><dataqual><lineage><procstep><procdesc Sync="TRUE">Metadata imported.</procdesc><srcused Sync="TRUE">C:\Documents and Settings\jtaylor3\My Documents\Temp\metadataNrsy.xml</srcused><procdate Sync="TRUE">20090121</procdate><proctime Sync="TRUE">09340100</proctime></procstep><procstep><procdesc Sync="TRUE">Metadata imported.</procdesc><srcused Sync="TRUE">C:\Documents and Settings\jtaylor3\My Documents\Temp\grid_metadata.xml</srcused><procdate Sync="TRUE">20090121</procdate><proctime Sync="TRUE">09444300</proctime></procstep><procstep><procdesc Sync="TRUE">Dataset copied.</procdesc><srcused Sync="TRUE"></srcused><procdate Sync="TRUE">20090211</procdate><proctime Sync="TRUE">09401300</proctime></procstep><procstep><procdesc Sync="TRUE">Dataset copied.</procdesc><srcused Sync="TRUE"></srcused><procdate Sync="TRUE">20090212</procdate><proctime Sync="TRUE">08513600</proctime></procstep></lineage></dataqual></metadata>
