<?xml version="1.0"?>
<!--<!DOCTYPE metadata SYSTEM "http://www.esri.com/metadata/esriprof80.dtd">-->
<metadata xml:lang="en"><Esri><CreaDate>20100304</CreaDate><CreaTime>09202100</CreaTime><SyncOnce>FALSE</SyncOnce><SyncDate>20100302</SyncDate><SyncTime>11340200</SyncTime><ModDate>20100302</ModDate><ModTime>11340200</ModTime><DataProperties><lineage><Process ToolSource="C:\Program Files\ArcGIS\ArcToolbox\Toolboxes\Conversion Tools.tbx\FeatureClassToFeatureClass" Date="20100302" Time="113415">FeatureClassToFeatureClass \\nas1\home\share\Review\Census\CENSUS_BLOCKGROUP_INCOME_EDU.shp "Database Connections\SANGIS@SANGIS.sde" CENSUS_BLOCKGROUP_INCOME_EDU # "CTBG 'CTBG' true true false 7 Long 0 7 ,First,#,\\nas1\home\share\Review\Census\CENSUS_BLOCKGROUP_INCOME_EDU.shp,CTBG,-1,-1;BLOCKGRPNO 'BLOCKGRPNO' true true false 11 Double 3 10 ,First,#,\\nas1\home\share\Review\Census\CENSUS_BLOCKGROUP_INCOME_EDU.shp,BLOCKGRPNO,-1,-1;POP_NOT_MA 'POP_NOT_MA' true true false 8 Long 0 8 ,First,#,\\nas1\home\share\Review\Census\CENSUS_BLOCKGROUP_INCOME_EDU.shp,POP_NOT_MA,-1,-1;POP_MARRIE 'POP_MARRIE' true true false 8 Long 0 8 ,First,#,\\nas1\home\share\Review\Census\CENSUS_BLOCKGROUP_INCOME_EDU.shp,POP_MARRIE,-1,-1;POP_SEPARA 'POP_SEPARA' true true false 8 Long 0 8 ,First,#,\\nas1\home\share\Review\Census\CENSUS_BLOCKGROUP_INCOME_EDU.shp,POP_SEPARA,-1,-1;POP_WIDOWE 'POP_WIDOWE' true true false 8 Long 0 8 ,First,#,\\nas1\home\share\Review\Census\CENSUS_BLOCKGROUP_INCOME_EDU.shp,POP_WIDOWE,-1,-1;POP_DIVORC 'POP_DIVORC' true true false 8 Long 0 8 ,First,#,\\nas1\home\share\Review\Census\CENSUS_BLOCKGROUP_INCOME_EDU.shp,POP_DIVORC,-1,-1;LANGUAGE_E 'LANGUAGE_E' true true false 8 Long 0 8 ,First,#,\\nas1\home\share\Review\Census\CENSUS_BLOCKGROUP_INCOME_EDU.shp,LANGUAGE_E,-1,-1;LANGUAGE_S 'LANGUAGE_S' true true false 8 Long 0 8 ,First,#,\\nas1\home\share\Review\Census\CENSUS_BLOCKGROUP_INCOME_EDU.shp,LANGUAGE_S,-1,-1;LANGUAGE_1 'LANGUAGE_1' true true false 8 Long 0 8 ,First,#,\\nas1\home\share\Review\Census\CENSUS_BLOCKGROUP_INCOME_EDU.shp,LANGUAGE_1,-1,-1;LANGUAGE_2 'LANGUAGE_2' true true false 8 Long 0 8 ,First,#,\\nas1\home\share\Review\Census\CENSUS_BLOCKGROUP_INCOME_EDU.shp,LANGUAGE_2,-1,-1;LANGUAGE_A 'LANGUAGE_A' true true false 8 Long 0 8 ,First,#,\\nas1\home\share\Review\Census\CENSUS_BLOCKGROUP_INCOME_EDU.shp,LANGUAGE_A,-1,-1;LANGUAGE_3 'LANGUAGE_3' true true false 8 Long 0 8 ,First,#,\\nas1\home\share\Review\Census\CENSUS_BLOCKGROUP_INCOME_EDU.shp,LANGUAGE_3,-1,-1;LANGUAGE_4 'LANGUAGE_4' true true false 8 Long 0 8 ,First,#,\\nas1\home\share\Review\Census\CENSUS_BLOCKGROUP_INCOME_EDU.shp,LANGUAGE_4,-1,-1;LANGUAGE_O 'LANGUAGE_O' true true false 8 Long 0 8 ,First,#,\\nas1\home\share\Review\Census\CENSUS_BLOCKGROUP_INCOME_EDU.shp,LANGUAGE_O,-1,-1;LANGUAGE_5 'LANGUAGE_5' true true false 8 Long 0 8 ,First,#,\\nas1\home\share\Review\Census\CENSUS_BLOCKGROUP_INCOME_EDU.shp,LANGUAGE_5,-1,-1;LANGUAGE_6 'LANGUAGE_6' true true false 8 Long 0 8 ,First,#,\\nas1\home\share\Review\Census\CENSUS_BLOCKGROUP_INCOME_EDU.shp,LANGUAGE_6,-1,-1;POP_DISABL 'POP_DISABL' true true false 8 Long 0 8 ,First,#,\\nas1\home\share\Review\Census\CENSUS_BLOCKGROUP_INCOME_EDU.shp,POP_DISABL,-1,-1;POP_NOT_DI 'POP_NOT_DI' true true false 8 Long 0 8 ,First,#,\\nas1\home\share\Review\Census\CENSUS_BLOCKGROUP_INCOME_EDU.shp,POP_NOT_DI,-1,-1;RENT_OCCUP 'RENT_OCCUP' true true false 7 Long 0 7 ,First,#,\\nas1\home\share\Review\Census\CENSUS_BLOCKGROUP_INCOME_EDU.shp,RENT_OCCUP,-1,-1;RENT_LESS_ 'RENT_LESS_' true true false 7 Long 0 7 ,First,#,\\nas1\home\share\Review\Census\CENSUS_BLOCKGROUP_INCOME_EDU.shp,RENT_LESS_,-1,-1;RENT_500_T 'RENT_500_T' true true false 7 Long 0 7 ,First,#,\\nas1\home\share\Review\Census\CENSUS_BLOCKGROUP_INCOME_EDU.shp,RENT_500_T,-1,-1;RENT_600_T 'RENT_600_T' true true false 7 Long 0 7 ,First,#,\\nas1\home\share\Review\Census\CENSUS_BLOCKGROUP_INCOME_EDU.shp,RENT_600_T,-1,-1;RENT_700_T 'RENT_700_T' true true false 7 Long 0 7 ,First,#,\\nas1\home\share\Review\Census\CENSUS_BLOCKGROUP_INCOME_EDU.shp,RENT_700_T,-1,-1;RENT_800_T 'RENT_800_T' true true false 7 Long 0 7 ,First,#,\\nas1\home\share\Review\Census\CENSUS_BLOCKGROUP_INCOME_EDU.shp,RENT_800_T,-1,-1;RENT_900_T 'RENT_900_T' true true false 7 Long 0 7 ,First,#,\\nas1\home\share\Review\Census\CENSUS_BLOCKGROUP_INCOME_EDU.shp,RENT_900_T,-1,-1;RENT_1000_ 'RENT_1000_' true true false 7 Long 0 7 ,First,#,\\nas1\home\share\Review\Census\CENSUS_BLOCKGROUP_INCOME_EDU.shp,RENT_1000_,-1,-1;RENT_1250_ 'RENT_1250_' true true false 7 Long 0 7 ,First,#,\\nas1\home\share\Review\Census\CENSUS_BLOCKGROUP_INCOME_EDU.shp,RENT_1250_,-1,-1;RENT_1500_ 'RENT_1500_' true true false 7 Long 0 7 ,First,#,\\nas1\home\share\Review\Census\CENSUS_BLOCKGROUP_INCOME_EDU.shp,RENT_1500_,-1,-1;RENT_2000_ 'RENT_2000_' true true false 7 Long 0 7 ,First,#,\\nas1\home\share\Review\Census\CENSUS_BLOCKGROUP_INCOME_EDU.shp,RENT_2000_,-1,-1;RENT_NO_CA 'RENT_NO_CA' true true false 7 Long 0 7 ,First,#,\\nas1\home\share\Review\Census\CENSUS_BLOCKGROUP_INCOME_EDU.shp,RENT_NO_CA,-1,-1;RENT_LESS1 'RENT_LESS1' true true false 7 Long 0 7 ,First,#,\\nas1\home\share\Review\Census\CENSUS_BLOCKGROUP_INCOME_EDU.shp,RENT_LESS1,-1,-1;RENT_20_TO 'RENT_20_TO' true true false 7 Long 0 7 ,First,#,\\nas1\home\share\Review\Census\CENSUS_BLOCKGROUP_INCOME_EDU.shp,RENT_20_TO,-1,-1;RENT_25_TO 'RENT_25_TO' true true false 7 Long 0 7 ,First,#,\\nas1\home\share\Review\Census\CENSUS_BLOCKGROUP_INCOME_EDU.shp,RENT_25_TO,-1,-1;RENT_30_TO 'RENT_30_TO' true true false 7 Long 0 7 ,First,#,\\nas1\home\share\Review\Census\CENSUS_BLOCKGROUP_INCOME_EDU.shp,RENT_30_TO,-1,-1;RENT_35_TO 'RENT_35_TO' true true false 7 Long 0 7 ,First,#,\\nas1\home\share\Review\Census\CENSUS_BLOCKGROUP_INCOME_EDU.shp,RENT_35_TO,-1,-1;RENT_40_TO 'RENT_40_TO' true true false 7 Long 0 7 ,First,#,\\nas1\home\share\Review\Census\CENSUS_BLOCKGROUP_INCOME_EDU.shp,RENT_40_TO,-1,-1;RENT_50_OR 'RENT_50_OR' true true false 7 Long 0 7 ,First,#,\\nas1\home\share\Review\Census\CENSUS_BLOCKGROUP_INCOME_EDU.shp,RENT_50_OR,-1,-1;RENT_NOT_C 'RENT_NOT_C' true true false 7 Long 0 7 ,First,#,\\nas1\home\share\Review\Census\CENSUS_BLOCKGROUP_INCOME_EDU.shp,RENT_NOT_C,-1,-1;OCC_ALL 'OCC_ALL' true true false 7 Long 0 7 ,First,#,\\nas1\home\share\Review\Census\CENSUS_BLOCKGROUP_INCOME_EDU.shp,OCC_ALL,-1,-1;OCC_TOTAL_ 'OCC_TOTAL_' true true false 7 Long 0 7 ,First,#,\\nas1\home\share\Review\Census\CENSUS_BLOCKGROUP_INCOME_EDU.shp,OCC_TOTAL_,-1,-1;OCC_MANAGE 'OCC_MANAGE' true true false 7 Long 0 7 ,First,#,\\nas1\home\share\Review\Census\CENSUS_BLOCKGROUP_INCOME_EDU.shp,OCC_MANAGE,-1,-1;OCC_MGMT_B 'OCC_MGMT_B' true true false 7 Long 0 7 ,First,#,\\nas1\home\share\Review\Census\CENSUS_BLOCKGROUP_INCOME_EDU.shp,OCC_MGMT_B,-1,-1;OCC_MGMT_C 'OCC_MGMT_C' true true false 7 Long 0 7 ,First,#,\\nas1\home\share\Review\Census\CENSUS_BLOCKGROUP_INCOME_EDU.shp,OCC_MGMT_C,-1,-1;OCC_MGMT_A 'OCC_MGMT_A' true true false 7 Long 0 7 ,First,#,\\nas1\home\share\Review\Census\CENSUS_BLOCKGROUP_INCOME_EDU.shp,OCC_MGMT_A,-1,-1;OCC_MGMT_S 'OCC_MGMT_S' true true false 7 Long 0 7 ,First,#,\\nas1\home\share\Review\Census\CENSUS_BLOCKGROUP_INCOME_EDU.shp,OCC_MGMT_S,-1,-1;OCC_MGMT_1 'OCC_MGMT_1' true true false 7 Long 0 7 ,First,#,\\nas1\home\share\Review\Census\CENSUS_BLOCKGROUP_INCOME_EDU.shp,OCC_MGMT_1,-1,-1;OCC_MGMT_L 'OCC_MGMT_L' true true false 7 Long 0 7 ,First,#,\\nas1\home\share\Review\Census\CENSUS_BLOCKGROUP_INCOME_EDU.shp,OCC_MGMT_L,-1,-1;OCC_MGMT_E 'OCC_MGMT_E' true true false 7 Long 0 7 ,First,#,\\nas1\home\share\Review\Census\CENSUS_BLOCKGROUP_INCOME_EDU.shp,OCC_MGMT_E,-1,-1;OCC_MGMT_2 'OCC_MGMT_2' true true false 7 Long 0 7 ,First,#,\\nas1\home\share\Review\Census\CENSUS_BLOCKGROUP_INCOME_EDU.shp,OCC_MGMT_2,-1,-1;OCC_MGMT_H 'OCC_MGMT_H' true true false 7 Long 0 7 ,First,#,\\nas1\home\share\Review\Census\CENSUS_BLOCKGROUP_INCOME_EDU.shp,OCC_MGMT_H,-1,-1;OCC_TOTAL1 'OCC_TOTAL1' true true false 7 Long 0 7 ,First,#,\\nas1\home\share\Review\Census\CENSUS_BLOCKGROUP_INCOME_EDU.shp,OCC_TOTAL1,-1,-1;OCC_SERV_H 'OCC_SERV_H' true true false 7 Long 0 7 ,First,#,\\nas1\home\share\Review\Census\CENSUS_BLOCKGROUP_INCOME_EDU.shp,OCC_SERV_H,-1,-1;OCC_SERV_P 'OCC_SERV_P' true true false 7 Long 0 7 ,First,#,\\nas1\home\share\Review\Census\CENSUS_BLOCKGROUP_INCOME_EDU.shp,OCC_SERV_P,-1,-1;OCC_SERV_F 'OCC_SERV_F' true true false 7 Long 0 7 ,First,#,\\nas1\home\share\Review\Census\CENSUS_BLOCKGROUP_INCOME_EDU.shp,OCC_SERV_F,-1,-1;OCC_SERV_B 'OCC_SERV_B' true true false 7 Long 0 7 ,First,#,\\nas1\home\share\Review\Census\CENSUS_BLOCKGROUP_INCOME_EDU.shp,OCC_SERV_B,-1,-1;OCC_SERV_1 'OCC_SERV_1' true true false 7 Long 0 7 ,First,#,\\nas1\home\share\Review\Census\CENSUS_BLOCKGROUP_INCOME_EDU.shp,OCC_SERV_1,-1,-1;OCC_SALES_ 'OCC_SALES_' true true false 7 Long 0 7 ,First,#,\\nas1\home\share\Review\Census\CENSUS_BLOCKGROUP_INCOME_EDU.shp,OCC_SALES_,-1,-1;OCC_FARM_F 'OCC_FARM_F' true true false 7 Long 0 7 ,First,#,\\nas1\home\share\Review\Census\CENSUS_BLOCKGROUP_INCOME_EDU.shp,OCC_FARM_F,-1,-1;OCC_CONSTR 'OCC_CONSTR' true true false 7 Long 0 7 ,First,#,\\nas1\home\share\Review\Census\CENSUS_BLOCKGROUP_INCOME_EDU.shp,OCC_CONSTR,-1,-1;OCC_PROD_T 'OCC_PROD_T' true true false 7 Long 0 7 ,First,#,\\nas1\home\share\Review\Census\CENSUS_BLOCKGROUP_INCOME_EDU.shp,OCC_PROD_T,-1,-1;OCC_ALL_IN 'OCC_ALL_IN' true true false 7 Long 0 7 ,First,#,\\nas1\home\share\Review\Census\CENSUS_BLOCKGROUP_INCOME_EDU.shp,OCC_ALL_IN,-1,-1;OCC_AGRICU 'OCC_AGRICU' true true false 7 Long 0 7 ,First,#,\\nas1\home\share\Review\Census\CENSUS_BLOCKGROUP_INCOME_EDU.shp,OCC_AGRICU,-1,-1;OCC_UTILIT 'OCC_UTILIT' true true false 7 Long 0 7 ,First,#,\\nas1\home\share\Review\Census\CENSUS_BLOCKGROUP_INCOME_EDU.shp,OCC_UTILIT,-1,-1;OCC_CONS_1 'OCC_CONS_1' true true false 7 Long 0 7 ,First,#,\\nas1\home\share\Review\Census\CENSUS_BLOCKGROUP_INCOME_EDU.shp,OCC_CONS_1,-1,-1;OCC_MANUFA 'OCC_MANUFA' true true false 7 Long 0 7 ,First,#,\\nas1\home\share\Review\Census\CENSUS_BLOCKGROUP_INCOME_EDU.shp,OCC_MANUFA,-1,-1;OCC_WHOLES 'OCC_WHOLES' true true false 7 Long 0 7 ,First,#,\\nas1\home\share\Review\Census\CENSUS_BLOCKGROUP_INCOME_EDU.shp,OCC_WHOLES,-1,-1;OCC_RETAIL 'OCC_RETAIL' true true false 7 Long 0 7 ,First,#,\\nas1\home\share\Review\Census\CENSUS_BLOCKGROUP_INCOME_EDU.shp,OCC_RETAIL,-1,-1;OCC_TRANS_ 'OCC_TRANS_' true true false 7 Long 0 7 ,First,#,\\nas1\home\share\Review\Census\CENSUS_BLOCKGROUP_INCOME_EDU.shp,OCC_TRANS_,-1,-1;OCC_INFO_C 'OCC_INFO_C' true true false 7 Long 0 7 ,First,#,\\nas1\home\share\Review\Census\CENSUS_BLOCKGROUP_INCOME_EDU.shp,OCC_INFO_C,-1,-1;OCC_FIN_IN 'OCC_FIN_IN' true true false 7 Long 0 7 ,First,#,\\nas1\home\share\Review\Census\CENSUS_BLOCKGROUP_INCOME_EDU.shp,OCC_FIN_IN,-1,-1;OCC_PROF_S 'OCC_PROF_S' true true false 7 Long 0 7 ,First,#,\\nas1\home\share\Review\Census\CENSUS_BLOCKGROUP_INCOME_EDU.shp,OCC_PROF_S,-1,-1;OCC_EDUC_S 'OCC_EDUC_S' true true false 7 Long 0 7 ,First,#,\\nas1\home\share\Review\Census\CENSUS_BLOCKGROUP_INCOME_EDU.shp,OCC_EDUC_S,-1,-1;OCC_ARTS_E 'OCC_ARTS_E' true true false 7 Long 0 7 ,First,#,\\nas1\home\share\Review\Census\CENSUS_BLOCKGROUP_INCOME_EDU.shp,OCC_ARTS_E,-1,-1;OCC_OTHER_ 'OCC_OTHER_' true true false 7 Long 0 7 ,First,#,\\nas1\home\share\Review\Census\CENSUS_BLOCKGROUP_INCOME_EDU.shp,OCC_OTHER_,-1,-1;OCC_PUBLIC 'OCC_PUBLIC' true true false 7 Long 0 7 ,First,#,\\nas1\home\share\Review\Census\CENSUS_BLOCKGROUP_INCOME_EDU.shp,OCC_PUBLIC,-1,-1;LABOR_TOTA 'LABOR_TOTA' true true false 7 Long 0 7 ,First,#,\\nas1\home\share\Review\Census\CENSUS_BLOCKGROUP_INCOME_EDU.shp,LABOR_TOTA,-1,-1;LABOR_IN_W 'LABOR_IN_W' true true false 7 Long 0 7 ,First,#,\\nas1\home\share\Review\Census\CENSUS_BLOCKGROUP_INCOME_EDU.shp,LABOR_IN_W,-1,-1;LABOR_ARME 'LABOR_ARME' true true false 7 Long 0 7 ,First,#,\\nas1\home\share\Review\Census\CENSUS_BLOCKGROUP_INCOME_EDU.shp,LABOR_ARME,-1,-1;LABOR_CIVI 'LABOR_CIVI' true true false 7 Long 0 7 ,First,#,\\nas1\home\share\Review\Census\CENSUS_BLOCKGROUP_INCOME_EDU.shp,LABOR_CIVI,-1,-1;LABOR_CI_1 'LABOR_CI_1' true true false 7 Long 0 7 ,First,#,\\nas1\home\share\Review\Census\CENSUS_BLOCKGROUP_INCOME_EDU.shp,LABOR_CI_1,-1,-1;LABOR_NOT_ 'LABOR_NOT_' true true false 7 Long 0 7 ,First,#,\\nas1\home\share\Review\Census\CENSUS_BLOCKGROUP_INCOME_EDU.shp,LABOR_NOT_,-1,-1;LABOR_MALE 'LABOR_MALE' true true false 7 Long 0 7 ,First,#,\\nas1\home\share\Review\Census\CENSUS_BLOCKGROUP_INCOME_EDU.shp,LABOR_MALE,-1,-1;LABOR_MA_1 'LABOR_MA_1' true true false 7 Long 0 7 ,First,#,\\nas1\home\share\Review\Census\CENSUS_BLOCKGROUP_INCOME_EDU.shp,LABOR_MA_1,-1,-1;LABOR_MA_2 'LABOR_MA_2' true true false 7 Long 0 7 ,First,#,\\nas1\home\share\Review\Census\CENSUS_BLOCKGROUP_INCOME_EDU.shp,LABOR_MA_2,-1,-1;LABOR_MA_3 'LABOR_MA_3' true true false 7 Long 0 7 ,First,#,\\nas1\home\share\Review\Census\CENSUS_BLOCKGROUP_INCOME_EDU.shp,LABOR_MA_3,-1,-1;LABOR_MA_4 'LABOR_MA_4' true true false 7 Long 0 7 ,First,#,\\nas1\home\share\Review\Census\CENSUS_BLOCKGROUP_INCOME_EDU.shp,LABOR_MA_4,-1,-1;LABOR_MA_5 'LABOR_MA_5' true true false 7 Long 0 7 ,First,#,\\nas1\home\share\Review\Census\CENSUS_BLOCKGROUP_INCOME_EDU.shp,LABOR_MA_5,-1,-1;LABOR_FEMA 'LABOR_FEMA' true true false 7 Long 0 7 ,First,#,\\nas1\home\share\Review\Census\CENSUS_BLOCKGROUP_INCOME_EDU.shp,LABOR_FEMA,-1,-1;LABOR_FE_1 'LABOR_FE_1' true true false 7 Long 0 7 ,First,#,\\nas1\home\share\Review\Census\CENSUS_BLOCKGROUP_INCOME_EDU.shp,LABOR_FE_1,-1,-1;LABOR_FE_2 'LABOR_FE_2' true true false 7 Long 0 7 ,First,#,\\nas1\home\share\Review\Census\CENSUS_BLOCKGROUP_INCOME_EDU.shp,LABOR_FE_2,-1,-1;LABOR_FE_3 'LABOR_FE_3' true true false 7 Long 0 7 ,First,#,\\nas1\home\share\Review\Census\CENSUS_BLOCKGROUP_INCOME_EDU.shp,LABOR_FE_3,-1,-1;LABOR_FE_4 'LABOR_FE_4' true true false 7 Long 0 7 ,First,#,\\nas1\home\share\Review\Census\CENSUS_BLOCKGROUP_INCOME_EDU.shp,LABOR_FE_4,-1,-1;LABOR_FE_5 'LABOR_FE_5' true true false 7 Long 0 7 ,First,#,\\nas1\home\share\Review\Census\CENSUS_BLOCKGROUP_INCOME_EDU.shp,LABOR_FE_5,-1,-1;EMPLOYED_W 'EMPLOYED_W' true true false 7 Long 0 7 ,First,#,\\nas1\home\share\Review\Census\CENSUS_BLOCKGROUP_INCOME_EDU.shp,EMPLOYED_W,-1,-1;EMPLOYED_I 'EMPLOYED_I' true true false 7 Long 0 7 ,First,#,\\nas1\home\share\Review\Census\CENSUS_BLOCKGROUP_INCOME_EDU.shp,EMPLOYED_I,-1,-1;EMPLOYED_1 'EMPLOYED_1' true true false 7 Long 0 7 ,First,#,\\nas1\home\share\Review\Census\CENSUS_BLOCKGROUP_INCOME_EDU.shp,EMPLOYED_1,-1,-1;EMPLOYED_O 'EMPLOYED_O' true true false 7 Long 0 7 ,First,#,\\nas1\home\share\Review\Census\CENSUS_BLOCKGROUP_INCOME_EDU.shp,EMPLOYED_O,-1,-1;EMPLOYED_2 'EMPLOYED_2' true true false 7 Long 0 7 ,First,#,\\nas1\home\share\Review\Census\CENSUS_BLOCKGROUP_INCOME_EDU.shp,EMPLOYED_2,-1,-1;COMMUTE_CA 'COMMUTE_CA' true true false 7 Long 0 7 ,First,#,\\nas1\home\share\Review\Census\CENSUS_BLOCKGROUP_INCOME_EDU.shp,COMMUTE_CA,-1,-1;COMMUTE__1 'COMMUTE__1' true true false 7 Long 0 7 ,First,#,\\nas1\home\share\Review\Census\CENSUS_BLOCKGROUP_INCOME_EDU.shp,COMMUTE__1,-1,-1;COMMUTE__2 'COMMUTE__2' true true false 7 Long 0 7 ,First,#,\\nas1\home\share\Review\Census\CENSUS_BLOCKGROUP_INCOME_EDU.shp,COMMUTE__2,-1,-1;COMMUTE_PU 'COMMUTE_PU' true true false 7 Long 0 7 ,First,#,\\nas1\home\share\Review\Census\CENSUS_BLOCKGROUP_INCOME_EDU.shp,COMMUTE_PU,-1,-1;COMMUTE_BU 'COMMUTE_BU' true true false 7 Long 0 7 ,First,#,\\nas1\home\share\Review\Census\CENSUS_BLOCKGROUP_INCOME_EDU.shp,COMMUTE_BU,-1,-1;COMMUTE_TR 'COMMUTE_TR' true true false 7 Long 0 7 ,First,#,\\nas1\home\share\Review\Census\CENSUS_BLOCKGROUP_INCOME_EDU.shp,COMMUTE_TR,-1,-1;COMMUTE_RA 'COMMUTE_RA' true true false 7 Long 0 7 ,First,#,\\nas1\home\share\Review\Census\CENSUS_BLOCKGROUP_INCOME_EDU.shp,COMMUTE_RA,-1,-1;COMMUTE_OT 'COMMUTE_OT' true true false 7 Long 0 7 ,First,#,\\nas1\home\share\Review\Census\CENSUS_BLOCKGROUP_INCOME_EDU.shp,COMMUTE_OT,-1,-1;COMMUTE_MO 'COMMUTE_MO' true true false 7 Long 0 7 ,First,#,\\nas1\home\share\Review\Census\CENSUS_BLOCKGROUP_INCOME_EDU.shp,COMMUTE_MO,-1,-1;COMMUTE_BI 'COMMUTE_BI' true true false 7 Long 0 7 ,First,#,\\nas1\home\share\Review\Census\CENSUS_BLOCKGROUP_INCOME_EDU.shp,COMMUTE_BI,-1,-1;COMMUTE_WA 'COMMUTE_WA' true true false 7 Long 0 7 ,First,#,\\nas1\home\share\Review\Census\CENSUS_BLOCKGROUP_INCOME_EDU.shp,COMMUTE_WA,-1,-1;COMMUTE__3 'COMMUTE__3' true true false 7 Long 0 7 ,First,#,\\nas1\home\share\Review\Census\CENSUS_BLOCKGROUP_INCOME_EDU.shp,COMMUTE__3,-1,-1;COMMUTE_WO 'COMMUTE_WO' true true false 7 Long 0 7 ,First,#,\\nas1\home\share\Review\Census\CENSUS_BLOCKGROUP_INCOME_EDU.shp,COMMUTE_WO,-1,-1;COMMUTE_TO 'COMMUTE_TO' true true false 7 Long 0 7 ,First,#,\\nas1\home\share\Review\Census\CENSUS_BLOCKGROUP_INCOME_EDU.shp,COMMUTE_TO,-1,-1;COMMUTE_LE 'COMMUTE_LE' true true false 7 Long 0 7 ,First,#,\\nas1\home\share\Review\Census\CENSUS_BLOCKGROUP_INCOME_EDU.shp,COMMUTE_LE,-1,-1;COMMUTE_10 'COMMUTE_10' true true false 7 Long 0 7 ,First,#,\\nas1\home\share\Review\Census\CENSUS_BLOCKGROUP_INCOME_EDU.shp,COMMUTE_10,-1,-1;COMMUTE_20 'COMMUTE_20' true true false 7 Long 0 7 ,First,#,\\nas1\home\share\Review\Census\CENSUS_BLOCKGROUP_INCOME_EDU.shp,COMMUTE_20,-1,-1;COMMUTE_30 'COMMUTE_30' true true false 7 Long 0 7 ,First,#,\\nas1\home\share\Review\Census\CENSUS_BLOCKGROUP_INCOME_EDU.shp,COMMUTE_30,-1,-1;COMMUTE_45 'COMMUTE_45' true true false 7 Long 0 7 ,First,#,\\nas1\home\share\Review\Census\CENSUS_BLOCKGROUP_INCOME_EDU.shp,COMMUTE_45,-1,-1;COMMUTE_60 'COMMUTE_60' true true false 7 Long 0 7 ,First,#,\\nas1\home\share\Review\Census\CENSUS_BLOCKGROUP_INCOME_EDU.shp,COMMUTE_60,-1,-1;COMMUTE_90 'COMMUTE_90' true true false 7 Long 0 7 ,First,#,\\nas1\home\share\Review\Census\CENSUS_BLOCKGROUP_INCOME_EDU.shp,COMMUTE_90,-1,-1;INCOME_ALL 'INCOME_ALL' true true false 7 Long 0 7 ,First,#,\\nas1\home\share\Review\Census\CENSUS_BLOCKGROUP_INCOME_EDU.shp,INCOME_ALL,-1,-1;INCOME_LES 'INCOME_LES' true true false 7 Long 0 7 ,First,#,\\nas1\home\share\Review\Census\CENSUS_BLOCKGROUP_INCOME_EDU.shp,INCOME_LES,-1,-1;INCOME_10K 'INCOME_10K' true true false 7 Long 0 7 ,First,#,\\nas1\home\share\Review\Census\CENSUS_BLOCKGROUP_INCOME_EDU.shp,INCOME_10K,-1,-1;INCOME_15K 'INCOME_15K' true true false 7 Long 0 7 ,First,#,\\nas1\home\share\Review\Census\CENSUS_BLOCKGROUP_INCOME_EDU.shp,INCOME_15K,-1,-1;INCOME_20K 'INCOME_20K' true true false 7 Long 0 7 ,First,#,\\nas1\home\share\Review\Census\CENSUS_BLOCKGROUP_INCOME_EDU.shp,INCOME_20K,-1,-1;INCOME_25K 'INCOME_25K' true true false 7 Long 0 7 ,First,#,\\nas1\home\share\Review\Census\CENSUS_BLOCKGROUP_INCOME_EDU.shp,INCOME_25K,-1,-1;INCOME_30K 'INCOME_30K' true true false 7 Long 0 7 ,First,#,\\nas1\home\share\Review\Census\CENSUS_BLOCKGROUP_INCOME_EDU.shp,INCOME_30K,-1,-1;INCOME_35K 'INCOME_35K' true true false 7 Long 0 7 ,First,#,\\nas1\home\share\Review\Census\CENSUS_BLOCKGROUP_INCOME_EDU.shp,INCOME_35K,-1,-1;INCOME_40K 'INCOME_40K' true true false 7 Long 0 7 ,First,#,\\nas1\home\share\Review\Census\CENSUS_BLOCKGROUP_INCOME_EDU.shp,INCOME_40K,-1,-1;INCOME_45K 'INCOME_45K' true true false 7 Long 0 7 ,First,#,\\nas1\home\share\Review\Census\CENSUS_BLOCKGROUP_INCOME_EDU.shp,INCOME_45K,-1,-1;INCOME_50K 'INCOME_50K' true true false 7 Long 0 7 ,First,#,\\nas1\home\share\Review\Census\CENSUS_BLOCKGROUP_INCOME_EDU.shp,INCOME_50K,-1,-1;INCOME_60K 'INCOME_60K' true true false 7 Long 0 7 ,First,#,\\nas1\home\share\Review\Census\CENSUS_BLOCKGROUP_INCOME_EDU.shp,INCOME_60K,-1,-1;INCOME_75K 'INCOME_75K' true true false 7 Long 0 7 ,First,#,\\nas1\home\share\Review\Census\CENSUS_BLOCKGROUP_INCOME_EDU.shp,INCOME_75K,-1,-1;INCOME_100 'INCOME_100' true true false 7 Long 0 7 ,First,#,\\nas1\home\share\Review\Census\CENSUS_BLOCKGROUP_INCOME_EDU.shp,INCOME_100,-1,-1;INCOME_125 'INCOME_125' true true false 7 Long 0 7 ,First,#,\\nas1\home\share\Review\Census\CENSUS_BLOCKGROUP_INCOME_EDU.shp,INCOME_125,-1,-1;INCOME_150 'INCOME_150' true true false 7 Long 0 7 ,First,#,\\nas1\home\share\Review\Census\CENSUS_BLOCKGROUP_INCOME_EDU.shp,INCOME_150,-1,-1;INCOME_200 'INCOME_200' true true false 7 Long 0 7 ,First,#,\\nas1\home\share\Review\Census\CENSUS_BLOCKGROUP_INCOME_EDU.shp,INCOME_200,-1,-1;FAM_ABOVE_ 'FAM_ABOVE_' true true false 7 Long 0 7 ,First,#,\\nas1\home\share\Review\Census\CENSUS_BLOCKGROUP_INCOME_EDU.shp,FAM_ABOVE_,-1,-1;FAM_ABOVE1 'FAM_ABOVE1' true true false 7 Long 0 7 ,First,#,\\nas1\home\share\Review\Census\CENSUS_BLOCKGROUP_INCOME_EDU.shp,FAM_ABOVE1,-1,-1;FAM_ABOV_1 'FAM_ABOV_1' true true false 7 Long 0 7 ,First,#,\\nas1\home\share\Review\Census\CENSUS_BLOCKGROUP_INCOME_EDU.shp,FAM_ABOV_1,-1,-1;FAM_ABOV_2 'FAM_ABOV_2' true true false 7 Long 0 7 ,First,#,\\nas1\home\share\Review\Census\CENSUS_BLOCKGROUP_INCOME_EDU.shp,FAM_ABOV_2,-1,-1;FAM_ABOV_3 'FAM_ABOV_3' true true false 7 Long 0 7 ,First,#,\\nas1\home\share\Review\Census\CENSUS_BLOCKGROUP_INCOME_EDU.shp,FAM_ABOV_3,-1,-1;FAM_ABOV_4 'FAM_ABOV_4' true true false 7 Long 0 7 ,First,#,\\nas1\home\share\Review\Census\CENSUS_BLOCKGROUP_INCOME_EDU.shp,FAM_ABOV_4,-1,-1;FAM_ABOV_5 'FAM_ABOV_5' true true false 7 Long 0 7 ,First,#,\\nas1\home\share\Review\Census\CENSUS_BLOCKGROUP_INCOME_EDU.shp,FAM_ABOV_5,-1,-1;FAM_ABOV_6 'FAM_ABOV_6' true true false 7 Long 0 7 ,First,#,\\nas1\home\share\Review\Census\CENSUS_BLOCKGROUP_INCOME_EDU.shp,FAM_ABOV_6,-1,-1;FAM_ABOV_7 'FAM_ABOV_7' true true false 7 Long 0 7 ,First,#,\\nas1\home\share\Review\Census\CENSUS_BLOCKGROUP_INCOME_EDU.shp,FAM_ABOV_7,-1,-1;FAM_ABOV_8 'FAM_ABOV_8' true true false 7 Long 0 7 ,First,#,\\nas1\home\share\Review\Census\CENSUS_BLOCKGROUP_INCOME_EDU.shp,FAM_ABOV_8,-1,-1;FAM_ABOV_9 'FAM_ABOV_9' true true false 7 Long 0 7 ,First,#,\\nas1\home\share\Review\Census\CENSUS_BLOCKGROUP_INCOME_EDU.shp,FAM_ABOV_9,-1,-1;FAM_ABO_10 'FAM_ABO_10' true true false 7 Long 0 7 ,First,#,\\nas1\home\share\Review\Census\CENSUS_BLOCKGROUP_INCOME_EDU.shp,FAM_ABO_10,-1,-1;FAM_BELOW_ 'FAM_BELOW_' true true false 7 Long 0 7 ,First,#,\\nas1\home\share\Review\Census\CENSUS_BLOCKGROUP_INCOME_EDU.shp,FAM_BELOW_,-1,-1;FAM_BELOW1 'FAM_BELOW1' true true false 7 Long 0 7 ,First,#,\\nas1\home\share\Review\Census\CENSUS_BLOCKGROUP_INCOME_EDU.shp,FAM_BELOW1,-1,-1;FAM_BELO_1 'FAM_BELO_1' true true false 7 Long 0 7 ,First,#,\\nas1\home\share\Review\Census\CENSUS_BLOCKGROUP_INCOME_EDU.shp,FAM_BELO_1,-1,-1;FAM_BELO_2 'FAM_BELO_2' true true false 7 Long 0 7 ,First,#,\\nas1\home\share\Review\Census\CENSUS_BLOCKGROUP_INCOME_EDU.shp,FAM_BELO_2,-1,-1;FAM_BELO_3 'FAM_BELO_3' true true false 7 Long 0 7 ,First,#,\\nas1\home\share\Review\Census\CENSUS_BLOCKGROUP_INCOME_EDU.shp,FAM_BELO_3,-1,-1;FAM_BELO_4 'FAM_BELO_4' true true false 7 Long 0 7 ,First,#,\\nas1\home\share\Review\Census\CENSUS_BLOCKGROUP_INCOME_EDU.shp,FAM_BELO_4,-1,-1;FAM_BELO_5 'FAM_BELO_5' true true false 7 Long 0 7 ,First,#,\\nas1\home\share\Review\Census\CENSUS_BLOCKGROUP_INCOME_EDU.shp,FAM_BELO_5,-1,-1;FAM_BELO_6 'FAM_BELO_6' true true false 7 Long 0 7 ,First,#,\\nas1\home\share\Review\Census\CENSUS_BLOCKGROUP_INCOME_EDU.shp,FAM_BELO_6,-1,-1;FAM_BELO_7 'FAM_BELO_7' true true false 7 Long 0 7 ,First,#,\\nas1\home\share\Review\Census\CENSUS_BLOCKGROUP_INCOME_EDU.shp,FAM_BELO_7,-1,-1;FAM_BELO_8 'FAM_BELO_8' true true false 7 Long 0 7 ,First,#,\\nas1\home\share\Review\Census\CENSUS_BLOCKGROUP_INCOME_EDU.shp,FAM_BELO_8,-1,-1;FAM_BELO_9 'FAM_BELO_9' true true false 7 Long 0 7 ,First,#,\\nas1\home\share\Review\Census\CENSUS_BLOCKGROUP_INCOME_EDU.shp,FAM_BELO_9,-1,-1;FAM_BEL_10 'FAM_BEL_10' true true false 7 Long 0 7 ,First,#,\\nas1\home\share\Review\Census\CENSUS_BLOCKGROUP_INCOME_EDU.shp,FAM_BEL_10,-1,-1;POP_POVERT 'POP_POVERT' true true false 7 Long 0 7 ,First,#,\\nas1\home\share\Review\Census\CENSUS_BLOCKGROUP_INCOME_EDU.shp,POP_POVERT,-1,-1;INCOME_50_ 'INCOME_50_' true true false 7 Long 0 7 ,First,#,\\nas1\home\share\Review\Census\CENSUS_BLOCKGROUP_INCOME_EDU.shp,INCOME_50_,-1,-1;INCOME_501 'INCOME_501' true true false 7 Long 0 7 ,First,#,\\nas1\home\share\Review\Census\CENSUS_BLOCKGROUP_INCOME_EDU.shp,INCOME_501,-1,-1;INCOME_75_ 'INCOME_75_' true true false 7 Long 0 7 ,First,#,\\nas1\home\share\Review\Census\CENSUS_BLOCKGROUP_INCOME_EDU.shp,INCOME_75_,-1,-1;INCOME_101 'INCOME_101' true true false 7 Long 0 7 ,First,#,\\nas1\home\share\Review\Census\CENSUS_BLOCKGROUP_INCOME_EDU.shp,INCOME_101,-1,-1;INCOME_126 'INCOME_126' true true false 7 Long 0 7 ,First,#,\\nas1\home\share\Review\Census\CENSUS_BLOCKGROUP_INCOME_EDU.shp,INCOME_126,-1,-1;INCOME_151 'INCOME_151' true true false 7 Long 0 7 ,First,#,\\nas1\home\share\Review\Census\CENSUS_BLOCKGROUP_INCOME_EDU.shp,INCOME_151,-1,-1;INCOME_201 'INCOME_201' true true false 7 Long 0 7 ,First,#,\\nas1\home\share\Review\Census\CENSUS_BLOCKGROUP_INCOME_EDU.shp,INCOME_201,-1,-1;EDU_ALL_3_ 'EDU_ALL_3_' true true false 7 Long 0 7 ,First,#,\\nas1\home\share\Review\Census\CENSUS_BLOCKGROUP_INCOME_EDU.shp,EDU_ALL_3_,-1,-1;EDU_PRESCH 'EDU_PRESCH' true true false 7 Long 0 7 ,First,#,\\nas1\home\share\Review\Census\CENSUS_BLOCKGROUP_INCOME_EDU.shp,EDU_PRESCH,-1,-1;EDU_ELEM_S 'EDU_ELEM_S' true true false 7 Long 0 7 ,First,#,\\nas1\home\share\Review\Census\CENSUS_BLOCKGROUP_INCOME_EDU.shp,EDU_ELEM_S,-1,-1;EDU_MID_SC 'EDU_MID_SC' true true false 7 Long 0 7 ,First,#,\\nas1\home\share\Review\Census\CENSUS_BLOCKGROUP_INCOME_EDU.shp,EDU_MID_SC,-1,-1;EDU_HIGH_S 'EDU_HIGH_S' true true false 7 Long 0 7 ,First,#,\\nas1\home\share\Review\Census\CENSUS_BLOCKGROUP_INCOME_EDU.shp,EDU_HIGH_S,-1,-1;EDU_COLLEG 'EDU_COLLEG' true true false 7 Long 0 7 ,First,#,\\nas1\home\share\Review\Census\CENSUS_BLOCKGROUP_INCOME_EDU.shp,EDU_COLLEG,-1,-1;EDU_GRAD_P 'EDU_GRAD_P' true true false 7 Long 0 7 ,First,#,\\nas1\home\share\Review\Census\CENSUS_BLOCKGROUP_INCOME_EDU.shp,EDU_GRAD_P,-1,-1;EDU_NOT_EN 'EDU_NOT_EN' true true false 7 Long 0 7 ,First,#,\\nas1\home\share\Review\Census\CENSUS_BLOCKGROUP_INCOME_EDU.shp,EDU_NOT_EN,-1,-1;EDU_ALL_PU 'EDU_ALL_PU' true true false 7 Long 0 7 ,First,#,\\nas1\home\share\Review\Census\CENSUS_BLOCKGROUP_INCOME_EDU.shp,EDU_ALL_PU,-1,-1;EDU_PRES_1 'EDU_PRES_1' true true false 7 Long 0 7 ,First,#,\\nas1\home\share\Review\Census\CENSUS_BLOCKGROUP_INCOME_EDU.shp,EDU_PRES_1,-1,-1;EDU_ELEM_1 'EDU_ELEM_1' true true false 7 Long 0 7 ,First,#,\\nas1\home\share\Review\Census\CENSUS_BLOCKGROUP_INCOME_EDU.shp,EDU_ELEM_1,-1,-1;EDU_MID__1 'EDU_MID__1' true true false 7 Long 0 7 ,First,#,\\nas1\home\share\Review\Census\CENSUS_BLOCKGROUP_INCOME_EDU.shp,EDU_MID__1,-1,-1;EDU_HIGH_1 'EDU_HIGH_1' true true false 7 Long 0 7 ,First,#,\\nas1\home\share\Review\Census\CENSUS_BLOCKGROUP_INCOME_EDU.shp,EDU_HIGH_1,-1,-1;EDU_COLL_1 'EDU_COLL_1' true true false 7 Long 0 7 ,First,#,\\nas1\home\share\Review\Census\CENSUS_BLOCKGROUP_INCOME_EDU.shp,EDU_COLL_1,-1,-1;EDU_GRAD_1 'EDU_GRAD_1' true true false 7 Long 0 7 ,First,#,\\nas1\home\share\Review\Census\CENSUS_BLOCKGROUP_INCOME_EDU.shp,EDU_GRAD_1,-1,-1;EDU_ALL_PR 'EDU_ALL_PR' true true false 7 Long 0 7 ,First,#,\\nas1\home\share\Review\Census\CENSUS_BLOCKGROUP_INCOME_EDU.shp,EDU_ALL_PR,-1,-1;EDU_PRES_2 'EDU_PRES_2' true true false 7 Long 0 7 ,First,#,\\nas1\home\share\Review\Census\CENSUS_BLOCKGROUP_INCOME_EDU.shp,EDU_PRES_2,-1,-1;EDU_ELEM_2 'EDU_ELEM_2' true true false 7 Long 0 7 ,First,#,\\nas1\home\share\Review\Census\CENSUS_BLOCKGROUP_INCOME_EDU.shp,EDU_ELEM_2,-1,-1;EDU_MID__2 'EDU_MID__2' true true false 7 Long 0 7 ,First,#,\\nas1\home\share\Review\Census\CENSUS_BLOCKGROUP_INCOME_EDU.shp,EDU_MID__2,-1,-1;EDU_HIGH_2 'EDU_HIGH_2' true true false 7 Long 0 7 ,First,#,\\nas1\home\share\Review\Census\CENSUS_BLOCKGROUP_INCOME_EDU.shp,EDU_HIGH_2,-1,-1;EDU_COLL_2 'EDU_COLL_2' true true false 7 Long 0 7 ,First,#,\\nas1\home\share\Review\Census\CENSUS_BLOCKGROUP_INCOME_EDU.shp,EDU_COLL_2,-1,-1;EDU_GRAD_2 'EDU_GRAD_2' true true false 7 Long 0 7 ,First,#,\\nas1\home\share\Review\Census\CENSUS_BLOCKGROUP_INCOME_EDU.shp,EDU_GRAD_2,-1,-1;EDU_ALL_25 'EDU_ALL_25' true true false 7 Long 0 7 ,First,#,\\nas1\home\share\Review\Census\CENSUS_BLOCKGROUP_INCOME_EDU.shp,EDU_ALL_25,-1,-1;EDU_9TH_GR 'EDU_9TH_GR' true true false 7 Long 0 7 ,First,#,\\nas1\home\share\Review\Census\CENSUS_BLOCKGROUP_INCOME_EDU.shp,EDU_9TH_GR,-1,-1;EDU_SOME_H 'EDU_SOME_H' true true false 7 Long 0 7 ,First,#,\\nas1\home\share\Review\Census\CENSUS_BLOCKGROUP_INCOME_EDU.shp,EDU_SOME_H,-1,-1;EDU_HIGH_3 'EDU_HIGH_3' true true false 7 Long 0 7 ,First,#,\\nas1\home\share\Review\Census\CENSUS_BLOCKGROUP_INCOME_EDU.shp,EDU_HIGH_3,-1,-1;EDU_SOME_C 'EDU_SOME_C' true true false 7 Long 0 7 ,First,#,\\nas1\home\share\Review\Census\CENSUS_BLOCKGROUP_INCOME_EDU.shp,EDU_SOME_C,-1,-1;EDU_ASSOCI 'EDU_ASSOCI' true true false 7 Long 0 7 ,First,#,\\nas1\home\share\Review\Census\CENSUS_BLOCKGROUP_INCOME_EDU.shp,EDU_ASSOCI,-1,-1;EDU_BACHEL 'EDU_BACHEL' true true false 7 Long 0 7 ,First,#,\\nas1\home\share\Review\Census\CENSUS_BLOCKGROUP_INCOME_EDU.shp,EDU_BACHEL,-1,-1;EDU_MASTER 'EDU_MASTER' true true false 7 Long 0 7 ,First,#,\\nas1\home\share\Review\Census\CENSUS_BLOCKGROUP_INCOME_EDU.shp,EDU_MASTER,-1,-1;EDU_PROF_D 'EDU_PROF_D' true true false 7 Long 0 7 ,First,#,\\nas1\home\share\Review\Census\CENSUS_BLOCKGROUP_INCOME_EDU.shp,EDU_PROF_D,-1,-1;EDU_PHD_25 'EDU_PHD_25' true true false 7 Long 0 7 ,First,#,\\nas1\home\share\Review\Census\CENSUS_BLOCKGROUP_INCOME_EDU.shp,EDU_PHD_25,-1,-1;OBJECTID 'OBJECTID' true true false 10 Double 0 10 ,First,#,\\nas1\home\share\Review\Census\CENSUS_BLOCKGROUP_INCOME_EDU.shp,OBJECTID,-1,-1;SHP_ID_ARE 'SHP_ID_ARE' true true false 19 Double 0 0 ,First,#,\\nas1\home\share\Review\Census\CENSUS_BLOCKGROUP_INCOME_EDU.shp,SHP_ID_ARE,-1,-1;SHP_ID_LEN 'SHP_ID_LEN' true true false 19 Double 0 0 ,First,#,\\nas1\home\share\Review\Census\CENSUS_BLOCKGROUP_INCOME_EDU.shp,SHP_ID_LEN,-1,-1" MONTHLY "Database Connections\SANGIS@SANGIS.sde\SANGIS.CENSUS_BLOCKGROUP_INCOME_EDU"</Process></lineage></DataProperties><MetaID>{C195F07D-800F-4555-B0E7-334FC589B781}</MetaID></Esri><idinfo><native Sync="TRUE">Microsoft Windows XP Version 5.1 (Build 2600) Service Pack 3; ESRI ArcCatalog 9.3.1.3000</native><descript><langdata Sync="TRUE">en</langdata><abstract>REQUIRED: A brief narrative summary of the data set.</abstract><purpose>REQUIRED: A summary of the intentions with which the data set was developed.</purpose></descript><citation><citeinfo><origin>REQUIRED: The name of an organization or individual that developed the data set.</origin><pubdate>REQUIRED: The date when the data set is published or otherwise made available for release.</pubdate><title Sync="TRUE">SANGIS.CENSUS_BLOCKGROUP_INCOME_EDU</title><ftname Sync="TRUE">SANGIS.CENSUS_BLOCKGROUP_INCOME_EDU</ftname><geoform Sync="TRUE">vector digital data</geoform><onlink Sync="TRUE"></onlink></citeinfo></citation><timeperd><current>REQUIRED: The basis on which the time period of content information is determined.</current><timeinfo><sngdate><caldate>REQUIRED: The year (and optionally month, or month and day) for which the data set corresponds to the ground.</caldate></sngdate></timeinfo></timeperd><status><progress>REQUIRED: The state of the data set.</progress><update>REQUIRED: The frequency with which changes and additions are made to the data set after the initial data set is completed.</update></status><spdom><bounding><westbc Sync="TRUE">REQUIRED: Western-most coordinate of the limit of coverage expressed in longitude.</westbc><eastbc Sync="TRUE">REQUIRED: Eastern-most coordinate of the limit of coverage expressed in longitude.</eastbc><northbc Sync="TRUE">REQUIRED: Northern-most coordinate of the limit of coverage expressed in latitude.</northbc><southbc Sync="TRUE">REQUIRED: Southern-most coordinate of the limit of coverage expressed in latitude.</southbc></bounding></spdom><keywords><theme><themekt>REQUIRED: Reference to a formally registered thesaurus or a similar authoritative source of theme keywords.</themekt><themekey>REQUIRED: Common-use word or phrase used to describe the subject of the data set.</themekey></theme></keywords><accconst>REQUIRED: Restrictions and legal prerequisites for accessing the data set.</accconst><useconst>REQUIRED: Restrictions and legal prerequisites for using the data set after access is granted.</useconst><natvform Sync="TRUE">SDE Feature Class</natvform></idinfo><dataIdInfo><envirDesc Sync="TRUE">Microsoft Windows XP Version 5.1 (Build 2600) Service Pack 3; ESRI ArcCatalog 9.3.1.3000</envirDesc><dataLang><languageCode Sync="TRUE" value="en"></languageCode></dataLang><idCitation><resTitle Sync="TRUE">SANGIS.CENSUS_BLOCKGROUP_INCOME_EDU</resTitle><presForm><PresFormCd Sync="TRUE" value="005"></PresFormCd></presForm></idCitation><spatRpType><SpatRepTypCd Sync="TRUE" value="001"></SpatRepTypCd></spatRpType></dataIdInfo><metainfo><langmeta Sync="TRUE">en</langmeta><metstdn Sync="TRUE">FGDC Content Standards for Digital Geospatial Metadata</metstdn><metstdv Sync="TRUE">FGDC-STD-001-1998</metstdv><mettc Sync="TRUE">local time</mettc><metextns><onlink Sync="TRUE">http://www.esri.com/metadata/esriprof80.html</onlink><metprof Sync="TRUE">ESRI Metadata Profile</metprof></metextns><metc><cntinfo><cntorgp><cntper>REQUIRED: The person responsible for the metadata information.</cntper><cntorg>REQUIRED: The organization responsible for the metadata information.</cntorg></cntorgp><cntaddr><addrtype>REQUIRED: The mailing and/or physical address for the organization or individual.</addrtype><city>REQUIRED: The city of the address.</city><state>REQUIRED: The state or province of the address.</state><postal>REQUIRED: The ZIP or other postal code of the address.</postal></cntaddr><cntvoice>REQUIRED: The telephone number by which individuals can speak to the organization or individual.</cntvoice></cntinfo></metc><metd Sync="TRUE">20100302</metd></metainfo><mdLang><languageCode Sync="TRUE" value="en"></languageCode></mdLang><mdStanName Sync="TRUE">ISO 19115 Geographic Information - Metadata</mdStanName><mdStanVer Sync="TRUE">DIS_ESRI1.0</mdStanVer><mdChar><CharSetCd Sync="TRUE" value="004"></CharSetCd></mdChar><mdHrLv><ScopeCd Sync="TRUE" value="005"></ScopeCd></mdHrLv><mdHrLvName Sync="TRUE">dataset</mdHrLvName><distinfo><resdesc Sync="TRUE">Downloadable Data</resdesc></distinfo><distInfo><distributor><distorTran><onLineSrc><orDesc Sync="TRUE">002</orDesc><linkage Sync="TRUE">file://</linkage><protocol Sync="TRUE">Local Area Network</protocol></onLineSrc></distorTran><distorFormat><formatName Sync="TRUE">SDE Feature Class</formatName></distorFormat></distributor></distInfo><spdoinfo><direct Sync="TRUE">Vector</direct><ptvctinf><esriterm Name="SANGIS.CENSUS_BLOCKGROUP_INCOME_EDU"><efeatyp Sync="TRUE">Simple</efeatyp><efeageom Sync="TRUE">Polygon</efeageom><esritopo Sync="TRUE">FALSE</esritopo><efeacnt Sync="TRUE">0</efeacnt><spindex Sync="TRUE">FALSE</spindex><linrefer Sync="TRUE">FALSE</linrefer></esriterm><sdtsterm Name="SANGIS.CENSUS_BLOCKGROUP_INCOME_EDU"><sdtstype Sync="TRUE">G-polygon</sdtstype><ptvctcnt Sync="TRUE">0</ptvctcnt></sdtsterm></ptvctinf></spdoinfo><spref><horizsys><cordsysn><geogcsn Sync="TRUE">GCS_North_American_1983</geogcsn><projcsn Sync="TRUE">NAD_1983_StatePlane_California_VI_FIPS_0406_Feet</projcsn></cordsysn><planar><mapproj><mapprojn Sync="TRUE">Lambert Conformal Conic</mapprojn><lambertc><stdparll Sync="TRUE">32.783333</stdparll><stdparll Sync="TRUE">33.883333</stdparll><longcm Sync="TRUE">-116.250000</longcm><latprjo Sync="TRUE">32.166667</latprjo><feast Sync="TRUE">6561666.666667</feast><fnorth Sync="TRUE">1640416.666667</fnorth></lambertc></mapproj><planci><plance Sync="TRUE">coordinate pair</plance><plandu Sync="TRUE">survey feet</plandu><coordrep><absres Sync="TRUE">0.000226</absres><ordres Sync="TRUE">0.000226</ordres></coordrep></planci></planar><geodetic><horizdn Sync="TRUE">North American Datum of 1983</horizdn><ellips Sync="TRUE">Geodetic Reference System 80</ellips><semiaxis Sync="TRUE">6378137.000000</semiaxis><denflat Sync="TRUE">298.257222</denflat></geodetic></horizsys><vertdef><altsys><altenc Sync="TRUE">Explicit elevation coordinate included with horizontal coordinates</altenc><altres Sync="TRUE">1.000000</altres></altsys></vertdef></spref><refSysInfo><RefSystem><refSysID><identCode Sync="TRUE">NAD_1983_StatePlane_California_VI_FIPS_0406_Feet</identCode></refSysID></RefSystem></refSysInfo><spatRepInfo><VectSpatRep><topLvl><TopoLevCd Sync="TRUE" value="001"></TopoLevCd></topLvl><geometObjs Name="SANGIS.CENSUS_BLOCKGROUP_INCOME_EDU"><geoObjTyp><GeoObjTypCd Sync="TRUE" value="001"></GeoObjTypCd></geoObjTyp><geoObjCnt Sync="TRUE">0</geoObjCnt></geometObjs></VectSpatRep></spatRepInfo><eainfo><detailed Name="SANGIS.CENSUS_BLOCKGROUP_INCOME_EDU"><enttyp><enttypl Sync="TRUE">SANGIS.CENSUS_BLOCKGROUP_INCOME_EDU</enttypl><enttypt Sync="TRUE">Feature Class</enttypt><enttypc Sync="TRUE">0</enttypc></enttyp><attr><attrlabl Sync="TRUE">OBJECTID_1</attrlabl><attalias Sync="TRUE">OBJECTID_1</attalias><attrtype Sync="TRUE">OID</attrtype><attwidth Sync="TRUE">4</attwidth><atprecis Sync="TRUE">10</atprecis><attscale Sync="TRUE">0</attscale><attrdef Sync="TRUE">Internal feature number.</attrdef><attrdefs Sync="TRUE">ESRI</attrdefs><attrdomv><udom Sync="TRUE">Sequential unique whole numbers that are automatically generated.</udom></attrdomv></attr><attr><attrlabl Sync="TRUE">CTBG</attrlabl><attalias Sync="TRUE">CTBG</attalias><attrtype Sync="TRUE">Integer</attrtype><attwidth Sync="TRUE">4</attwidth><atprecis Sync="TRUE">7</atprecis><attscale Sync="TRUE">0</attscale></attr><attr><attrlabl Sync="TRUE">BLOCKGRPNO</attrlabl><attalias Sync="TRUE">BLOCKGRPNO</attalias><attrtype Sync="TRUE">Double</attrtype><attwidth Sync="TRUE">8</attwidth><atprecis Sync="TRUE">11</atprecis><attscale Sync="TRUE">3</attscale></attr><attr><attrlabl Sync="TRUE">POP_NOT_MA</attrlabl><attalias Sync="TRUE">POP_NOT_MA</attalias><attrtype Sync="TRUE">Integer</attrtype><attwidth Sync="TRUE">4</attwidth><atprecis Sync="TRUE">8</atprecis><attscale Sync="TRUE">0</attscale></attr><attr><attrlabl Sync="TRUE">POP_MARRIE</attrlabl><attalias Sync="TRUE">POP_MARRIE</attalias><attrtype Sync="TRUE">Integer</attrtype><attwidth Sync="TRUE">4</attwidth><atprecis Sync="TRUE">8</atprecis><attscale Sync="TRUE">0</attscale></attr><attr><attrlabl Sync="TRUE">POP_SEPARA</attrlabl><attalias Sync="TRUE">POP_SEPARA</attalias><attrtype Sync="TRUE">Integer</attrtype><attwidth Sync="TRUE">4</attwidth><atprecis Sync="TRUE">8</atprecis><attscale Sync="TRUE">0</attscale></attr><attr><attrlabl Sync="TRUE">POP_WIDOWE</attrlabl><attalias Sync="TRUE">POP_WIDOWE</attalias><attrtype Sync="TRUE">Integer</attrtype><attwidth Sync="TRUE">4</attwidth><atprecis Sync="TRUE">8</atprecis><attscale Sync="TRUE">0</attscale></attr><attr><attrlabl Sync="TRUE">POP_DIVORC</attrlabl><attalias Sync="TRUE">POP_DIVORC</attalias><attrtype Sync="TRUE">Integer</attrtype><attwidth Sync="TRUE">4</attwidth><atprecis Sync="TRUE">8</atprecis><attscale Sync="TRUE">0</attscale></attr><attr><attrlabl Sync="TRUE">LANGUAGE_E</attrlabl><attalias Sync="TRUE">LANGUAGE_E</attalias><attrtype Sync="TRUE">Integer</attrtype><attwidth Sync="TRUE">4</attwidth><atprecis Sync="TRUE">8</atprecis><attscale Sync="TRUE">0</attscale></attr><attr><attrlabl Sync="TRUE">LANGUAGE_S</attrlabl><attalias Sync="TRUE">LANGUAGE_S</attalias><attrtype Sync="TRUE">Integer</attrtype><attwidth Sync="TRUE">4</attwidth><atprecis Sync="TRUE">8</atprecis><attscale Sync="TRUE">0</attscale></attr><attr><attrlabl Sync="TRUE">LANGUAGE_1</attrlabl><attalias Sync="TRUE">LANGUAGE_1</attalias><attrtype Sync="TRUE">Integer</attrtype><attwidth Sync="TRUE">4</attwidth><atprecis Sync="TRUE">8</atprecis><attscale Sync="TRUE">0</attscale></attr><attr><attrlabl Sync="TRUE">LANGUAGE_2</attrlabl><attalias Sync="TRUE">LANGUAGE_2</attalias><attrtype Sync="TRUE">Integer</attrtype><attwidth Sync="TRUE">4</attwidth><atprecis Sync="TRUE">8</atprecis><attscale Sync="TRUE">0</attscale></attr><attr><attrlabl Sync="TRUE">LANGUAGE_A</attrlabl><attalias Sync="TRUE">LANGUAGE_A</attalias><attrtype Sync="TRUE">Integer</attrtype><attwidth Sync="TRUE">4</attwidth><atprecis Sync="TRUE">8</atprecis><attscale Sync="TRUE">0</attscale></attr><attr><attrlabl Sync="TRUE">LANGUAGE_3</attrlabl><attalias Sync="TRUE">LANGUAGE_3</attalias><attrtype Sync="TRUE">Integer</attrtype><attwidth Sync="TRUE">4</attwidth><atprecis Sync="TRUE">8</atprecis><attscale Sync="TRUE">0</attscale></attr><attr><attrlabl Sync="TRUE">LANGUAGE_4</attrlabl><attalias Sync="TRUE">LANGUAGE_4</attalias><attrtype Sync="TRUE">Integer</attrtype><attwidth Sync="TRUE">4</attwidth><atprecis Sync="TRUE">8</atprecis><attscale Sync="TRUE">0</attscale></attr><attr><attrlabl Sync="TRUE">LANGUAGE_O</attrlabl><attalias Sync="TRUE">LANGUAGE_O</attalias><attrtype Sync="TRUE">Integer</attrtype><attwidth Sync="TRUE">4</attwidth><atprecis Sync="TRUE">8</atprecis><attscale Sync="TRUE">0</attscale></attr><attr><attrlabl Sync="TRUE">LANGUAGE_5</attrlabl><attalias Sync="TRUE">LANGUAGE_5</attalias><attrtype Sync="TRUE">Integer</attrtype><attwidth Sync="TRUE">4</attwidth><atprecis Sync="TRUE">8</atprecis><attscale Sync="TRUE">0</attscale></attr><attr><attrlabl Sync="TRUE">LANGUAGE_6</attrlabl><attalias Sync="TRUE">LANGUAGE_6</attalias><attrtype Sync="TRUE">Integer</attrtype><attwidth Sync="TRUE">4</attwidth><atprecis Sync="TRUE">8</atprecis><attscale Sync="TRUE">0</attscale></attr><attr><attrlabl Sync="TRUE">POP_DISABL</attrlabl><attalias Sync="TRUE">POP_DISABL</attalias><attrtype Sync="TRUE">Integer</attrtype><attwidth Sync="TRUE">4</attwidth><atprecis Sync="TRUE">8</atprecis><attscale Sync="TRUE">0</attscale></attr><attr><attrlabl Sync="TRUE">POP_NOT_DI</attrlabl><attalias Sync="TRUE">POP_NOT_DI</attalias><attrtype Sync="TRUE">Integer</attrtype><attwidth Sync="TRUE">4</attwidth><atprecis Sync="TRUE">8</atprecis><attscale Sync="TRUE">0</attscale></attr><attr><attrlabl Sync="TRUE">RENT_OCCUP</attrlabl><attalias Sync="TRUE">RENT_OCCUP</attalias><attrtype Sync="TRUE">Integer</attrtype><attwidth Sync="TRUE">4</attwidth><atprecis Sync="TRUE">7</atprecis><attscale Sync="TRUE">0</attscale></attr><attr><attrlabl Sync="TRUE">RENT_LESS_</attrlabl><attalias Sync="TRUE">RENT_LESS_</attalias><attrtype Sync="TRUE">Integer</attrtype><attwidth Sync="TRUE">4</attwidth><atprecis Sync="TRUE">7</atprecis><attscale Sync="TRUE">0</attscale></attr><attr><attrlabl Sync="TRUE">RENT_500_T</attrlabl><attalias Sync="TRUE">RENT_500_T</attalias><attrtype Sync="TRUE">Integer</attrtype><attwidth Sync="TRUE">4</attwidth><atprecis Sync="TRUE">7</atprecis><attscale Sync="TRUE">0</attscale></attr><attr><attrlabl Sync="TRUE">RENT_600_T</attrlabl><attalias Sync="TRUE">RENT_600_T</attalias><attrtype Sync="TRUE">Integer</attrtype><attwidth Sync="TRUE">4</attwidth><atprecis Sync="TRUE">7</atprecis><attscale Sync="TRUE">0</attscale></attr><attr><attrlabl Sync="TRUE">RENT_700_T</attrlabl><attalias Sync="TRUE">RENT_700_T</attalias><attrtype Sync="TRUE">Integer</attrtype><attwidth Sync="TRUE">4</attwidth><atprecis Sync="TRUE">7</atprecis><attscale Sync="TRUE">0</attscale></attr><attr><attrlabl Sync="TRUE">RENT_800_T</attrlabl><attalias Sync="TRUE">RENT_800_T</attalias><attrtype Sync="TRUE">Integer</attrtype><attwidth Sync="TRUE">4</attwidth><atprecis Sync="TRUE">7</atprecis><attscale Sync="TRUE">0</attscale></attr><attr><attrlabl Sync="TRUE">RENT_900_T</attrlabl><attalias Sync="TRUE">RENT_900_T</attalias><attrtype Sync="TRUE">Integer</attrtype><attwidth Sync="TRUE">4</attwidth><atprecis Sync="TRUE">7</atprecis><attscale Sync="TRUE">0</attscale></attr><attr><attrlabl Sync="TRUE">RENT_1000_</attrlabl><attalias Sync="TRUE">RENT_1000_</attalias><attrtype Sync="TRUE">Integer</attrtype><attwidth Sync="TRUE">4</attwidth><atprecis Sync="TRUE">7</atprecis><attscale Sync="TRUE">0</attscale></attr><attr><attrlabl Sync="TRUE">RENT_1250_</attrlabl><attalias Sync="TRUE">RENT_1250_</attalias><attrtype Sync="TRUE">Integer</attrtype><attwidth Sync="TRUE">4</attwidth><atprecis Sync="TRUE">7</atprecis><attscale Sync="TRUE">0</attscale></attr><attr><attrlabl Sync="TRUE">RENT_1500_</attrlabl><attalias Sync="TRUE">RENT_1500_</attalias><attrtype Sync="TRUE">Integer</attrtype><attwidth Sync="TRUE">4</attwidth><atprecis Sync="TRUE">7</atprecis><attscale Sync="TRUE">0</attscale></attr><attr><attrlabl Sync="TRUE">RENT_2000_</attrlabl><attalias Sync="TRUE">RENT_2000_</attalias><attrtype Sync="TRUE">Integer</attrtype><attwidth Sync="TRUE">4</attwidth><atprecis Sync="TRUE">7</atprecis><attscale Sync="TRUE">0</attscale></attr><attr><attrlabl Sync="TRUE">RENT_NO_CA</attrlabl><attalias Sync="TRUE">RENT_NO_CA</attalias><attrtype Sync="TRUE">Integer</attrtype><attwidth Sync="TRUE">4</attwidth><atprecis Sync="TRUE">7</atprecis><attscale Sync="TRUE">0</attscale></attr><attr><attrlabl Sync="TRUE">RENT_LESS1</attrlabl><attalias Sync="TRUE">RENT_LESS1</attalias><attrtype Sync="TRUE">Integer</attrtype><attwidth Sync="TRUE">4</attwidth><atprecis Sync="TRUE">7</atprecis><attscale Sync="TRUE">0</attscale></attr><attr><attrlabl Sync="TRUE">RENT_20_TO</attrlabl><attalias Sync="TRUE">RENT_20_TO</attalias><attrtype Sync="TRUE">Integer</attrtype><attwidth Sync="TRUE">4</attwidth><atprecis Sync="TRUE">7</atprecis><attscale Sync="TRUE">0</attscale></attr><attr><attrlabl Sync="TRUE">RENT_25_TO</attrlabl><attalias Sync="TRUE">RENT_25_TO</attalias><attrtype Sync="TRUE">Integer</attrtype><attwidth Sync="TRUE">4</attwidth><atprecis Sync="TRUE">7</atprecis><attscale Sync="TRUE">0</attscale></attr><attr><attrlabl Sync="TRUE">RENT_30_TO</attrlabl><attalias Sync="TRUE">RENT_30_TO</attalias><attrtype Sync="TRUE">Integer</attrtype><attwidth Sync="TRUE">4</attwidth><atprecis Sync="TRUE">7</atprecis><attscale Sync="TRUE">0</attscale></attr><attr><attrlabl Sync="TRUE">RENT_35_TO</attrlabl><attalias Sync="TRUE">RENT_35_TO</attalias><attrtype Sync="TRUE">Integer</attrtype><attwidth Sync="TRUE">4</attwidth><atprecis Sync="TRUE">7</atprecis><attscale Sync="TRUE">0</attscale></attr><attr><attrlabl Sync="TRUE">RENT_40_TO</attrlabl><attalias Sync="TRUE">RENT_40_TO</attalias><attrtype Sync="TRUE">Integer</attrtype><attwidth Sync="TRUE">4</attwidth><atprecis Sync="TRUE">7</atprecis><attscale Sync="TRUE">0</attscale></attr><attr><attrlabl Sync="TRUE">RENT_50_OR</attrlabl><attalias Sync="TRUE">RENT_50_OR</attalias><attrtype Sync="TRUE">Integer</attrtype><attwidth Sync="TRUE">4</attwidth><atprecis Sync="TRUE">7</atprecis><attscale Sync="TRUE">0</attscale></attr><attr><attrlabl Sync="TRUE">RENT_NOT_C</attrlabl><attalias Sync="TRUE">RENT_NOT_C</attalias><attrtype Sync="TRUE">Integer</attrtype><attwidth Sync="TRUE">4</attwidth><atprecis Sync="TRUE">7</atprecis><attscale Sync="TRUE">0</attscale></attr><attr><attrlabl Sync="TRUE">OCC_ALL</attrlabl><attalias Sync="TRUE">OCC_ALL</attalias><attrtype Sync="TRUE">Integer</attrtype><attwidth Sync="TRUE">4</attwidth><atprecis Sync="TRUE">7</atprecis><attscale Sync="TRUE">0</attscale></attr><attr><attrlabl Sync="TRUE">OCC_TOTAL_</attrlabl><attalias Sync="TRUE">OCC_TOTAL_</attalias><attrtype Sync="TRUE">Integer</attrtype><attwidth Sync="TRUE">4</attwidth><atprecis Sync="TRUE">7</atprecis><attscale Sync="TRUE">0</attscale></attr><attr><attrlabl Sync="TRUE">OCC_MANAGE</attrlabl><attalias Sync="TRUE">OCC_MANAGE</attalias><attrtype Sync="TRUE">Integer</attrtype><attwidth Sync="TRUE">4</attwidth><atprecis Sync="TRUE">7</atprecis><attscale Sync="TRUE">0</attscale></attr><attr><attrlabl Sync="TRUE">OCC_MGMT_B</attrlabl><attalias Sync="TRUE">OCC_MGMT_B</attalias><attrtype Sync="TRUE">Integer</attrtype><attwidth Sync="TRUE">4</attwidth><atprecis Sync="TRUE">7</atprecis><attscale Sync="TRUE">0</attscale></attr><attr><attrlabl Sync="TRUE">OCC_MGMT_C</attrlabl><attalias Sync="TRUE">OCC_MGMT_C</attalias><attrtype Sync="TRUE">Integer</attrtype><attwidth Sync="TRUE">4</attwidth><atprecis Sync="TRUE">7</atprecis><attscale Sync="TRUE">0</attscale></attr><attr><attrlabl Sync="TRUE">OCC_MGMT_A</attrlabl><attalias Sync="TRUE">OCC_MGMT_A</attalias><attrtype Sync="TRUE">Integer</attrtype><attwidth Sync="TRUE">4</attwidth><atprecis Sync="TRUE">7</atprecis><attscale Sync="TRUE">0</attscale></attr><attr><attrlabl Sync="TRUE">OCC_MGMT_S</attrlabl><attalias Sync="TRUE">OCC_MGMT_S</attalias><attrtype Sync="TRUE">Integer</attrtype><attwidth Sync="TRUE">4</attwidth><atprecis Sync="TRUE">7</atprecis><attscale Sync="TRUE">0</attscale></attr><attr><attrlabl Sync="TRUE">OCC_MGMT_1</attrlabl><attalias Sync="TRUE">OCC_MGMT_1</attalias><attrtype Sync="TRUE">Integer</attrtype><attwidth Sync="TRUE">4</attwidth><atprecis Sync="TRUE">7</atprecis><attscale Sync="TRUE">0</attscale></attr><attr><attrlabl Sync="TRUE">OCC_MGMT_L</attrlabl><attalias Sync="TRUE">OCC_MGMT_L</attalias><attrtype Sync="TRUE">Integer</attrtype><attwidth Sync="TRUE">4</attwidth><atprecis Sync="TRUE">7</atprecis><attscale Sync="TRUE">0</attscale></attr><attr><attrlabl Sync="TRUE">OCC_MGMT_E</attrlabl><attalias Sync="TRUE">OCC_MGMT_E</attalias><attrtype Sync="TRUE">Integer</attrtype><attwidth Sync="TRUE">4</attwidth><atprecis Sync="TRUE">7</atprecis><attscale Sync="TRUE">0</attscale></attr><attr><attrlabl Sync="TRUE">OCC_MGMT_2</attrlabl><attalias Sync="TRUE">OCC_MGMT_2</attalias><attrtype Sync="TRUE">Integer</attrtype><attwidth Sync="TRUE">4</attwidth><atprecis Sync="TRUE">7</atprecis><attscale Sync="TRUE">0</attscale></attr><attr><attrlabl Sync="TRUE">OCC_MGMT_H</attrlabl><attalias Sync="TRUE">OCC_MGMT_H</attalias><attrtype Sync="TRUE">Integer</attrtype><attwidth Sync="TRUE">4</attwidth><atprecis Sync="TRUE">7</atprecis><attscale Sync="TRUE">0</attscale></attr><attr><attrlabl Sync="TRUE">OCC_TOTAL1</attrlabl><attalias Sync="TRUE">OCC_TOTAL1</attalias><attrtype Sync="TRUE">Integer</attrtype><attwidth Sync="TRUE">4</attwidth><atprecis Sync="TRUE">7</atprecis><attscale Sync="TRUE">0</attscale></attr><attr><attrlabl Sync="TRUE">OCC_SERV_H</attrlabl><attalias Sync="TRUE">OCC_SERV_H</attalias><attrtype Sync="TRUE">Integer</attrtype><attwidth Sync="TRUE">4</attwidth><atprecis Sync="TRUE">7</atprecis><attscale Sync="TRUE">0</attscale></attr><attr><attrlabl Sync="TRUE">OCC_SERV_P</attrlabl><attalias Sync="TRUE">OCC_SERV_P</attalias><attrtype Sync="TRUE">Integer</attrtype><attwidth Sync="TRUE">4</attwidth><atprecis Sync="TRUE">7</atprecis><attscale Sync="TRUE">0</attscale></attr><attr><attrlabl Sync="TRUE">OCC_SERV_F</attrlabl><attalias Sync="TRUE">OCC_SERV_F</attalias><attrtype Sync="TRUE">Integer</attrtype><attwidth Sync="TRUE">4</attwidth><atprecis Sync="TRUE">7</atprecis><attscale Sync="TRUE">0</attscale></attr><attr><attrlabl Sync="TRUE">OCC_SERV_B</attrlabl><attalias Sync="TRUE">OCC_SERV_B</attalias><attrtype Sync="TRUE">Integer</attrtype><attwidth Sync="TRUE">4</attwidth><atprecis Sync="TRUE">7</atprecis><attscale Sync="TRUE">0</attscale></attr><attr><attrlabl Sync="TRUE">OCC_SERV_1</attrlabl><attalias Sync="TRUE">OCC_SERV_1</attalias><attrtype Sync="TRUE">Integer</attrtype><attwidth Sync="TRUE">4</attwidth><atprecis Sync="TRUE">7</atprecis><attscale Sync="TRUE">0</attscale></attr><attr><attrlabl Sync="TRUE">OCC_SALES_</attrlabl><attalias Sync="TRUE">OCC_SALES_</attalias><attrtype Sync="TRUE">Integer</attrtype><attwidth Sync="TRUE">4</attwidth><atprecis Sync="TRUE">7</atprecis><attscale Sync="TRUE">0</attscale></attr><attr><attrlabl Sync="TRUE">OCC_FARM_F</attrlabl><attalias Sync="TRUE">OCC_FARM_F</attalias><attrtype Sync="TRUE">Integer</attrtype><attwidth Sync="TRUE">4</attwidth><atprecis Sync="TRUE">7</atprecis><attscale Sync="TRUE">0</attscale></attr><attr><attrlabl Sync="TRUE">OCC_CONSTR</attrlabl><attalias Sync="TRUE">OCC_CONSTR</attalias><attrtype Sync="TRUE">Integer</attrtype><attwidth Sync="TRUE">4</attwidth><atprecis Sync="TRUE">7</atprecis><attscale Sync="TRUE">0</attscale></attr><attr><attrlabl Sync="TRUE">OCC_PROD_T</attrlabl><attalias Sync="TRUE">OCC_PROD_T</attalias><attrtype Sync="TRUE">Integer</attrtype><attwidth Sync="TRUE">4</attwidth><atprecis Sync="TRUE">7</atprecis><attscale Sync="TRUE">0</attscale></attr><attr><attrlabl Sync="TRUE">OCC_ALL_IN</attrlabl><attalias Sync="TRUE">OCC_ALL_IN</attalias><attrtype Sync="TRUE">Integer</attrtype><attwidth Sync="TRUE">4</attwidth><atprecis Sync="TRUE">7</atprecis><attscale Sync="TRUE">0</attscale></attr><attr><attrlabl Sync="TRUE">OCC_AGRICU</attrlabl><attalias Sync="TRUE">OCC_AGRICU</attalias><attrtype Sync="TRUE">Integer</attrtype><attwidth Sync="TRUE">4</attwidth><atprecis Sync="TRUE">7</atprecis><attscale Sync="TRUE">0</attscale></attr><attr><attrlabl Sync="TRUE">OCC_UTILIT</attrlabl><attalias Sync="TRUE">OCC_UTILIT</attalias><attrtype Sync="TRUE">Integer</attrtype><attwidth Sync="TRUE">4</attwidth><atprecis Sync="TRUE">7</atprecis><attscale Sync="TRUE">0</attscale></attr><attr><attrlabl Sync="TRUE">OCC_CONS_1</attrlabl><attalias Sync="TRUE">OCC_CONS_1</attalias><attrtype Sync="TRUE">Integer</attrtype><attwidth Sync="TRUE">4</attwidth><atprecis Sync="TRUE">7</atprecis><attscale Sync="TRUE">0</attscale></attr><attr><attrlabl Sync="TRUE">OCC_MANUFA</attrlabl><attalias Sync="TRUE">OCC_MANUFA</attalias><attrtype Sync="TRUE">Integer</attrtype><attwidth Sync="TRUE">4</attwidth><atprecis Sync="TRUE">7</atprecis><attscale Sync="TRUE">0</attscale></attr><attr><attrlabl Sync="TRUE">OCC_WHOLES</attrlabl><attalias Sync="TRUE">OCC_WHOLES</attalias><attrtype Sync="TRUE">Integer</attrtype><attwidth Sync="TRUE">4</attwidth><atprecis Sync="TRUE">7</atprecis><attscale Sync="TRUE">0</attscale></attr><attr><attrlabl Sync="TRUE">OCC_RETAIL</attrlabl><attalias Sync="TRUE">OCC_RETAIL</attalias><attrtype Sync="TRUE">Integer</attrtype><attwidth Sync="TRUE">4</attwidth><atprecis Sync="TRUE">7</atprecis><attscale Sync="TRUE">0</attscale></attr><attr><attrlabl Sync="TRUE">OCC_TRANS_</attrlabl><attalias Sync="TRUE">OCC_TRANS_</attalias><attrtype Sync="TRUE">Integer</attrtype><attwidth Sync="TRUE">4</attwidth><atprecis Sync="TRUE">7</atprecis><attscale Sync="TRUE">0</attscale></attr><attr><attrlabl Sync="TRUE">OCC_INFO_C</attrlabl><attalias Sync="TRUE">OCC_INFO_C</attalias><attrtype Sync="TRUE">Integer</attrtype><attwidth Sync="TRUE">4</attwidth><atprecis Sync="TRUE">7</atprecis><attscale Sync="TRUE">0</attscale></attr><attr><attrlabl Sync="TRUE">OCC_FIN_IN</attrlabl><attalias Sync="TRUE">OCC_FIN_IN</attalias><attrtype Sync="TRUE">Integer</attrtype><attwidth Sync="TRUE">4</attwidth><atprecis Sync="TRUE">7</atprecis><attscale Sync="TRUE">0</attscale></attr><attr><attrlabl Sync="TRUE">OCC_PROF_S</attrlabl><attalias Sync="TRUE">OCC_PROF_S</attalias><attrtype Sync="TRUE">Integer</attrtype><attwidth Sync="TRUE">4</attwidth><atprecis Sync="TRUE">7</atprecis><attscale Sync="TRUE">0</attscale></attr><attr><attrlabl Sync="TRUE">OCC_EDUC_S</attrlabl><attalias Sync="TRUE">OCC_EDUC_S</attalias><attrtype Sync="TRUE">Integer</attrtype><attwidth Sync="TRUE">4</attwidth><atprecis Sync="TRUE">7</atprecis><attscale Sync="TRUE">0</attscale></attr><attr><attrlabl Sync="TRUE">OCC_ARTS_E</attrlabl><attalias Sync="TRUE">OCC_ARTS_E</attalias><attrtype Sync="TRUE">Integer</attrtype><attwidth Sync="TRUE">4</attwidth><atprecis Sync="TRUE">7</atprecis><attscale Sync="TRUE">0</attscale></attr><attr><attrlabl Sync="TRUE">OCC_OTHER_</attrlabl><attalias Sync="TRUE">OCC_OTHER_</attalias><attrtype Sync="TRUE">Integer</attrtype><attwidth Sync="TRUE">4</attwidth><atprecis Sync="TRUE">7</atprecis><attscale Sync="TRUE">0</attscale></attr><attr><attrlabl Sync="TRUE">OCC_PUBLIC</attrlabl><attalias Sync="TRUE">OCC_PUBLIC</attalias><attrtype Sync="TRUE">Integer</attrtype><attwidth Sync="TRUE">4</attwidth><atprecis Sync="TRUE">7</atprecis><attscale Sync="TRUE">0</attscale></attr><attr><attrlabl Sync="TRUE">LABOR_TOTA</attrlabl><attalias Sync="TRUE">LABOR_TOTA</attalias><attrtype Sync="TRUE">Integer</attrtype><attwidth Sync="TRUE">4</attwidth><atprecis Sync="TRUE">7</atprecis><attscale Sync="TRUE">0</attscale></attr><attr><attrlabl Sync="TRUE">LABOR_IN_W</attrlabl><attalias Sync="TRUE">LABOR_IN_W</attalias><attrtype Sync="TRUE">Integer</attrtype><attwidth Sync="TRUE">4</attwidth><atprecis Sync="TRUE">7</atprecis><attscale Sync="TRUE">0</attscale></attr><attr><attrlabl Sync="TRUE">LABOR_ARME</attrlabl><attalias Sync="TRUE">LABOR_ARME</attalias><attrtype Sync="TRUE">Integer</attrtype><attwidth Sync="TRUE">4</attwidth><atprecis Sync="TRUE">7</atprecis><attscale Sync="TRUE">0</attscale></attr><attr><attrlabl Sync="TRUE">LABOR_CIVI</attrlabl><attalias Sync="TRUE">LABOR_CIVI</attalias><attrtype Sync="TRUE">Integer</attrtype><attwidth Sync="TRUE">4</attwidth><atprecis Sync="TRUE">7</atprecis><attscale Sync="TRUE">0</attscale></attr><attr><attrlabl Sync="TRUE">LABOR_CI_1</attrlabl><attalias Sync="TRUE">LABOR_CI_1</attalias><attrtype Sync="TRUE">Integer</attrtype><attwidth Sync="TRUE">4</attwidth><atprecis Sync="TRUE">7</atprecis><attscale Sync="TRUE">0</attscale></attr><attr><attrlabl Sync="TRUE">LABOR_NOT_</attrlabl><attalias Sync="TRUE">LABOR_NOT_</attalias><attrtype Sync="TRUE">Integer</attrtype><attwidth Sync="TRUE">4</attwidth><atprecis Sync="TRUE">7</atprecis><attscale Sync="TRUE">0</attscale></attr><attr><attrlabl Sync="TRUE">LABOR_MALE</attrlabl><attalias Sync="TRUE">LABOR_MALE</attalias><attrtype Sync="TRUE">Integer</attrtype><attwidth Sync="TRUE">4</attwidth><atprecis Sync="TRUE">7</atprecis><attscale Sync="TRUE">0</attscale></attr><attr><attrlabl Sync="TRUE">LABOR_MA_1</attrlabl><attalias Sync="TRUE">LABOR_MA_1</attalias><attrtype Sync="TRUE">Integer</attrtype><attwidth Sync="TRUE">4</attwidth><atprecis Sync="TRUE">7</atprecis><attscale Sync="TRUE">0</attscale></attr><attr><attrlabl Sync="TRUE">LABOR_MA_2</attrlabl><attalias Sync="TRUE">LABOR_MA_2</attalias><attrtype Sync="TRUE">Integer</attrtype><attwidth Sync="TRUE">4</attwidth><atprecis Sync="TRUE">7</atprecis><attscale Sync="TRUE">0</attscale></attr><attr><attrlabl Sync="TRUE">LABOR_MA_3</attrlabl><attalias Sync="TRUE">LABOR_MA_3</attalias><attrtype Sync="TRUE">Integer</attrtype><attwidth Sync="TRUE">4</attwidth><atprecis Sync="TRUE">7</atprecis><attscale Sync="TRUE">0</attscale></attr><attr><attrlabl Sync="TRUE">LABOR_MA_4</attrlabl><attalias Sync="TRUE">LABOR_MA_4</attalias><attrtype Sync="TRUE">Integer</attrtype><attwidth Sync="TRUE">4</attwidth><atprecis Sync="TRUE">7</atprecis><attscale Sync="TRUE">0</attscale></attr><attr><attrlabl Sync="TRUE">LABOR_MA_5</attrlabl><attalias Sync="TRUE">LABOR_MA_5</attalias><attrtype Sync="TRUE">Integer</attrtype><attwidth Sync="TRUE">4</attwidth><atprecis Sync="TRUE">7</atprecis><attscale Sync="TRUE">0</attscale></attr><attr><attrlabl Sync="TRUE">LABOR_FEMA</attrlabl><attalias Sync="TRUE">LABOR_FEMA</attalias><attrtype Sync="TRUE">Integer</attrtype><attwidth Sync="TRUE">4</attwidth><atprecis Sync="TRUE">7</atprecis><attscale Sync="TRUE">0</attscale></attr><attr><attrlabl Sync="TRUE">LABOR_FE_1</attrlabl><attalias Sync="TRUE">LABOR_FE_1</attalias><attrtype Sync="TRUE">Integer</attrtype><attwidth Sync="TRUE">4</attwidth><atprecis Sync="TRUE">7</atprecis><attscale Sync="TRUE">0</attscale></attr><attr><attrlabl Sync="TRUE">LABOR_FE_2</attrlabl><attalias Sync="TRUE">LABOR_FE_2</attalias><attrtype Sync="TRUE">Integer</attrtype><attwidth Sync="TRUE">4</attwidth><atprecis Sync="TRUE">7</atprecis><attscale Sync="TRUE">0</attscale></attr><attr><attrlabl Sync="TRUE">LABOR_FE_3</attrlabl><attalias Sync="TRUE">LABOR_FE_3</attalias><attrtype Sync="TRUE">Integer</attrtype><attwidth Sync="TRUE">4</attwidth><atprecis Sync="TRUE">7</atprecis><attscale Sync="TRUE">0</attscale></attr><attr><attrlabl Sync="TRUE">LABOR_FE_4</attrlabl><attalias Sync="TRUE">LABOR_FE_4</attalias><attrtype Sync="TRUE">Integer</attrtype><attwidth Sync="TRUE">4</attwidth><atprecis Sync="TRUE">7</atprecis><attscale Sync="TRUE">0</attscale></attr><attr><attrlabl Sync="TRUE">LABOR_FE_5</attrlabl><attalias Sync="TRUE">LABOR_FE_5</attalias><attrtype Sync="TRUE">Integer</attrtype><attwidth Sync="TRUE">4</attwidth><atprecis Sync="TRUE">7</atprecis><attscale Sync="TRUE">0</attscale></attr><attr><attrlabl Sync="TRUE">EMPLOYED_W</attrlabl><attalias Sync="TRUE">EMPLOYED_W</attalias><attrtype Sync="TRUE">Integer</attrtype><attwidth Sync="TRUE">4</attwidth><atprecis Sync="TRUE">7</atprecis><attscale Sync="TRUE">0</attscale></attr><attr><attrlabl Sync="TRUE">EMPLOYED_I</attrlabl><attalias Sync="TRUE">EMPLOYED_I</attalias><attrtype Sync="TRUE">Integer</attrtype><attwidth Sync="TRUE">4</attwidth><atprecis Sync="TRUE">7</atprecis><attscale Sync="TRUE">0</attscale></attr><attr><attrlabl Sync="TRUE">EMPLOYED_1</attrlabl><attalias Sync="TRUE">EMPLOYED_1</attalias><attrtype Sync="TRUE">Integer</attrtype><attwidth Sync="TRUE">4</attwidth><atprecis Sync="TRUE">7</atprecis><attscale Sync="TRUE">0</attscale></attr><attr><attrlabl Sync="TRUE">EMPLOYED_O</attrlabl><attalias Sync="TRUE">EMPLOYED_O</attalias><attrtype Sync="TRUE">Integer</attrtype><attwidth Sync="TRUE">4</attwidth><atprecis Sync="TRUE">7</atprecis><attscale Sync="TRUE">0</attscale></attr><attr><attrlabl Sync="TRUE">EMPLOYED_2</attrlabl><attalias Sync="TRUE">EMPLOYED_2</attalias><attrtype Sync="TRUE">Integer</attrtype><attwidth Sync="TRUE">4</attwidth><atprecis Sync="TRUE">7</atprecis><attscale Sync="TRUE">0</attscale></attr><attr><attrlabl Sync="TRUE">COMMUTE_CA</attrlabl><attalias Sync="TRUE">COMMUTE_CA</attalias><attrtype Sync="TRUE">Integer</attrtype><attwidth Sync="TRUE">4</attwidth><atprecis Sync="TRUE">7</atprecis><attscale Sync="TRUE">0</attscale></attr><attr><attrlabl Sync="TRUE">COMMUTE__1</attrlabl><attalias Sync="TRUE">COMMUTE__1</attalias><attrtype Sync="TRUE">Integer</attrtype><attwidth Sync="TRUE">4</attwidth><atprecis Sync="TRUE">7</atprecis><attscale Sync="TRUE">0</attscale></attr><attr><attrlabl Sync="TRUE">COMMUTE__2</attrlabl><attalias Sync="TRUE">COMMUTE__2</attalias><attrtype Sync="TRUE">Integer</attrtype><attwidth Sync="TRUE">4</attwidth><atprecis Sync="TRUE">7</atprecis><attscale Sync="TRUE">0</attscale></attr><attr><attrlabl Sync="TRUE">COMMUTE_PU</attrlabl><attalias Sync="TRUE">COMMUTE_PU</attalias><attrtype Sync="TRUE">Integer</attrtype><attwidth Sync="TRUE">4</attwidth><atprecis Sync="TRUE">7</atprecis><attscale Sync="TRUE">0</attscale></attr><attr><attrlabl Sync="TRUE">COMMUTE_BU</attrlabl><attalias Sync="TRUE">COMMUTE_BU</attalias><attrtype Sync="TRUE">Integer</attrtype><attwidth Sync="TRUE">4</attwidth><atprecis Sync="TRUE">7</atprecis><attscale Sync="TRUE">0</attscale></attr><attr><attrlabl Sync="TRUE">COMMUTE_TR</attrlabl><attalias Sync="TRUE">COMMUTE_TR</attalias><attrtype Sync="TRUE">Integer</attrtype><attwidth Sync="TRUE">4</attwidth><atprecis Sync="TRUE">7</atprecis><attscale Sync="TRUE">0</attscale></attr><attr><attrlabl Sync="TRUE">COMMUTE_RA</attrlabl><attalias Sync="TRUE">COMMUTE_RA</attalias><attrtype Sync="TRUE">Integer</attrtype><attwidth Sync="TRUE">4</attwidth><atprecis Sync="TRUE">7</atprecis><attscale Sync="TRUE">0</attscale></attr><attr><attrlabl Sync="TRUE">COMMUTE_OT</attrlabl><attalias Sync="TRUE">COMMUTE_OT</attalias><attrtype Sync="TRUE">Integer</attrtype><attwidth Sync="TRUE">4</attwidth><atprecis Sync="TRUE">7</atprecis><attscale Sync="TRUE">0</attscale></attr><attr><attrlabl Sync="TRUE">COMMUTE_MO</attrlabl><attalias Sync="TRUE">COMMUTE_MO</attalias><attrtype Sync="TRUE">Integer</attrtype><attwidth Sync="TRUE">4</attwidth><atprecis Sync="TRUE">7</atprecis><attscale Sync="TRUE">0</attscale></attr><attr><attrlabl Sync="TRUE">COMMUTE_BI</attrlabl><attalias Sync="TRUE">COMMUTE_BI</attalias><attrtype Sync="TRUE">Integer</attrtype><attwidth Sync="TRUE">4</attwidth><atprecis Sync="TRUE">7</atprecis><attscale Sync="TRUE">0</attscale></attr><attr><attrlabl Sync="TRUE">COMMUTE_WA</attrlabl><attalias Sync="TRUE">COMMUTE_WA</attalias><attrtype Sync="TRUE">Integer</attrtype><attwidth Sync="TRUE">4</attwidth><atprecis Sync="TRUE">7</atprecis><attscale Sync="TRUE">0</attscale></attr><attr><attrlabl Sync="TRUE">COMMUTE__3</attrlabl><attalias Sync="TRUE">COMMUTE__3</attalias><attrtype Sync="TRUE">Integer</attrtype><attwidth Sync="TRUE">4</attwidth><atprecis Sync="TRUE">7</atprecis><attscale Sync="TRUE">0</attscale></attr><attr><attrlabl Sync="TRUE">COMMUTE_WO</attrlabl><attalias Sync="TRUE">COMMUTE_WO</attalias><attrtype Sync="TRUE">Integer</attrtype><attwidth Sync="TRUE">4</attwidth><atprecis Sync="TRUE">7</atprecis><attscale Sync="TRUE">0</attscale></attr><attr><attrlabl Sync="TRUE">COMMUTE_TO</attrlabl><attalias Sync="TRUE">COMMUTE_TO</attalias><attrtype Sync="TRUE">Integer</attrtype><attwidth Sync="TRUE">4</attwidth><atprecis Sync="TRUE">7</atprecis><attscale Sync="TRUE">0</attscale></attr><attr><attrlabl Sync="TRUE">COMMUTE_LE</attrlabl><attalias Sync="TRUE">COMMUTE_LE</attalias><attrtype Sync="TRUE">Integer</attrtype><attwidth Sync="TRUE">4</attwidth><atprecis Sync="TRUE">7</atprecis><attscale Sync="TRUE">0</attscale></attr><attr><attrlabl Sync="TRUE">COMMUTE_10</attrlabl><attalias Sync="TRUE">COMMUTE_10</attalias><attrtype Sync="TRUE">Integer</attrtype><attwidth Sync="TRUE">4</attwidth><atprecis Sync="TRUE">7</atprecis><attscale Sync="TRUE">0</attscale></attr><attr><attrlabl Sync="TRUE">COMMUTE_20</attrlabl><attalias Sync="TRUE">COMMUTE_20</attalias><attrtype Sync="TRUE">Integer</attrtype><attwidth Sync="TRUE">4</attwidth><atprecis Sync="TRUE">7</atprecis><attscale Sync="TRUE">0</attscale></attr><attr><attrlabl Sync="TRUE">COMMUTE_30</attrlabl><attalias Sync="TRUE">COMMUTE_30</attalias><attrtype Sync="TRUE">Integer</attrtype><attwidth Sync="TRUE">4</attwidth><atprecis Sync="TRUE">7</atprecis><attscale Sync="TRUE">0</attscale></attr><attr><attrlabl Sync="TRUE">COMMUTE_45</attrlabl><attalias Sync="TRUE">COMMUTE_45</attalias><attrtype Sync="TRUE">Integer</attrtype><attwidth Sync="TRUE">4</attwidth><atprecis Sync="TRUE">7</atprecis><attscale Sync="TRUE">0</attscale></attr><attr><attrlabl Sync="TRUE">COMMUTE_60</attrlabl><attalias Sync="TRUE">COMMUTE_60</attalias><attrtype Sync="TRUE">Integer</attrtype><attwidth Sync="TRUE">4</attwidth><atprecis Sync="TRUE">7</atprecis><attscale Sync="TRUE">0</attscale></attr><attr><attrlabl Sync="TRUE">COMMUTE_90</attrlabl><attalias Sync="TRUE">COMMUTE_90</attalias><attrtype Sync="TRUE">Integer</attrtype><attwidth Sync="TRUE">4</attwidth><atprecis Sync="TRUE">7</atprecis><attscale Sync="TRUE">0</attscale></attr><attr><attrlabl Sync="TRUE">INCOME_ALL</attrlabl><attalias Sync="TRUE">INCOME_ALL</attalias><attrtype Sync="TRUE">Integer</attrtype><attwidth Sync="TRUE">4</attwidth><atprecis Sync="TRUE">7</atprecis><attscale Sync="TRUE">0</attscale></attr><attr><attrlabl Sync="TRUE">INCOME_LES</attrlabl><attalias Sync="TRUE">INCOME_LES</attalias><attrtype Sync="TRUE">Integer</attrtype><attwidth Sync="TRUE">4</attwidth><atprecis Sync="TRUE">7</atprecis><attscale Sync="TRUE">0</attscale></attr><attr><attrlabl Sync="TRUE">INCOME_10K</attrlabl><attalias Sync="TRUE">INCOME_10K</attalias><attrtype Sync="TRUE">Integer</attrtype><attwidth Sync="TRUE">4</attwidth><atprecis Sync="TRUE">7</atprecis><attscale Sync="TRUE">0</attscale></attr><attr><attrlabl Sync="TRUE">INCOME_15K</attrlabl><attalias Sync="TRUE">INCOME_15K</attalias><attrtype Sync="TRUE">Integer</attrtype><attwidth Sync="TRUE">4</attwidth><atprecis Sync="TRUE">7</atprecis><attscale Sync="TRUE">0</attscale></attr><attr><attrlabl Sync="TRUE">INCOME_20K</attrlabl><attalias Sync="TRUE">INCOME_20K</attalias><attrtype Sync="TRUE">Integer</attrtype><attwidth Sync="TRUE">4</attwidth><atprecis Sync="TRUE">7</atprecis><attscale Sync="TRUE">0</attscale></attr><attr><attrlabl Sync="TRUE">INCOME_25K</attrlabl><attalias Sync="TRUE">INCOME_25K</attalias><attrtype Sync="TRUE">Integer</attrtype><attwidth Sync="TRUE">4</attwidth><atprecis Sync="TRUE">7</atprecis><attscale Sync="TRUE">0</attscale></attr><attr><attrlabl Sync="TRUE">INCOME_30K</attrlabl><attalias Sync="TRUE">INCOME_30K</attalias><attrtype Sync="TRUE">Integer</attrtype><attwidth Sync="TRUE">4</attwidth><atprecis Sync="TRUE">7</atprecis><attscale Sync="TRUE">0</attscale></attr><attr><attrlabl Sync="TRUE">INCOME_35K</attrlabl><attalias Sync="TRUE">INCOME_35K</attalias><attrtype Sync="TRUE">Integer</attrtype><attwidth Sync="TRUE">4</attwidth><atprecis Sync="TRUE">7</atprecis><attscale Sync="TRUE">0</attscale></attr><attr><attrlabl Sync="TRUE">INCOME_40K</attrlabl><attalias Sync="TRUE">INCOME_40K</attalias><attrtype Sync="TRUE">Integer</attrtype><attwidth Sync="TRUE">4</attwidth><atprecis Sync="TRUE">7</atprecis><attscale Sync="TRUE">0</attscale></attr><attr><attrlabl Sync="TRUE">INCOME_45K</attrlabl><attalias Sync="TRUE">INCOME_45K</attalias><attrtype Sync="TRUE">Integer</attrtype><attwidth Sync="TRUE">4</attwidth><atprecis Sync="TRUE">7</atprecis><attscale Sync="TRUE">0</attscale></attr><attr><attrlabl Sync="TRUE">INCOME_50K</attrlabl><attalias Sync="TRUE">INCOME_50K</attalias><attrtype Sync="TRUE">Integer</attrtype><attwidth Sync="TRUE">4</attwidth><atprecis Sync="TRUE">7</atprecis><attscale Sync="TRUE">0</attscale></attr><attr><attrlabl Sync="TRUE">INCOME_60K</attrlabl><attalias Sync="TRUE">INCOME_60K</attalias><attrtype Sync="TRUE">Integer</attrtype><attwidth Sync="TRUE">4</attwidth><atprecis Sync="TRUE">7</atprecis><attscale Sync="TRUE">0</attscale></attr><attr><attrlabl Sync="TRUE">INCOME_75K</attrlabl><attalias Sync="TRUE">INCOME_75K</attalias><attrtype Sync="TRUE">Integer</attrtype><attwidth Sync="TRUE">4</attwidth><atprecis Sync="TRUE">7</atprecis><attscale Sync="TRUE">0</attscale></attr><attr><attrlabl Sync="TRUE">INCOME_100</attrlabl><attalias Sync="TRUE">INCOME_100</attalias><attrtype Sync="TRUE">Integer</attrtype><attwidth Sync="TRUE">4</attwidth><atprecis Sync="TRUE">7</atprecis><attscale Sync="TRUE">0</attscale></attr><attr><attrlabl Sync="TRUE">INCOME_125</attrlabl><attalias Sync="TRUE">INCOME_125</attalias><attrtype Sync="TRUE">Integer</attrtype><attwidth Sync="TRUE">4</attwidth><atprecis Sync="TRUE">7</atprecis><attscale Sync="TRUE">0</attscale></attr><attr><attrlabl Sync="TRUE">INCOME_150</attrlabl><attalias Sync="TRUE">INCOME_150</attalias><attrtype Sync="TRUE">Integer</attrtype><attwidth Sync="TRUE">4</attwidth><atprecis Sync="TRUE">7</atprecis><attscale Sync="TRUE">0</attscale></attr><attr><attrlabl Sync="TRUE">INCOME_200</attrlabl><attalias Sync="TRUE">INCOME_200</attalias><attrtype Sync="TRUE">Integer</attrtype><attwidth Sync="TRUE">4</attwidth><atprecis Sync="TRUE">7</atprecis><attscale Sync="TRUE">0</attscale></attr><attr><attrlabl Sync="TRUE">FAM_ABOVE_</attrlabl><attalias Sync="TRUE">FAM_ABOVE_</attalias><attrtype Sync="TRUE">Integer</attrtype><attwidth Sync="TRUE">4</attwidth><atprecis Sync="TRUE">7</atprecis><attscale Sync="TRUE">0</attscale></attr><attr><attrlabl Sync="TRUE">FAM_ABOVE1</attrlabl><attalias Sync="TRUE">FAM_ABOVE1</attalias><attrtype Sync="TRUE">Integer</attrtype><attwidth Sync="TRUE">4</attwidth><atprecis Sync="TRUE">7</atprecis><attscale Sync="TRUE">0</attscale></attr><attr><attrlabl Sync="TRUE">FAM_ABOV_1</attrlabl><attalias Sync="TRUE">FAM_ABOV_1</attalias><attrtype Sync="TRUE">Integer</attrtype><attwidth Sync="TRUE">4</attwidth><atprecis Sync="TRUE">7</atprecis><attscale Sync="TRUE">0</attscale></attr><attr><attrlabl Sync="TRUE">FAM_ABOV_2</attrlabl><attalias Sync="TRUE">FAM_ABOV_2</attalias><attrtype Sync="TRUE">Integer</attrtype><attwidth Sync="TRUE">4</attwidth><atprecis Sync="TRUE">7</atprecis><attscale Sync="TRUE">0</attscale></attr><attr><attrlabl Sync="TRUE">FAM_ABOV_3</attrlabl><attalias Sync="TRUE">FAM_ABOV_3</attalias><attrtype Sync="TRUE">Integer</attrtype><attwidth Sync="TRUE">4</attwidth><atprecis Sync="TRUE">7</atprecis><attscale Sync="TRUE">0</attscale></attr><attr><attrlabl Sync="TRUE">FAM_ABOV_4</attrlabl><attalias Sync="TRUE">FAM_ABOV_4</attalias><attrtype Sync="TRUE">Integer</attrtype><attwidth Sync="TRUE">4</attwidth><atprecis Sync="TRUE">7</atprecis><attscale Sync="TRUE">0</attscale></attr><attr><attrlabl Sync="TRUE">FAM_ABOV_5</attrlabl><attalias Sync="TRUE">FAM_ABOV_5</attalias><attrtype Sync="TRUE">Integer</attrtype><attwidth Sync="TRUE">4</attwidth><atprecis Sync="TRUE">7</atprecis><attscale Sync="TRUE">0</attscale></attr><attr><attrlabl Sync="TRUE">FAM_ABOV_6</attrlabl><attalias Sync="TRUE">FAM_ABOV_6</attalias><attrtype Sync="TRUE">Integer</attrtype><attwidth Sync="TRUE">4</attwidth><atprecis Sync="TRUE">7</atprecis><attscale Sync="TRUE">0</attscale></attr><attr><attrlabl Sync="TRUE">FAM_ABOV_7</attrlabl><attalias Sync="TRUE">FAM_ABOV_7</attalias><attrtype Sync="TRUE">Integer</attrtype><attwidth Sync="TRUE">4</attwidth><atprecis Sync="TRUE">7</atprecis><attscale Sync="TRUE">0</attscale></attr><attr><attrlabl Sync="TRUE">FAM_ABOV_8</attrlabl><attalias Sync="TRUE">FAM_ABOV_8</attalias><attrtype Sync="TRUE">Integer</attrtype><attwidth Sync="TRUE">4</attwidth><atprecis Sync="TRUE">7</atprecis><attscale Sync="TRUE">0</attscale></attr><attr><attrlabl Sync="TRUE">FAM_ABOV_9</attrlabl><attalias Sync="TRUE">FAM_ABOV_9</attalias><attrtype Sync="TRUE">Integer</attrtype><attwidth Sync="TRUE">4</attwidth><atprecis Sync="TRUE">7</atprecis><attscale Sync="TRUE">0</attscale></attr><attr><attrlabl Sync="TRUE">FAM_ABO_10</attrlabl><attalias Sync="TRUE">FAM_ABO_10</attalias><attrtype Sync="TRUE">Integer</attrtype><attwidth Sync="TRUE">4</attwidth><atprecis Sync="TRUE">7</atprecis><attscale Sync="TRUE">0</attscale></attr><attr><attrlabl Sync="TRUE">FAM_BELOW_</attrlabl><attalias Sync="TRUE">FAM_BELOW_</attalias><attrtype Sync="TRUE">Integer</attrtype><attwidth Sync="TRUE">4</attwidth><atprecis Sync="TRUE">7</atprecis><attscale Sync="TRUE">0</attscale></attr><attr><attrlabl Sync="TRUE">FAM_BELOW1</attrlabl><attalias Sync="TRUE">FAM_BELOW1</attalias><attrtype Sync="TRUE">Integer</attrtype><attwidth Sync="TRUE">4</attwidth><atprecis Sync="TRUE">7</atprecis><attscale Sync="TRUE">0</attscale></attr><attr><attrlabl Sync="TRUE">FAM_BELO_1</attrlabl><attalias Sync="TRUE">FAM_BELO_1</attalias><attrtype Sync="TRUE">Integer</attrtype><attwidth Sync="TRUE">4</attwidth><atprecis Sync="TRUE">7</atprecis><attscale Sync="TRUE">0</attscale></attr><attr><attrlabl Sync="TRUE">FAM_BELO_2</attrlabl><attalias Sync="TRUE">FAM_BELO_2</attalias><attrtype Sync="TRUE">Integer</attrtype><attwidth Sync="TRUE">4</attwidth><atprecis Sync="TRUE">7</atprecis><attscale Sync="TRUE">0</attscale></attr><attr><attrlabl Sync="TRUE">FAM_BELO_3</attrlabl><attalias Sync="TRUE">FAM_BELO_3</attalias><attrtype Sync="TRUE">Integer</attrtype><attwidth Sync="TRUE">4</attwidth><atprecis Sync="TRUE">7</atprecis><attscale Sync="TRUE">0</attscale></attr><attr><attrlabl Sync="TRUE">FAM_BELO_4</attrlabl><attalias Sync="TRUE">FAM_BELO_4</attalias><attrtype Sync="TRUE">Integer</attrtype><attwidth Sync="TRUE">4</attwidth><atprecis Sync="TRUE">7</atprecis><attscale Sync="TRUE">0</attscale></attr><attr><attrlabl Sync="TRUE">FAM_BELO_5</attrlabl><attalias Sync="TRUE">FAM_BELO_5</attalias><attrtype Sync="TRUE">Integer</attrtype><attwidth Sync="TRUE">4</attwidth><atprecis Sync="TRUE">7</atprecis><attscale Sync="TRUE">0</attscale></attr><attr><attrlabl Sync="TRUE">FAM_BELO_6</attrlabl><attalias Sync="TRUE">FAM_BELO_6</attalias><attrtype Sync="TRUE">Integer</attrtype><attwidth Sync="TRUE">4</attwidth><atprecis Sync="TRUE">7</atprecis><attscale Sync="TRUE">0</attscale></attr><attr><attrlabl Sync="TRUE">FAM_BELO_7</attrlabl><attalias Sync="TRUE">FAM_BELO_7</attalias><attrtype Sync="TRUE">Integer</attrtype><attwidth Sync="TRUE">4</attwidth><atprecis Sync="TRUE">7</atprecis><attscale Sync="TRUE">0</attscale></attr><attr><attrlabl Sync="TRUE">FAM_BELO_8</attrlabl><attalias Sync="TRUE">FAM_BELO_8</attalias><attrtype Sync="TRUE">Integer</attrtype><attwidth Sync="TRUE">4</attwidth><atprecis Sync="TRUE">7</atprecis><attscale Sync="TRUE">0</attscale></attr><attr><attrlabl Sync="TRUE">FAM_BELO_9</attrlabl><attalias Sync="TRUE">FAM_BELO_9</attalias><attrtype Sync="TRUE">Integer</attrtype><attwidth Sync="TRUE">4</attwidth><atprecis Sync="TRUE">7</atprecis><attscale Sync="TRUE">0</attscale></attr><attr><attrlabl Sync="TRUE">FAM_BEL_10</attrlabl><attalias Sync="TRUE">FAM_BEL_10</attalias><attrtype Sync="TRUE">Integer</attrtype><attwidth Sync="TRUE">4</attwidth><atprecis Sync="TRUE">7</atprecis><attscale Sync="TRUE">0</attscale></attr><attr><attrlabl Sync="TRUE">POP_POVERT</attrlabl><attalias Sync="TRUE">POP_POVERT</attalias><attrtype Sync="TRUE">Integer</attrtype><attwidth Sync="TRUE">4</attwidth><atprecis Sync="TRUE">7</atprecis><attscale Sync="TRUE">0</attscale></attr><attr><attrlabl Sync="TRUE">INCOME_50_</attrlabl><attalias Sync="TRUE">INCOME_50_</attalias><attrtype Sync="TRUE">Integer</attrtype><attwidth Sync="TRUE">4</attwidth><atprecis Sync="TRUE">7</atprecis><attscale Sync="TRUE">0</attscale></attr><attr><attrlabl Sync="TRUE">INCOME_501</attrlabl><attalias Sync="TRUE">INCOME_501</attalias><attrtype Sync="TRUE">Integer</attrtype><attwidth Sync="TRUE">4</attwidth><atprecis Sync="TRUE">7</atprecis><attscale Sync="TRUE">0</attscale></attr><attr><attrlabl Sync="TRUE">INCOME_75_</attrlabl><attalias Sync="TRUE">INCOME_75_</attalias><attrtype Sync="TRUE">Integer</attrtype><attwidth Sync="TRUE">4</attwidth><atprecis Sync="TRUE">7</atprecis><attscale Sync="TRUE">0</attscale></attr><attr><attrlabl Sync="TRUE">INCOME_101</attrlabl><attalias Sync="TRUE">INCOME_101</attalias><attrtype Sync="TRUE">Integer</attrtype><attwidth Sync="TRUE">4</attwidth><atprecis Sync="TRUE">7</atprecis><attscale Sync="TRUE">0</attscale></attr><attr><attrlabl Sync="TRUE">INCOME_126</attrlabl><attalias Sync="TRUE">INCOME_126</attalias><attrtype Sync="TRUE">Integer</attrtype><attwidth Sync="TRUE">4</attwidth><atprecis Sync="TRUE">7</atprecis><attscale Sync="TRUE">0</attscale></attr><attr><attrlabl Sync="TRUE">INCOME_151</attrlabl><attalias Sync="TRUE">INCOME_151</attalias><attrtype Sync="TRUE">Integer</attrtype><attwidth Sync="TRUE">4</attwidth><atprecis Sync="TRUE">7</atprecis><attscale Sync="TRUE">0</attscale></attr><attr><attrlabl Sync="TRUE">INCOME_201</attrlabl><attalias Sync="TRUE">INCOME_201</attalias><attrtype Sync="TRUE">Integer</attrtype><attwidth Sync="TRUE">4</attwidth><atprecis Sync="TRUE">7</atprecis><attscale Sync="TRUE">0</attscale></attr><attr><attrlabl Sync="TRUE">EDU_ALL_3_</attrlabl><attalias Sync="TRUE">EDU_ALL_3_</attalias><attrtype Sync="TRUE">Integer</attrtype><attwidth Sync="TRUE">4</attwidth><atprecis Sync="TRUE">7</atprecis><attscale Sync="TRUE">0</attscale></attr><attr><attrlabl Sync="TRUE">EDU_PRESCH</attrlabl><attalias Sync="TRUE">EDU_PRESCH</attalias><attrtype Sync="TRUE">Integer</attrtype><attwidth Sync="TRUE">4</attwidth><atprecis Sync="TRUE">7</atprecis><attscale Sync="TRUE">0</attscale></attr><attr><attrlabl Sync="TRUE">EDU_ELEM_S</attrlabl><attalias Sync="TRUE">EDU_ELEM_S</attalias><attrtype Sync="TRUE">Integer</attrtype><attwidth Sync="TRUE">4</attwidth><atprecis Sync="TRUE">7</atprecis><attscale Sync="TRUE">0</attscale></attr><attr><attrlabl Sync="TRUE">EDU_MID_SC</attrlabl><attalias Sync="TRUE">EDU_MID_SC</attalias><attrtype Sync="TRUE">Integer</attrtype><attwidth Sync="TRUE">4</attwidth><atprecis Sync="TRUE">7</atprecis><attscale Sync="TRUE">0</attscale></attr><attr><attrlabl Sync="TRUE">EDU_HIGH_S</attrlabl><attalias Sync="TRUE">EDU_HIGH_S</attalias><attrtype Sync="TRUE">Integer</attrtype><attwidth Sync="TRUE">4</attwidth><atprecis Sync="TRUE">7</atprecis><attscale Sync="TRUE">0</attscale></attr><attr><attrlabl Sync="TRUE">EDU_COLLEG</attrlabl><attalias Sync="TRUE">EDU_COLLEG</attalias><attrtype Sync="TRUE">Integer</attrtype><attwidth Sync="TRUE">4</attwidth><atprecis Sync="TRUE">7</atprecis><attscale Sync="TRUE">0</attscale></attr><attr><attrlabl Sync="TRUE">EDU_GRAD_P</attrlabl><attalias Sync="TRUE">EDU_GRAD_P</attalias><attrtype Sync="TRUE">Integer</attrtype><attwidth Sync="TRUE">4</attwidth><atprecis Sync="TRUE">7</atprecis><attscale Sync="TRUE">0</attscale></attr><attr><attrlabl Sync="TRUE">EDU_NOT_EN</attrlabl><attalias Sync="TRUE">EDU_NOT_EN</attalias><attrtype Sync="TRUE">Integer</attrtype><attwidth Sync="TRUE">4</attwidth><atprecis Sync="TRUE">7</atprecis><attscale Sync="TRUE">0</attscale></attr><attr><attrlabl Sync="TRUE">EDU_ALL_PU</attrlabl><attalias Sync="TRUE">EDU_ALL_PU</attalias><attrtype Sync="TRUE">Integer</attrtype><attwidth Sync="TRUE">4</attwidth><atprecis Sync="TRUE">7</atprecis><attscale Sync="TRUE">0</attscale></attr><attr><attrlabl Sync="TRUE">EDU_PRES_1</attrlabl><attalias Sync="TRUE">EDU_PRES_1</attalias><attrtype Sync="TRUE">Integer</attrtype><attwidth Sync="TRUE">4</attwidth><atprecis Sync="TRUE">7</atprecis><attscale Sync="TRUE">0</attscale></attr><attr><attrlabl Sync="TRUE">EDU_ELEM_1</attrlabl><attalias Sync="TRUE">EDU_ELEM_1</attalias><attrtype Sync="TRUE">Integer</attrtype><attwidth Sync="TRUE">4</attwidth><atprecis Sync="TRUE">7</atprecis><attscale Sync="TRUE">0</attscale></attr><attr><attrlabl Sync="TRUE">EDU_MID__1</attrlabl><attalias Sync="TRUE">EDU_MID__1</attalias><attrtype Sync="TRUE">Integer</attrtype><attwidth Sync="TRUE">4</attwidth><atprecis Sync="TRUE">7</atprecis><attscale Sync="TRUE">0</attscale></attr><attr><attrlabl Sync="TRUE">EDU_HIGH_1</attrlabl><attalias Sync="TRUE">EDU_HIGH_1</attalias><attrtype Sync="TRUE">Integer</attrtype><attwidth Sync="TRUE">4</attwidth><atprecis Sync="TRUE">7</atprecis><attscale Sync="TRUE">0</attscale></attr><attr><attrlabl Sync="TRUE">EDU_COLL_1</attrlabl><attalias Sync="TRUE">EDU_COLL_1</attalias><attrtype Sync="TRUE">Integer</attrtype><attwidth Sync="TRUE">4</attwidth><atprecis Sync="TRUE">7</atprecis><attscale Sync="TRUE">0</attscale></attr><attr><attrlabl Sync="TRUE">EDU_GRAD_1</attrlabl><attalias Sync="TRUE">EDU_GRAD_1</attalias><attrtype Sync="TRUE">Integer</attrtype><attwidth Sync="TRUE">4</attwidth><atprecis Sync="TRUE">7</atprecis><attscale Sync="TRUE">0</attscale></attr><attr><attrlabl Sync="TRUE">EDU_ALL_PR</attrlabl><attalias Sync="TRUE">EDU_ALL_PR</attalias><attrtype Sync="TRUE">Integer</attrtype><attwidth Sync="TRUE">4</attwidth><atprecis Sync="TRUE">7</atprecis><attscale Sync="TRUE">0</attscale></attr><attr><attrlabl Sync="TRUE">EDU_PRES_2</attrlabl><attalias Sync="TRUE">EDU_PRES_2</attalias><attrtype Sync="TRUE">Integer</attrtype><attwidth Sync="TRUE">4</attwidth><atprecis Sync="TRUE">7</atprecis><attscale Sync="TRUE">0</attscale></attr><attr><attrlabl Sync="TRUE">EDU_ELEM_2</attrlabl><attalias Sync="TRUE">EDU_ELEM_2</attalias><attrtype Sync="TRUE">Integer</attrtype><attwidth Sync="TRUE">4</attwidth><atprecis Sync="TRUE">7</atprecis><attscale Sync="TRUE">0</attscale></attr><attr><attrlabl Sync="TRUE">EDU_MID__2</attrlabl><attalias Sync="TRUE">EDU_MID__2</attalias><attrtype Sync="TRUE">Integer</attrtype><attwidth Sync="TRUE">4</attwidth><atprecis Sync="TRUE">7</atprecis><attscale Sync="TRUE">0</attscale></attr><attr><attrlabl Sync="TRUE">EDU_HIGH_2</attrlabl><attalias Sync="TRUE">EDU_HIGH_2</attalias><attrtype Sync="TRUE">Integer</attrtype><attwidth Sync="TRUE">4</attwidth><atprecis Sync="TRUE">7</atprecis><attscale Sync="TRUE">0</attscale></attr><attr><attrlabl Sync="TRUE">EDU_COLL_2</attrlabl><attalias Sync="TRUE">EDU_COLL_2</attalias><attrtype Sync="TRUE">Integer</attrtype><attwidth Sync="TRUE">4</attwidth><atprecis Sync="TRUE">7</atprecis><attscale Sync="TRUE">0</attscale></attr><attr><attrlabl Sync="TRUE">EDU_GRAD_2</attrlabl><attalias Sync="TRUE">EDU_GRAD_2</attalias><attrtype Sync="TRUE">Integer</attrtype><attwidth Sync="TRUE">4</attwidth><atprecis Sync="TRUE">7</atprecis><attscale Sync="TRUE">0</attscale></attr><attr><attrlabl Sync="TRUE">EDU_ALL_25</attrlabl><attalias Sync="TRUE">EDU_ALL_25</attalias><attrtype Sync="TRUE">Integer</attrtype><attwidth Sync="TRUE">4</attwidth><atprecis Sync="TRUE">7</atprecis><attscale Sync="TRUE">0</attscale></attr><attr><attrlabl Sync="TRUE">EDU_9TH_GR</attrlabl><attalias Sync="TRUE">EDU_9TH_GR</attalias><attrtype Sync="TRUE">Integer</attrtype><attwidth Sync="TRUE">4</attwidth><atprecis Sync="TRUE">7</atprecis><attscale Sync="TRUE">0</attscale></attr><attr><attrlabl Sync="TRUE">EDU_SOME_H</attrlabl><attalias Sync="TRUE">EDU_SOME_H</attalias><attrtype Sync="TRUE">Integer</attrtype><attwidth Sync="TRUE">4</attwidth><atprecis Sync="TRUE">7</atprecis><attscale Sync="TRUE">0</attscale></attr><attr><attrlabl Sync="TRUE">EDU_HIGH_3</attrlabl><attalias Sync="TRUE">EDU_HIGH_3</attalias><attrtype Sync="TRUE">Integer</attrtype><attwidth Sync="TRUE">4</attwidth><atprecis Sync="TRUE">7</atprecis><attscale Sync="TRUE">0</attscale></attr><attr><attrlabl Sync="TRUE">EDU_SOME_C</attrlabl><attalias Sync="TRUE">EDU_SOME_C</attalias><attrtype Sync="TRUE">Integer</attrtype><attwidth Sync="TRUE">4</attwidth><atprecis Sync="TRUE">7</atprecis><attscale Sync="TRUE">0</attscale></attr><attr><attrlabl Sync="TRUE">EDU_ASSOCI</attrlabl><attalias Sync="TRUE">EDU_ASSOCI</attalias><attrtype Sync="TRUE">Integer</attrtype><attwidth Sync="TRUE">4</attwidth><atprecis Sync="TRUE">7</atprecis><attscale Sync="TRUE">0</attscale></attr><attr><attrlabl Sync="TRUE">EDU_BACHEL</attrlabl><attalias Sync="TRUE">EDU_BACHEL</attalias><attrtype Sync="TRUE">Integer</attrtype><attwidth Sync="TRUE">4</attwidth><atprecis Sync="TRUE">7</atprecis><attscale Sync="TRUE">0</attscale></attr><attr><attrlabl Sync="TRUE">EDU_MASTER</attrlabl><attalias Sync="TRUE">EDU_MASTER</attalias><attrtype Sync="TRUE">Integer</attrtype><attwidth Sync="TRUE">4</attwidth><atprecis Sync="TRUE">7</atprecis><attscale Sync="TRUE">0</attscale></attr><attr><attrlabl Sync="TRUE">EDU_PROF_D</attrlabl><attalias Sync="TRUE">EDU_PROF_D</attalias><attrtype Sync="TRUE">Integer</attrtype><attwidth Sync="TRUE">4</attwidth><atprecis Sync="TRUE">7</atprecis><attscale Sync="TRUE">0</attscale></attr><attr><attrlabl Sync="TRUE">EDU_PHD_25</attrlabl><attalias Sync="TRUE">EDU_PHD_25</attalias><attrtype Sync="TRUE">Integer</attrtype><attwidth Sync="TRUE">4</attwidth><atprecis Sync="TRUE">7</atprecis><attscale Sync="TRUE">0</attscale></attr><attr><attrlabl Sync="TRUE">OBJECTID</attrlabl><attalias Sync="TRUE">OBJECTID</attalias><attrtype Sync="TRUE">Double</attrtype><attwidth Sync="TRUE">8</attwidth><atprecis Sync="TRUE">10</atprecis><attscale Sync="TRUE">0</attscale></attr><attr><attrlabl Sync="TRUE">SHP_ID_ARE</attrlabl><attalias Sync="TRUE">SHP_ID_ARE</attalias><attrtype Sync="TRUE">Double</attrtype><attwidth Sync="TRUE">8</attwidth><atprecis Sync="TRUE">38</atprecis><attscale Sync="TRUE">8</attscale></attr><attr><attrlabl Sync="TRUE">SHP_ID_LEN</attrlabl><attalias Sync="TRUE">SHP_ID_LEN</attalias><attrtype Sync="TRUE">Double</attrtype><attwidth Sync="TRUE">8</attwidth><atprecis Sync="TRUE">38</atprecis><attscale Sync="TRUE">8</attscale></attr><attr><attrlabl Sync="TRUE">SHAPE</attrlabl><attalias Sync="TRUE">Shape</attalias><attrtype Sync="TRUE">Geometry</attrtype><attwidth Sync="TRUE">4</attwidth><atprecis Sync="TRUE">0</atprecis><attscale Sync="TRUE">0</attscale><attrdef Sync="TRUE">Feature geometry.</attrdef><attrdefs Sync="TRUE">ESRI</attrdefs><attrdomv><udom Sync="TRUE">Coordinates defining the features.</udom></attrdomv></attr><attr><attrlabl Sync="TRUE">SHAPE.AREA</attrlabl><attalias Sync="TRUE">SHAPE.AREA</attalias><attrtype Sync="TRUE">Double</attrtype><attwidth Sync="TRUE">0</attwidth><atprecis Sync="TRUE">0</atprecis><attscale Sync="TRUE">0</attscale></attr><attr><attrlabl Sync="TRUE">SHAPE.LEN</attrlabl><attalias Sync="TRUE">SHAPE.LEN</attalias><attrtype Sync="TRUE">Double</attrtype><attwidth Sync="TRUE">0</attwidth><atprecis Sync="TRUE">0</atprecis><attscale Sync="TRUE">0</attscale></attr></detailed></eainfo><mdDateSt Sync="TRUE">20100302</mdDateSt><dataqual><lineage><procstep><procdesc Sync="TRUE">Dataset copied.</procdesc><srcused Sync="TRUE">Server=sangis; Service=5150; User=sangis; Version=SDE.DEFAULT</srcused><procdate Sync="TRUE">20100304</procdate><proctime Sync="TRUE">09202100</proctime></procstep></lineage></dataqual></metadata>
