<?xml version="1.0"?>
<!--<!DOCTYPE metadata SYSTEM "http://www.esri.com/metadata/esriprof80.dtd">-->
<metadata xml:lang="en"><Esri><CreaDate>20100304</CreaDate><CreaTime>09205900</CreaTime><SyncOnce>FALSE</SyncOnce><SyncDate>20100304</SyncDate><SyncTime>11054000</SyncTime><ModDate>20100304</ModDate><ModTime>11054000</ModTime><DataProperties><lineage><Process ToolSource="C:\Program Files\ArcGIS\ArcToolbox\Toolboxes\Conversion Tools.tbx\FeatureClassToFeatureClass" Date="20100302" Time="112851">FeatureClassToFeatureClass \\nas1\home\share\Review\Census\CENSUS_BLOCKGROUP_POP_HOUSING.shp "Database Connections\SANGIS@SANGIS.sde" CENSUS_BLOCKGROUP_POP_HOUSING # "CTBG 'CTBG' true true false 10 Double 0 10 ,First,#,\\nas1\home\share\Review\Census\CENSUS_BLOCKGROUP_POP_HOUSING.shp,CTBG,-1,-1;BLOCKGRPNO 'BLOCKGRPNO' true true false 11 Double 3 10 ,First,#,\\nas1\home\share\Review\Census\CENSUS_BLOCKGROUP_POP_HOUSING.shp,BLOCKGRPNO,-1,-1;POP_GRP_QT 'POP_GRP_QT' true true false 10 Double 0 10 ,First,#,\\nas1\home\share\Review\Census\CENSUS_BLOCKGROUP_POP_HOUSING.shp,POP_GRP_QT,-1,-1;POP_GRP__1 'POP_GRP__1' true true false 10 Double 0 10 ,First,#,\\nas1\home\share\Review\Census\CENSUS_BLOCKGROUP_POP_HOUSING.shp,POP_GRP__1,-1,-1;POP_GRP__2 'POP_GRP__2' true true false 10 Double 0 10 ,First,#,\\nas1\home\share\Review\Census\CENSUS_BLOCKGROUP_POP_HOUSING.shp,POP_GRP__2,-1,-1;HOUSEHOLD_ 'HOUSEHOLD_' true true false 10 Double 0 10 ,First,#,\\nas1\home\share\Review\Census\CENSUS_BLOCKGROUP_POP_HOUSING.shp,HOUSEHOLD_,-1,-1;HOUSEHOLD1 'HOUSEHOLD1' true true false 10 Double 0 10 ,First,#,\\nas1\home\share\Review\Census\CENSUS_BLOCKGROUP_POP_HOUSING.shp,HOUSEHOLD1,-1,-1;HOUSEHOL_1 'HOUSEHOL_1' true true false 10 Double 0 10 ,First,#,\\nas1\home\share\Review\Census\CENSUS_BLOCKGROUP_POP_HOUSING.shp,HOUSEHOL_1,-1,-1;HOUSEHOL_2 'HOUSEHOL_2' true true false 10 Double 0 10 ,First,#,\\nas1\home\share\Review\Census\CENSUS_BLOCKGROUP_POP_HOUSING.shp,HOUSEHOL_2,-1,-1;HOUSEHOL_3 'HOUSEHOL_3' true true false 10 Double 0 10 ,First,#,\\nas1\home\share\Review\Census\CENSUS_BLOCKGROUP_POP_HOUSING.shp,HOUSEHOL_3,-1,-1;HOUSEHOL_4 'HOUSEHOL_4' true true false 10 Double 0 10 ,First,#,\\nas1\home\share\Review\Census\CENSUS_BLOCKGROUP_POP_HOUSING.shp,HOUSEHOL_4,-1,-1;HOUSEHOL_5 'HOUSEHOL_5' true true false 10 Double 0 10 ,First,#,\\nas1\home\share\Review\Census\CENSUS_BLOCKGROUP_POP_HOUSING.shp,HOUSEHOL_5,-1,-1;HOUSEHOL_6 'HOUSEHOL_6' true true false 10 Double 0 10 ,First,#,\\nas1\home\share\Review\Census\CENSUS_BLOCKGROUP_POP_HOUSING.shp,HOUSEHOL_6,-1,-1;HOUSEHOL_7 'HOUSEHOL_7' true true false 10 Double 0 10 ,First,#,\\nas1\home\share\Review\Census\CENSUS_BLOCKGROUP_POP_HOUSING.shp,HOUSEHOL_7,-1,-1;HOUSEHOL_8 'HOUSEHOL_8' true true false 10 Double 0 10 ,First,#,\\nas1\home\share\Review\Census\CENSUS_BLOCKGROUP_POP_HOUSING.shp,HOUSEHOL_8,-1,-1;HOUSEHOL_9 'HOUSEHOL_9' true true false 10 Double 0 10 ,First,#,\\nas1\home\share\Review\Census\CENSUS_BLOCKGROUP_POP_HOUSING.shp,HOUSEHOL_9,-1,-1;HOUSEHO_10 'HOUSEHO_10' true true false 10 Double 0 10 ,First,#,\\nas1\home\share\Review\Census\CENSUS_BLOCKGROUP_POP_HOUSING.shp,HOUSEHO_10,-1,-1;HOUSEHO_11 'HOUSEHO_11' true true false 10 Double 0 10 ,First,#,\\nas1\home\share\Review\Census\CENSUS_BLOCKGROUP_POP_HOUSING.shp,HOUSEHO_11,-1,-1;HOUSEHO_12 'HOUSEHO_12' true true false 10 Double 0 10 ,First,#,\\nas1\home\share\Review\Census\CENSUS_BLOCKGROUP_POP_HOUSING.shp,HOUSEHO_12,-1,-1;HOUSEHO_13 'HOUSEHO_13' true true false 10 Double 0 10 ,First,#,\\nas1\home\share\Review\Census\CENSUS_BLOCKGROUP_POP_HOUSING.shp,HOUSEHO_13,-1,-1;HOUSEHO_14 'HOUSEHO_14' true true false 10 Double 0 10 ,First,#,\\nas1\home\share\Review\Census\CENSUS_BLOCKGROUP_POP_HOUSING.shp,HOUSEHO_14,-1,-1;HOUSEHO_15 'HOUSEHO_15' true true false 10 Double 0 10 ,First,#,\\nas1\home\share\Review\Census\CENSUS_BLOCKGROUP_POP_HOUSING.shp,HOUSEHO_15,-1,-1;HOUSEHO_16 'HOUSEHO_16' true true false 10 Double 0 10 ,First,#,\\nas1\home\share\Review\Census\CENSUS_BLOCKGROUP_POP_HOUSING.shp,HOUSEHO_16,-1,-1;HOUSEHO_17 'HOUSEHO_17' true true false 10 Double 0 10 ,First,#,\\nas1\home\share\Review\Census\CENSUS_BLOCKGROUP_POP_HOUSING.shp,HOUSEHO_17,-1,-1;HOUSEHO_18 'HOUSEHO_18' true true false 10 Double 0 10 ,First,#,\\nas1\home\share\Review\Census\CENSUS_BLOCKGROUP_POP_HOUSING.shp,HOUSEHO_18,-1,-1;HOUSEHO_19 'HOUSEHO_19' true true false 10 Double 0 10 ,First,#,\\nas1\home\share\Review\Census\CENSUS_BLOCKGROUP_POP_HOUSING.shp,HOUSEHO_19,-1,-1;HOUSEHO_20 'HOUSEHO_20' true true false 10 Double 0 10 ,First,#,\\nas1\home\share\Review\Census\CENSUS_BLOCKGROUP_POP_HOUSING.shp,HOUSEHO_20,-1,-1;HOUSEHO_21 'HOUSEHO_21' true true false 10 Double 0 10 ,First,#,\\nas1\home\share\Review\Census\CENSUS_BLOCKGROUP_POP_HOUSING.shp,HOUSEHO_21,-1,-1;HOUSEHO_22 'HOUSEHO_22' true true false 10 Double 0 10 ,First,#,\\nas1\home\share\Review\Census\CENSUS_BLOCKGROUP_POP_HOUSING.shp,HOUSEHO_22,-1,-1;HOUSEHO_23 'HOUSEHO_23' true true false 10 Double 0 10 ,First,#,\\nas1\home\share\Review\Census\CENSUS_BLOCKGROUP_POP_HOUSING.shp,HOUSEHO_23,-1,-1;HOUSEHO_24 'HOUSEHO_24' true true false 10 Double 0 10 ,First,#,\\nas1\home\share\Review\Census\CENSUS_BLOCKGROUP_POP_HOUSING.shp,HOUSEHO_24,-1,-1;HOUSEHO_25 'HOUSEHO_25' true true false 10 Double 0 10 ,First,#,\\nas1\home\share\Review\Census\CENSUS_BLOCKGROUP_POP_HOUSING.shp,HOUSEHO_25,-1,-1;HOUSEHO_26 'HOUSEHO_26' true true false 10 Double 0 10 ,First,#,\\nas1\home\share\Review\Census\CENSUS_BLOCKGROUP_POP_HOUSING.shp,HOUSEHO_26,-1,-1;HOUSEHO_27 'HOUSEHO_27' true true false 10 Double 0 10 ,First,#,\\nas1\home\share\Review\Census\CENSUS_BLOCKGROUP_POP_HOUSING.shp,HOUSEHO_27,-1,-1;HISPANIC_P 'HISPANIC_P' true true false 10 Double 0 10 ,First,#,\\nas1\home\share\Review\Census\CENSUS_BLOCKGROUP_POP_HOUSING.shp,HISPANIC_P,-1,-1;HISPANIC_1 'HISPANIC_1' true true false 10 Double 0 10 ,First,#,\\nas1\home\share\Review\Census\CENSUS_BLOCKGROUP_POP_HOUSING.shp,HISPANIC_1,-1,-1;HISPANIC_2 'HISPANIC_2' true true false 10 Double 0 10 ,First,#,\\nas1\home\share\Review\Census\CENSUS_BLOCKGROUP_POP_HOUSING.shp,HISPANIC_2,-1,-1;HISPANIC_3 'HISPANIC_3' true true false 10 Double 0 10 ,First,#,\\nas1\home\share\Review\Census\CENSUS_BLOCKGROUP_POP_HOUSING.shp,HISPANIC_3,-1,-1;HISPANIC_4 'HISPANIC_4' true true false 10 Double 0 10 ,First,#,\\nas1\home\share\Review\Census\CENSUS_BLOCKGROUP_POP_HOUSING.shp,HISPANIC_4,-1,-1;HISPANIC_5 'HISPANIC_5' true true false 10 Double 0 10 ,First,#,\\nas1\home\share\Review\Census\CENSUS_BLOCKGROUP_POP_HOUSING.shp,HISPANIC_5,-1,-1;HISPANIC_6 'HISPANIC_6' true true false 10 Double 0 10 ,First,#,\\nas1\home\share\Review\Census\CENSUS_BLOCKGROUP_POP_HOUSING.shp,HISPANIC_6,-1,-1;HISPANIC_7 'HISPANIC_7' true true false 10 Double 0 10 ,First,#,\\nas1\home\share\Review\Census\CENSUS_BLOCKGROUP_POP_HOUSING.shp,HISPANIC_7,-1,-1;HOUSING_ST 'HOUSING_ST' true true false 10 Double 0 10 ,First,#,\\nas1\home\share\Review\Census\CENSUS_BLOCKGROUP_POP_HOUSING.shp,HOUSING_ST,-1,-1;HOUSING__1 'HOUSING__1' true true false 10 Double 0 10 ,First,#,\\nas1\home\share\Review\Census\CENSUS_BLOCKGROUP_POP_HOUSING.shp,HOUSING__1,-1,-1;HOUSING__2 'HOUSING__2' true true false 10 Double 0 10 ,First,#,\\nas1\home\share\Review\Census\CENSUS_BLOCKGROUP_POP_HOUSING.shp,HOUSING__2,-1,-1;NONHISPANI 'NONHISPANI' true true false 10 Double 0 10 ,First,#,\\nas1\home\share\Review\Census\CENSUS_BLOCKGROUP_POP_HOUSING.shp,NONHISPANI,-1,-1;NONHISPA_1 'NONHISPA_1' true true false 10 Double 0 10 ,First,#,\\nas1\home\share\Review\Census\CENSUS_BLOCKGROUP_POP_HOUSING.shp,NONHISPA_1,-1,-1;NONHISPA_2 'NONHISPA_2' true true false 10 Double 0 10 ,First,#,\\nas1\home\share\Review\Census\CENSUS_BLOCKGROUP_POP_HOUSING.shp,NONHISPA_2,-1,-1;NONHISPA_3 'NONHISPA_3' true true false 10 Double 0 10 ,First,#,\\nas1\home\share\Review\Census\CENSUS_BLOCKGROUP_POP_HOUSING.shp,NONHISPA_3,-1,-1;NONHISPA_4 'NONHISPA_4' true true false 10 Double 0 10 ,First,#,\\nas1\home\share\Review\Census\CENSUS_BLOCKGROUP_POP_HOUSING.shp,NONHISPA_4,-1,-1;NONHISPA_5 'NONHISPA_5' true true false 10 Double 0 10 ,First,#,\\nas1\home\share\Review\Census\CENSUS_BLOCKGROUP_POP_HOUSING.shp,NONHISPA_5,-1,-1;NONHISPA_6 'NONHISPA_6' true true false 10 Double 0 10 ,First,#,\\nas1\home\share\Review\Census\CENSUS_BLOCKGROUP_POP_HOUSING.shp,NONHISPA_6,-1,-1;NONHISPA_7 'NONHISPA_7' true true false 10 Double 0 10 ,First,#,\\nas1\home\share\Review\Census\CENSUS_BLOCKGROUP_POP_HOUSING.shp,NONHISPA_7,-1,-1;POP_AGE_AL 'POP_AGE_AL' true true false 10 Double 0 10 ,First,#,\\nas1\home\share\Review\Census\CENSUS_BLOCKGROUP_POP_HOUSING.shp,POP_AGE_AL,-1,-1;POP_AGE_0_ 'POP_AGE_0_' true true false 10 Double 0 10 ,First,#,\\nas1\home\share\Review\Census\CENSUS_BLOCKGROUP_POP_HOUSING.shp,POP_AGE_0_,-1,-1;POP_AGE_10 'POP_AGE_10' true true false 10 Double 0 10 ,First,#,\\nas1\home\share\Review\Census\CENSUS_BLOCKGROUP_POP_HOUSING.shp,POP_AGE_10,-1,-1;POP_AGE_15 'POP_AGE_15' true true false 10 Double 0 10 ,First,#,\\nas1\home\share\Review\Census\CENSUS_BLOCKGROUP_POP_HOUSING.shp,POP_AGE_15,-1,-1;POP_AGE_18 'POP_AGE_18' true true false 10 Double 0 10 ,First,#,\\nas1\home\share\Review\Census\CENSUS_BLOCKGROUP_POP_HOUSING.shp,POP_AGE_18,-1,-1;POP_AGE_20 'POP_AGE_20' true true false 10 Double 0 10 ,First,#,\\nas1\home\share\Review\Census\CENSUS_BLOCKGROUP_POP_HOUSING.shp,POP_AGE_20,-1,-1;POP_AGE_25 'POP_AGE_25' true true false 10 Double 0 10 ,First,#,\\nas1\home\share\Review\Census\CENSUS_BLOCKGROUP_POP_HOUSING.shp,POP_AGE_25,-1,-1;POP_AGE_30 'POP_AGE_30' true true false 10 Double 0 10 ,First,#,\\nas1\home\share\Review\Census\CENSUS_BLOCKGROUP_POP_HOUSING.shp,POP_AGE_30,-1,-1;POP_AGE_35 'POP_AGE_35' true true false 10 Double 0 10 ,First,#,\\nas1\home\share\Review\Census\CENSUS_BLOCKGROUP_POP_HOUSING.shp,POP_AGE_35,-1,-1;POP_AGE_40 'POP_AGE_40' true true false 10 Double 0 10 ,First,#,\\nas1\home\share\Review\Census\CENSUS_BLOCKGROUP_POP_HOUSING.shp,POP_AGE_40,-1,-1;POP_AGE_45 'POP_AGE_45' true true false 10 Double 0 10 ,First,#,\\nas1\home\share\Review\Census\CENSUS_BLOCKGROUP_POP_HOUSING.shp,POP_AGE_45,-1,-1;POP_AGE_50 'POP_AGE_50' true true false 10 Double 0 10 ,First,#,\\nas1\home\share\Review\Census\CENSUS_BLOCKGROUP_POP_HOUSING.shp,POP_AGE_50,-1,-1;POP_AGE_55 'POP_AGE_55' true true false 10 Double 0 10 ,First,#,\\nas1\home\share\Review\Census\CENSUS_BLOCKGROUP_POP_HOUSING.shp,POP_AGE_55,-1,-1;POP_AGE_5_ 'POP_AGE_5_' true true false 10 Double 0 10 ,First,#,\\nas1\home\share\Review\Census\CENSUS_BLOCKGROUP_POP_HOUSING.shp,POP_AGE_5_,-1,-1;POP_AGE_60 'POP_AGE_60' true true false 10 Double 0 10 ,First,#,\\nas1\home\share\Review\Census\CENSUS_BLOCKGROUP_POP_HOUSING.shp,POP_AGE_60,-1,-1;POP_AGE_62 'POP_AGE_62' true true false 10 Double 0 10 ,First,#,\\nas1\home\share\Review\Census\CENSUS_BLOCKGROUP_POP_HOUSING.shp,POP_AGE_62,-1,-1;POP_AGE_65 'POP_AGE_65' true true false 10 Double 0 10 ,First,#,\\nas1\home\share\Review\Census\CENSUS_BLOCKGROUP_POP_HOUSING.shp,POP_AGE_65,-1,-1;POP_AGE_66 'POP_AGE_66' true true false 10 Double 0 10 ,First,#,\\nas1\home\share\Review\Census\CENSUS_BLOCKGROUP_POP_HOUSING.shp,POP_AGE_66,-1,-1;POP_AGE_70 'POP_AGE_70' true true false 10 Double 0 10 ,First,#,\\nas1\home\share\Review\Census\CENSUS_BLOCKGROUP_POP_HOUSING.shp,POP_AGE_70,-1,-1;POP_AGE_75 'POP_AGE_75' true true false 10 Double 0 10 ,First,#,\\nas1\home\share\Review\Census\CENSUS_BLOCKGROUP_POP_HOUSING.shp,POP_AGE_75,-1,-1;POP_AGE_80 'POP_AGE_80' true true false 10 Double 0 10 ,First,#,\\nas1\home\share\Review\Census\CENSUS_BLOCKGROUP_POP_HOUSING.shp,POP_AGE_80,-1,-1;POP_AGE_85 'POP_AGE_85' true true false 10 Double 0 10 ,First,#,\\nas1\home\share\Review\Census\CENSUS_BLOCKGROUP_POP_HOUSING.shp,POP_AGE_85,-1,-1;POP_AGE_LE 'POP_AGE_LE' true true false 10 Double 0 10 ,First,#,\\nas1\home\share\Review\Census\CENSUS_BLOCKGROUP_POP_HOUSING.shp,POP_AGE_LE,-1,-1;POP_FEMALE 'POP_FEMALE' true true false 10 Double 0 10 ,First,#,\\nas1\home\share\Review\Census\CENSUS_BLOCKGROUP_POP_HOUSING.shp,POP_FEMALE,-1,-1;POP_FEMA_1 'POP_FEMA_1' true true false 10 Double 0 10 ,First,#,\\nas1\home\share\Review\Census\CENSUS_BLOCKGROUP_POP_HOUSING.shp,POP_FEMA_1,-1,-1;POP_FEMA_2 'POP_FEMA_2' true true false 10 Double 0 10 ,First,#,\\nas1\home\share\Review\Census\CENSUS_BLOCKGROUP_POP_HOUSING.shp,POP_FEMA_2,-1,-1;POP_FEMA_3 'POP_FEMA_3' true true false 10 Double 0 10 ,First,#,\\nas1\home\share\Review\Census\CENSUS_BLOCKGROUP_POP_HOUSING.shp,POP_FEMA_3,-1,-1;POP_MALE_T 'POP_MALE_T' true true false 10 Double 0 10 ,First,#,\\nas1\home\share\Review\Census\CENSUS_BLOCKGROUP_POP_HOUSING.shp,POP_MALE_T,-1,-1;POP_MALE_0 'POP_MALE_0' true true false 10 Double 0 10 ,First,#,\\nas1\home\share\Review\Census\CENSUS_BLOCKGROUP_POP_HOUSING.shp,POP_MALE_0,-1,-1;POP_MALE_5 'POP_MALE_5' true true false 10 Double 0 10 ,First,#,\\nas1\home\share\Review\Census\CENSUS_BLOCKGROUP_POP_HOUSING.shp,POP_MALE_5,-1,-1;POP_MALE_L 'POP_MALE_L' true true false 10 Double 0 10 ,First,#,\\nas1\home\share\Review\Census\CENSUS_BLOCKGROUP_POP_HOUSING.shp,POP_MALE_L,-1,-1;POP_15_YEA 'POP_15_YEA' true true false 10 Double 0 10 ,First,#,\\nas1\home\share\Review\Census\CENSUS_BLOCKGROUP_POP_HOUSING.shp,POP_15_YEA,-1,-1;POP_5_YEAR 'POP_5_YEAR' true true false 10 Double 0 10 ,First,#,\\nas1\home\share\Review\Census\CENSUS_BLOCKGROUP_POP_HOUSING.shp,POP_5_YEAR,-1,-1;POP_5_YE_1 'POP_5_YE_1' true true false 10 Double 0 10 ,First,#,\\nas1\home\share\Review\Census\CENSUS_BLOCKGROUP_POP_HOUSING.shp,POP_5_YE_1,-1,-1;HOUSING__3 'HOUSING__3' true true false 10 Double 0 10 ,First,#,\\nas1\home\share\Review\Census\CENSUS_BLOCKGROUP_POP_HOUSING.shp,HOUSING__3,-1,-1;HOUSING__4 'HOUSING__4' true true false 10 Double 0 10 ,First,#,\\nas1\home\share\Review\Census\CENSUS_BLOCKGROUP_POP_HOUSING.shp,HOUSING__4,-1,-1;HOUSING__5 'HOUSING__5' true true false 10 Double 0 10 ,First,#,\\nas1\home\share\Review\Census\CENSUS_BLOCKGROUP_POP_HOUSING.shp,HOUSING__5,-1,-1;HOUSING__6 'HOUSING__6' true true false 10 Double 0 10 ,First,#,\\nas1\home\share\Review\Census\CENSUS_BLOCKGROUP_POP_HOUSING.shp,HOUSING__6,-1,-1;HOUSING__7 'HOUSING__7' true true false 10 Double 0 10 ,First,#,\\nas1\home\share\Review\Census\CENSUS_BLOCKGROUP_POP_HOUSING.shp,HOUSING__7,-1,-1;HOUSING__8 'HOUSING__8' true true false 10 Double 0 10 ,First,#,\\nas1\home\share\Review\Census\CENSUS_BLOCKGROUP_POP_HOUSING.shp,HOUSING__8,-1,-1;HOUSING__9 'HOUSING__9' true true false 10 Double 0 10 ,First,#,\\nas1\home\share\Review\Census\CENSUS_BLOCKGROUP_POP_HOUSING.shp,HOUSING__9,-1,-1;HOUSING_10 'HOUSING_10' true true false 10 Double 0 10 ,First,#,\\nas1\home\share\Review\Census\CENSUS_BLOCKGROUP_POP_HOUSING.shp,HOUSING_10,-1,-1;HOUSING_11 'HOUSING_11' true true false 10 Double 0 10 ,First,#,\\nas1\home\share\Review\Census\CENSUS_BLOCKGROUP_POP_HOUSING.shp,HOUSING_11,-1,-1;HOUSEHO_28 'HOUSEHO_28' true true false 10 Double 0 10 ,First,#,\\nas1\home\share\Review\Census\CENSUS_BLOCKGROUP_POP_HOUSING.shp,HOUSEHO_28,-1,-1;HOUSEHO_29 'HOUSEHO_29' true true false 10 Double 0 10 ,First,#,\\nas1\home\share\Review\Census\CENSUS_BLOCKGROUP_POP_HOUSING.shp,HOUSEHO_29,-1,-1;HOUSEHO_30 'HOUSEHO_30' true true false 10 Double 0 10 ,First,#,\\nas1\home\share\Review\Census\CENSUS_BLOCKGROUP_POP_HOUSING.shp,HOUSEHO_30,-1,-1;HOUSEHO_31 'HOUSEHO_31' true true false 10 Double 0 10 ,First,#,\\nas1\home\share\Review\Census\CENSUS_BLOCKGROUP_POP_HOUSING.shp,HOUSEHO_31,-1,-1;HOUSEHO_32 'HOUSEHO_32' true true false 10 Double 0 10 ,First,#,\\nas1\home\share\Review\Census\CENSUS_BLOCKGROUP_POP_HOUSING.shp,HOUSEHO_32,-1,-1;HOUSEHO_33 'HOUSEHO_33' true true false 10 Double 0 10 ,First,#,\\nas1\home\share\Review\Census\CENSUS_BLOCKGROUP_POP_HOUSING.shp,HOUSEHO_33,-1,-1;HOUSEHO_34 'HOUSEHO_34' true true false 10 Double 0 10 ,First,#,\\nas1\home\share\Review\Census\CENSUS_BLOCKGROUP_POP_HOUSING.shp,HOUSEHO_34,-1,-1;HOUSEHO_35 'HOUSEHO_35' true true false 10 Double 0 10 ,First,#,\\nas1\home\share\Review\Census\CENSUS_BLOCKGROUP_POP_HOUSING.shp,HOUSEHO_35,-1,-1;HOUSEHO_36 'HOUSEHO_36' true true false 10 Double 0 10 ,First,#,\\nas1\home\share\Review\Census\CENSUS_BLOCKGROUP_POP_HOUSING.shp,HOUSEHO_36,-1,-1;HOUSEHO_37 'HOUSEHO_37' true true false 10 Double 0 10 ,First,#,\\nas1\home\share\Review\Census\CENSUS_BLOCKGROUP_POP_HOUSING.shp,HOUSEHO_37,-1,-1;HOUSEHO_38 'HOUSEHO_38' true true false 10 Double 0 10 ,First,#,\\nas1\home\share\Review\Census\CENSUS_BLOCKGROUP_POP_HOUSING.shp,HOUSEHO_38,-1,-1;HOUSEHO_39 'HOUSEHO_39' true true false 10 Double 0 10 ,First,#,\\nas1\home\share\Review\Census\CENSUS_BLOCKGROUP_POP_HOUSING.shp,HOUSEHO_39,-1,-1;HOUSEHO_40 'HOUSEHO_40' true true false 10 Double 0 10 ,First,#,\\nas1\home\share\Review\Census\CENSUS_BLOCKGROUP_POP_HOUSING.shp,HOUSEHO_40,-1,-1;HOUSEHO_41 'HOUSEHO_41' true true false 10 Double 0 10 ,First,#,\\nas1\home\share\Review\Census\CENSUS_BLOCKGROUP_POP_HOUSING.shp,HOUSEHO_41,-1,-1;HOUSEHO_42 'HOUSEHO_42' true true false 10 Double 0 10 ,First,#,\\nas1\home\share\Review\Census\CENSUS_BLOCKGROUP_POP_HOUSING.shp,HOUSEHO_42,-1,-1;HOUSEHO_43 'HOUSEHO_43' true true false 10 Double 0 10 ,First,#,\\nas1\home\share\Review\Census\CENSUS_BLOCKGROUP_POP_HOUSING.shp,HOUSEHO_43,-1,-1;HOUSEHO_44 'HOUSEHO_44' true true false 10 Double 0 10 ,First,#,\\nas1\home\share\Review\Census\CENSUS_BLOCKGROUP_POP_HOUSING.shp,HOUSEHO_44,-1,-1;HOUSEHO_45 'HOUSEHO_45' true true false 10 Double 0 10 ,First,#,\\nas1\home\share\Review\Census\CENSUS_BLOCKGROUP_POP_HOUSING.shp,HOUSEHO_45,-1,-1;HOUSEHO_46 'HOUSEHO_46' true true false 10 Double 0 10 ,First,#,\\nas1\home\share\Review\Census\CENSUS_BLOCKGROUP_POP_HOUSING.shp,HOUSEHO_46,-1,-1;HOUSEHO_47 'HOUSEHO_47' true true false 10 Double 0 10 ,First,#,\\nas1\home\share\Review\Census\CENSUS_BLOCKGROUP_POP_HOUSING.shp,HOUSEHO_47,-1,-1;HOUSING_UN 'HOUSING_UN' true true false 10 Double 0 10 ,First,#,\\nas1\home\share\Review\Census\CENSUS_BLOCKGROUP_POP_HOUSING.shp,HOUSING_UN,-1,-1;HOUSING_12 'HOUSING_12' true true false 10 Double 0 10 ,First,#,\\nas1\home\share\Review\Census\CENSUS_BLOCKGROUP_POP_HOUSING.shp,HOUSING_12,-1,-1;HOUSING_13 'HOUSING_13' true true false 10 Double 0 10 ,First,#,\\nas1\home\share\Review\Census\CENSUS_BLOCKGROUP_POP_HOUSING.shp,HOUSING_13,-1,-1;HOUSING_14 'HOUSING_14' true true false 10 Double 0 10 ,First,#,\\nas1\home\share\Review\Census\CENSUS_BLOCKGROUP_POP_HOUSING.shp,HOUSING_14,-1,-1;HOUSING_15 'HOUSING_15' true true false 10 Double 0 10 ,First,#,\\nas1\home\share\Review\Census\CENSUS_BLOCKGROUP_POP_HOUSING.shp,HOUSING_15,-1,-1;HOUSING_16 'HOUSING_16' true true false 10 Double 0 10 ,First,#,\\nas1\home\share\Review\Census\CENSUS_BLOCKGROUP_POP_HOUSING.shp,HOUSING_16,-1,-1;HOUSING_17 'HOUSING_17' true true false 10 Double 0 10 ,First,#,\\nas1\home\share\Review\Census\CENSUS_BLOCKGROUP_POP_HOUSING.shp,HOUSING_17,-1,-1;HOUSING_18 'HOUSING_18' true true false 10 Double 0 10 ,First,#,\\nas1\home\share\Review\Census\CENSUS_BLOCKGROUP_POP_HOUSING.shp,HOUSING_18,-1,-1;HOUSING_19 'HOUSING_19' true true false 10 Double 0 10 ,First,#,\\nas1\home\share\Review\Census\CENSUS_BLOCKGROUP_POP_HOUSING.shp,HOUSING_19,-1,-1;HOUSING_20 'HOUSING_20' true true false 10 Double 0 10 ,First,#,\\nas1\home\share\Review\Census\CENSUS_BLOCKGROUP_POP_HOUSING.shp,HOUSING_20,-1,-1;HOUSEHO_48 'HOUSEHO_48' true true false 10 Double 0 10 ,First,#,\\nas1\home\share\Review\Census\CENSUS_BLOCKGROUP_POP_HOUSING.shp,HOUSEHO_48,-1,-1;HOUSEHO_49 'HOUSEHO_49' true true false 10 Double 0 10 ,First,#,\\nas1\home\share\Review\Census\CENSUS_BLOCKGROUP_POP_HOUSING.shp,HOUSEHO_49,-1,-1;HOUSEHO_50 'HOUSEHO_50' true true false 10 Double 0 10 ,First,#,\\nas1\home\share\Review\Census\CENSUS_BLOCKGROUP_POP_HOUSING.shp,HOUSEHO_50,-1,-1;HOUSEHO_51 'HOUSEHO_51' true true false 10 Double 0 10 ,First,#,\\nas1\home\share\Review\Census\CENSUS_BLOCKGROUP_POP_HOUSING.shp,HOUSEHO_51,-1,-1;HOUSEHO_52 'HOUSEHO_52' true true false 10 Double 0 10 ,First,#,\\nas1\home\share\Review\Census\CENSUS_BLOCKGROUP_POP_HOUSING.shp,HOUSEHO_52,-1,-1;HOUSEHO_53 'HOUSEHO_53' true true false 10 Double 0 10 ,First,#,\\nas1\home\share\Review\Census\CENSUS_BLOCKGROUP_POP_HOUSING.shp,HOUSEHO_53,-1,-1;HOUSEHO_54 'HOUSEHO_54' true true false 10 Double 0 10 ,First,#,\\nas1\home\share\Review\Census\CENSUS_BLOCKGROUP_POP_HOUSING.shp,HOUSEHO_54,-1,-1;HOUSEHO_55 'HOUSEHO_55' true true false 10 Double 0 10 ,First,#,\\nas1\home\share\Review\Census\CENSUS_BLOCKGROUP_POP_HOUSING.shp,HOUSEHO_55,-1,-1;HOUSEHO_56 'HOUSEHO_56' true true false 10 Double 0 10 ,First,#,\\nas1\home\share\Review\Census\CENSUS_BLOCKGROUP_POP_HOUSING.shp,HOUSEHO_56,-1,-1;HOUSEHO_57 'HOUSEHO_57' true true false 10 Double 0 10 ,First,#,\\nas1\home\share\Review\Census\CENSUS_BLOCKGROUP_POP_HOUSING.shp,HOUSEHO_57,-1,-1;HOUSEHO_58 'HOUSEHO_58' true true false 10 Double 0 10 ,First,#,\\nas1\home\share\Review\Census\CENSUS_BLOCKGROUP_POP_HOUSING.shp,HOUSEHO_58,-1,-1;HOUSEHO_59 'HOUSEHO_59' true true false 10 Double 0 10 ,First,#,\\nas1\home\share\Review\Census\CENSUS_BLOCKGROUP_POP_HOUSING.shp,HOUSEHO_59,-1,-1;HOUSEHO_60 'HOUSEHO_60' true true false 10 Double 0 10 ,First,#,\\nas1\home\share\Review\Census\CENSUS_BLOCKGROUP_POP_HOUSING.shp,HOUSEHO_60,-1,-1;HOUSEHO_61 'HOUSEHO_61' true true false 10 Double 0 10 ,First,#,\\nas1\home\share\Review\Census\CENSUS_BLOCKGROUP_POP_HOUSING.shp,HOUSEHO_61,-1,-1;HOUSING_VA 'HOUSING_VA' true true false 10 Double 0 10 ,First,#,\\nas1\home\share\Review\Census\CENSUS_BLOCKGROUP_POP_HOUSING.shp,HOUSING_VA,-1,-1;HOUSING_21 'HOUSING_21' true true false 10 Double 0 10 ,First,#,\\nas1\home\share\Review\Census\CENSUS_BLOCKGROUP_POP_HOUSING.shp,HOUSING_21,-1,-1;HOUSING_22 'HOUSING_22' true true false 10 Double 0 10 ,First,#,\\nas1\home\share\Review\Census\CENSUS_BLOCKGROUP_POP_HOUSING.shp,HOUSING_22,-1,-1;HOUSING_23 'HOUSING_23' true true false 10 Double 0 10 ,First,#,\\nas1\home\share\Review\Census\CENSUS_BLOCKGROUP_POP_HOUSING.shp,HOUSING_23,-1,-1;HOUSING_24 'HOUSING_24' true true false 10 Double 0 10 ,First,#,\\nas1\home\share\Review\Census\CENSUS_BLOCKGROUP_POP_HOUSING.shp,HOUSING_24,-1,-1;HOUSING_25 'HOUSING_25' true true false 10 Double 0 10 ,First,#,\\nas1\home\share\Review\Census\CENSUS_BLOCKGROUP_POP_HOUSING.shp,HOUSING_25,-1,-1;HOUSING_26 'HOUSING_26' true true false 10 Double 0 10 ,First,#,\\nas1\home\share\Review\Census\CENSUS_BLOCKGROUP_POP_HOUSING.shp,HOUSING_26,-1,-1;HOUSING_27 'HOUSING_27' true true false 10 Double 0 10 ,First,#,\\nas1\home\share\Review\Census\CENSUS_BLOCKGROUP_POP_HOUSING.shp,HOUSING_27,-1,-1;HOUSING_28 'HOUSING_28' true true false 10 Double 0 10 ,First,#,\\nas1\home\share\Review\Census\CENSUS_BLOCKGROUP_POP_HOUSING.shp,HOUSING_28,-1,-1;HOUSING_29 'HOUSING_29' true true false 10 Double 0 10 ,First,#,\\nas1\home\share\Review\Census\CENSUS_BLOCKGROUP_POP_HOUSING.shp,HOUSING_29,-1,-1;HOUSEHO_62 'HOUSEHO_62' true true false 10 Double 0 10 ,First,#,\\nas1\home\share\Review\Census\CENSUS_BLOCKGROUP_POP_HOUSING.shp,HOUSEHO_62,-1,-1;HOUSEHO_63 'HOUSEHO_63' true true false 10 Double 0 10 ,First,#,\\nas1\home\share\Review\Census\CENSUS_BLOCKGROUP_POP_HOUSING.shp,HOUSEHO_63,-1,-1;HOUSEHO_64 'HOUSEHO_64' true true false 10 Double 0 10 ,First,#,\\nas1\home\share\Review\Census\CENSUS_BLOCKGROUP_POP_HOUSING.shp,HOUSEHO_64,-1,-1;HOUSEHO_65 'HOUSEHO_65' true true false 10 Double 0 10 ,First,#,\\nas1\home\share\Review\Census\CENSUS_BLOCKGROUP_POP_HOUSING.shp,HOUSEHO_65,-1,-1;HOUSEHO_66 'HOUSEHO_66' true true false 10 Double 0 10 ,First,#,\\nas1\home\share\Review\Census\CENSUS_BLOCKGROUP_POP_HOUSING.shp,HOUSEHO_66,-1,-1;FAMILIES_T 'FAMILIES_T' true true false 10 Double 0 10 ,First,#,\\nas1\home\share\Review\Census\CENSUS_BLOCKGROUP_POP_HOUSING.shp,FAMILIES_T,-1,-1;FAMILIES_M 'FAMILIES_M' true true false 10 Double 0 10 ,First,#,\\nas1\home\share\Review\Census\CENSUS_BLOCKGROUP_POP_HOUSING.shp,FAMILIES_M,-1,-1;FAMILIES_1 'FAMILIES_1' true true false 10 Double 0 10 ,First,#,\\nas1\home\share\Review\Census\CENSUS_BLOCKGROUP_POP_HOUSING.shp,FAMILIES_1,-1,-1;FAMILIES_F 'FAMILIES_F' true true false 10 Double 0 10 ,First,#,\\nas1\home\share\Review\Census\CENSUS_BLOCKGROUP_POP_HOUSING.shp,FAMILIES_F,-1,-1;FAMILIES_K 'FAMILIES_K' true true false 10 Double 0 10 ,First,#,\\nas1\home\share\Review\Census\CENSUS_BLOCKGROUP_POP_HOUSING.shp,FAMILIES_K,-1,-1;FAMILIES_2 'FAMILIES_2' true true false 10 Double 0 10 ,First,#,\\nas1\home\share\Review\Census\CENSUS_BLOCKGROUP_POP_HOUSING.shp,FAMILIES_2,-1,-1;FAMILIES_3 'FAMILIES_3' true true false 10 Double 0 10 ,First,#,\\nas1\home\share\Review\Census\CENSUS_BLOCKGROUP_POP_HOUSING.shp,FAMILIES_3,-1,-1;FAMILIES_4 'FAMILIES_4' true true false 10 Double 0 10 ,First,#,\\nas1\home\share\Review\Census\CENSUS_BLOCKGROUP_POP_HOUSING.shp,FAMILIES_4,-1,-1;FAMILIES_N 'FAMILIES_N' true true false 10 Double 0 10 ,First,#,\\nas1\home\share\Review\Census\CENSUS_BLOCKGROUP_POP_HOUSING.shp,FAMILIES_N,-1,-1;FAMILIES_5 'FAMILIES_5' true true false 10 Double 0 10 ,First,#,\\nas1\home\share\Review\Census\CENSUS_BLOCKGROUP_POP_HOUSING.shp,FAMILIES_5,-1,-1;FAMILIES_6 'FAMILIES_6' true true false 10 Double 0 10 ,First,#,\\nas1\home\share\Review\Census\CENSUS_BLOCKGROUP_POP_HOUSING.shp,FAMILIES_6,-1,-1;FAMILIES_7 'FAMILIES_7' true true false 10 Double 0 10 ,First,#,\\nas1\home\share\Review\Census\CENSUS_BLOCKGROUP_POP_HOUSING.shp,FAMILIES_7,-1,-1;HOUSEHO_67 'HOUSEHO_67' true true false 10 Double 0 10 ,First,#,\\nas1\home\share\Review\Census\CENSUS_BLOCKGROUP_POP_HOUSING.shp,HOUSEHO_67,-1,-1;HOUSEHO_68 'HOUSEHO_68' true true false 10 Double 0 10 ,First,#,\\nas1\home\share\Review\Census\CENSUS_BLOCKGROUP_POP_HOUSING.shp,HOUSEHO_68,-1,-1;HOUSEHO_69 'HOUSEHO_69' true true false 10 Double 0 10 ,First,#,\\nas1\home\share\Review\Census\CENSUS_BLOCKGROUP_POP_HOUSING.shp,HOUSEHO_69,-1,-1;HOUSEHO_70 'HOUSEHO_70' true true false 10 Double 0 10 ,First,#,\\nas1\home\share\Review\Census\CENSUS_BLOCKGROUP_POP_HOUSING.shp,HOUSEHO_70,-1,-1;HOUSEHO_71 'HOUSEHO_71' true true false 10 Double 0 10 ,First,#,\\nas1\home\share\Review\Census\CENSUS_BLOCKGROUP_POP_HOUSING.shp,HOUSEHO_71,-1,-1;HOUSEHO_72 'HOUSEHO_72' true true false 10 Double 0 10 ,First,#,\\nas1\home\share\Review\Census\CENSUS_BLOCKGROUP_POP_HOUSING.shp,HOUSEHO_72,-1,-1;HOUSEHO_73 'HOUSEHO_73' true true false 10 Double 0 10 ,First,#,\\nas1\home\share\Review\Census\CENSUS_BLOCKGROUP_POP_HOUSING.shp,HOUSEHO_73,-1,-1;HOUSEHO_74 'HOUSEHO_74' true true false 10 Double 0 10 ,First,#,\\nas1\home\share\Review\Census\CENSUS_BLOCKGROUP_POP_HOUSING.shp,HOUSEHO_74,-1,-1;HOUSEHO_75 'HOUSEHO_75' true true false 10 Double 0 10 ,First,#,\\nas1\home\share\Review\Census\CENSUS_BLOCKGROUP_POP_HOUSING.shp,HOUSEHO_75,-1,-1;OBJECTID 'OBJECTID' true true false 10 Double 0 10 ,First,#,\\nas1\home\share\Review\Census\CENSUS_BLOCKGROUP_POP_HOUSING.shp,OBJECTID,-1,-1;SHP_ID_ARE 'SHP_ID_ARE' true true false 19 Double 0 0 ,First,#,\\nas1\home\share\Review\Census\CENSUS_BLOCKGROUP_POP_HOUSING.shp,SHP_ID_ARE,-1,-1;SHP_ID_LEN 'SHP_ID_LEN' true true false 19 Double 0 0 ,First,#,\\nas1\home\share\Review\Census\CENSUS_BLOCKGROUP_POP_HOUSING.shp,SHP_ID_LEN,-1,-1" YEARLY "Database Connections\SANGIS@SANGIS.sde\SANGIS.CENSUS_BLOCKGROUP_POP_HOUSING"</Process></lineage></DataProperties><MetaID>{AA3959D5-5702-40FF-B592-DF9CD6E3D2A1}</MetaID></Esri><idinfo><native Sync="TRUE">Microsoft Windows XP Version 5.1 (Build 2600) Service Pack 3; ESRI ArcCatalog 9.3.1.3500</native><descript><langdata Sync="TRUE">en</langdata><abstract>REQUIRED: A brief narrative summary of the data set.</abstract><purpose>REQUIRED: A summary of the intentions with which the data set was developed.</purpose></descript><citation><citeinfo><origin>REQUIRED: The name of an organization or individual that developed the data set.</origin><pubdate>REQUIRED: The date when the data set is published or otherwise made available for release.</pubdate><title Sync="TRUE">Census_Blockgroup_Pop_Housing</title><ftname Sync="TRUE">Census_Blockgroup_Pop_Housing</ftname><geoform Sync="TRUE">vector digital data</geoform><onlink Sync="TRUE">\\BLACK-XP\C$\PublicFiles\Census\Census_Blockgroup_Pop_Housing.shp</onlink></citeinfo></citation><timeperd><current>REQUIRED: The basis on which the time period of content information is determined.</current><timeinfo><sngdate><caldate>REQUIRED: The year (and optionally month, or month and day) for which the data set corresponds to the ground.</caldate></sngdate></timeinfo></timeperd><status><progress>REQUIRED: The state of the data set.</progress><update>REQUIRED: The frequency with which changes and additions are made to the data set after the initial data set is completed.</update></status><spdom><bounding><westbc Sync="TRUE">-117.597987</westbc><eastbc Sync="TRUE">-116.080156</eastbc><northbc Sync="TRUE">33.511553</northbc><southbc Sync="TRUE">32.530161</southbc></bounding><lboundng><leftbc Sync="TRUE">6150763.500005</leftbc><rightbc Sync="TRUE">6613436.999995</rightbc><bottombc Sync="TRUE">1775304.125023</bottombc><topbc Sync="TRUE">2129760.000024</topbc></lboundng></spdom><keywords><theme><themekt>REQUIRED: Reference to a formally registered thesaurus or a similar authoritative source of theme keywords.</themekt><themekey>REQUIRED: Common-use word or phrase used to describe the subject of the data set.</themekey></theme></keywords><accconst>REQUIRED: Restrictions and legal prerequisites for accessing the data set.</accconst><useconst>REQUIRED: Restrictions and legal prerequisites for using the data set after access is granted.</useconst><natvform Sync="TRUE">Shapefile</natvform></idinfo><dataIdInfo><envirDesc Sync="TRUE">Microsoft Windows XP Version 5.1 (Build 2600) Service Pack 3; ESRI ArcCatalog 9.3.1.3500</envirDesc><dataLang><languageCode Sync="TRUE" value="en"></languageCode></dataLang><idCitation><resTitle Sync="TRUE">Census_Blockgroup_Pop_Housing</resTitle><presForm><PresFormCd Sync="TRUE" value="005"></PresFormCd></presForm></idCitation><spatRpType><SpatRepTypCd Sync="TRUE" value="001"></SpatRepTypCd></spatRpType><dataExt><geoEle><GeoBndBox esriExtentType="native"><westBL Sync="TRUE">6150763.500005</westBL><eastBL Sync="TRUE">6613436.999995</eastBL><northBL Sync="TRUE">2129760.000024</northBL><southBL Sync="TRUE">1775304.125023</southBL><exTypeCode Sync="TRUE">1</exTypeCode></GeoBndBox></geoEle></dataExt><geoBox esriExtentType="decdegrees"><westBL Sync="TRUE">-117.597987</westBL><eastBL Sync="TRUE">-116.080156</eastBL><northBL Sync="TRUE">33.511553</northBL><southBL Sync="TRUE">32.530161</southBL><exTypeCode Sync="TRUE">1</exTypeCode></geoBox></dataIdInfo><metainfo><langmeta Sync="TRUE">en</langmeta><metstdn Sync="TRUE">FGDC Content Standards for Digital Geospatial Metadata</metstdn><metstdv Sync="TRUE">FGDC-STD-001-1998</metstdv><mettc Sync="TRUE">local time</mettc><metc><cntinfo><cntorgp><cntper>REQUIRED: The person responsible for the metadata information.</cntper><cntorg>REQUIRED: The organization responsible for the metadata information.</cntorg></cntorgp><cntaddr><addrtype>REQUIRED: The mailing and/or physical address for the organization or individual.</addrtype><city>REQUIRED: The city of the address.</city><state>REQUIRED: The state or province of the address.</state><postal>REQUIRED: The ZIP or other postal code of the address.</postal></cntaddr><cntvoice>REQUIRED: The telephone number by which individuals can speak to the organization or individual.</cntvoice></cntinfo></metc><metd Sync="TRUE">20100304</metd><metextns><onlink Sync="TRUE">http://www.esri.com/metadata/esriprof80.html</onlink><metprof Sync="TRUE">ESRI Metadata Profile</metprof></metextns></metainfo><mdLang><languageCode Sync="TRUE" value="en"></languageCode></mdLang><mdStanName Sync="TRUE">ISO 19115 Geographic Information - Metadata</mdStanName><mdStanVer Sync="TRUE">DIS_ESRI1.0</mdStanVer><mdChar><CharSetCd Sync="TRUE" value="004"></CharSetCd></mdChar><mdHrLv><ScopeCd Sync="TRUE" value="005"></ScopeCd></mdHrLv><mdHrLvName Sync="TRUE">dataset</mdHrLvName><distinfo><resdesc Sync="TRUE">Downloadable Data</resdesc><stdorder><digform><digtinfo><transize Sync="TRUE">5.453</transize><dssize Sync="TRUE">5.453</dssize></digtinfo></digform></stdorder></distinfo><distInfo><distributor><distorTran><onLineSrc><orDesc Sync="TRUE">002</orDesc><linkage Sync="TRUE">file://\\BLACK-XP\C$\PublicFiles\Census\Census_Blockgroup_Pop_Housing.shp</linkage><protocol Sync="TRUE">Local Area Network</protocol></onLineSrc><transSize Sync="TRUE">5.453</transSize></distorTran><distorFormat><formatName Sync="TRUE">Shapefile</formatName></distorFormat></distributor></distInfo><spdoinfo><direct Sync="TRUE">Vector</direct><ptvctinf><esriterm Name="Census_Blockgroup_Pop_Housing"><efeatyp Sync="TRUE">Simple</efeatyp><efeageom Sync="TRUE">Polygon</efeageom><esritopo Sync="TRUE">FALSE</esritopo><efeacnt Sync="TRUE">1762</efeacnt><spindex Sync="TRUE">TRUE</spindex><linrefer Sync="TRUE">FALSE</linrefer></esriterm><sdtsterm Name="Census_Blockgroup_Pop_Housing"><sdtstype Sync="TRUE">G-polygon</sdtstype><ptvctcnt Sync="TRUE">1762</ptvctcnt></sdtsterm></ptvctinf></spdoinfo><spref><horizsys><cordsysn><geogcsn Sync="TRUE">GCS_North_American_1983</geogcsn><projcsn Sync="TRUE">NAD_1983_StatePlane_California_VI_FIPS_0406_Feet</projcsn></cordsysn><planar><planci><plance Sync="TRUE">coordinate pair</plance><plandu Sync="TRUE">survey feet</plandu><coordrep><absres Sync="TRUE">0.000000</absres><ordres Sync="TRUE">0.000000</ordres></coordrep></planci><mapproj><mapprojn Sync="TRUE">Lambert Conformal Conic</mapprojn><lambertc><stdparll Sync="TRUE">32.783333</stdparll><stdparll Sync="TRUE">33.883333</stdparll><longcm Sync="TRUE">-116.250000</longcm><latprjo Sync="TRUE">32.166667</latprjo><feast Sync="TRUE">6561666.666667</feast><fnorth Sync="TRUE">1640416.666667</fnorth></lambertc></mapproj></planar><geodetic><horizdn Sync="TRUE">North American Datum of 1983</horizdn><ellips Sync="TRUE">Geodetic Reference System 80</ellips><semiaxis Sync="TRUE">6378137.000000</semiaxis><denflat Sync="TRUE">298.257222</denflat></geodetic></horizsys><vertdef><altsys><altenc Sync="TRUE">Explicit elevation coordinate included with horizontal coordinates</altenc><altres Sync="TRUE">1.000000</altres></altsys></vertdef></spref><refSysInfo><RefSystem><refSysID><identCode Sync="TRUE">NAD_1983_StatePlane_California_VI_FIPS_0406_Feet</identCode></refSysID></RefSystem></refSysInfo><spatRepInfo><VectSpatRep><topLvl><TopoLevCd Sync="TRUE" value="001"></TopoLevCd></topLvl><geometObjs Name="Census_Blockgroup_Pop_Housing"><geoObjTyp><GeoObjTypCd Sync="TRUE" value="001"></GeoObjTypCd></geoObjTyp><geoObjCnt Sync="TRUE">1762</geoObjCnt></geometObjs></VectSpatRep></spatRepInfo><eainfo><detailed Name="Census_Blockgroup_Pop_Housing"><enttyp><enttypl Sync="TRUE">Census_Blockgroup_Pop_Housing</enttypl><enttypt Sync="TRUE">Feature Class</enttypt><enttypc Sync="TRUE">1762</enttypc></enttyp><attr><attrlabl Sync="TRUE">FID</attrlabl><attalias Sync="TRUE">FID</attalias><attrtype Sync="TRUE">OID</attrtype><attwidth Sync="TRUE">4</attwidth><atprecis Sync="TRUE">0</atprecis><attscale Sync="TRUE">0</attscale><attrdef Sync="TRUE">Internal feature number.</attrdef><attrdefs Sync="TRUE">ESRI</attrdefs><attrdomv><udom Sync="TRUE">Sequential unique whole numbers that are automatically generated.</udom></attrdomv></attr><attr><attrlabl Sync="TRUE">OBJECTID_1</attrlabl><attalias Sync="TRUE">OBJECTID_1</attalias><attrtype Sync="TRUE">Number</attrtype><attwidth Sync="TRUE">10</attwidth><attrdef Sync="TRUE">Internal feature number.</attrdef><attrdefs Sync="TRUE">ESRI</attrdefs><attrdomv><udom Sync="TRUE">Sequential unique whole numbers that are automatically generated.</udom></attrdomv></attr><attr><attrlabl Sync="TRUE">CTBG</attrlabl><attalias Sync="TRUE">CTBG</attalias><attrtype Sync="TRUE">Number</attrtype><attwidth Sync="TRUE">10</attwidth></attr><attr><attrlabl Sync="TRUE">BLOCKGRPNO</attrlabl><attalias Sync="TRUE">BLOCKGRPNO</attalias><attrtype Sync="TRUE">Number</attrtype><attwidth Sync="TRUE">12</attwidth><atnumdec Sync="TRUE">3</atnumdec></attr><attr><attrlabl Sync="TRUE">POP_GRP_QT</attrlabl><attalias Sync="TRUE">POP_GRP_QT</attalias><attrtype Sync="TRUE">Number</attrtype><attwidth Sync="TRUE">10</attwidth></attr><attr><attrlabl Sync="TRUE">POP_GRP__1</attrlabl><attalias Sync="TRUE">POP_GRP__1</attalias><attrtype Sync="TRUE">Number</attrtype><attwidth Sync="TRUE">10</attwidth></attr><attr><attrlabl Sync="TRUE">POP_GRP__2</attrlabl><attalias Sync="TRUE">POP_GRP__2</attalias><attrtype Sync="TRUE">Number</attrtype><attwidth Sync="TRUE">10</attwidth></attr><attr><attrlabl Sync="TRUE">HOUSEHOLD_</attrlabl><attalias Sync="TRUE">HOUSEHOLD_</attalias><attrtype Sync="TRUE">Number</attrtype><attwidth Sync="TRUE">10</attwidth></attr><attr><attrlabl Sync="TRUE">HOUSEHOLD1</attrlabl><attalias Sync="TRUE">HOUSEHOLD1</attalias><attrtype Sync="TRUE">Number</attrtype><attwidth Sync="TRUE">10</attwidth></attr><attr><attrlabl Sync="TRUE">HOUSEHOL_1</attrlabl><attalias Sync="TRUE">HOUSEHOL_1</attalias><attrtype Sync="TRUE">Number</attrtype><attwidth Sync="TRUE">10</attwidth></attr><attr><attrlabl Sync="TRUE">HOUSEHOL_2</attrlabl><attalias Sync="TRUE">HOUSEHOL_2</attalias><attrtype Sync="TRUE">Number</attrtype><attwidth Sync="TRUE">10</attwidth></attr><attr><attrlabl Sync="TRUE">HOUSEHOL_3</attrlabl><attalias Sync="TRUE">HOUSEHOL_3</attalias><attrtype Sync="TRUE">Number</attrtype><attwidth Sync="TRUE">10</attwidth></attr><attr><attrlabl Sync="TRUE">HOUSEHOL_4</attrlabl><attalias Sync="TRUE">HOUSEHOL_4</attalias><attrtype Sync="TRUE">Number</attrtype><attwidth Sync="TRUE">10</attwidth></attr><attr><attrlabl Sync="TRUE">HOUSEHOL_5</attrlabl><attalias Sync="TRUE">HOUSEHOL_5</attalias><attrtype Sync="TRUE">Number</attrtype><attwidth Sync="TRUE">10</attwidth></attr><attr><attrlabl Sync="TRUE">HOUSEHOL_6</attrlabl><attalias Sync="TRUE">HOUSEHOL_6</attalias><attrtype Sync="TRUE">Number</attrtype><attwidth Sync="TRUE">10</attwidth></attr><attr><attrlabl Sync="TRUE">HOUSEHOL_7</attrlabl><attalias Sync="TRUE">HOUSEHOL_7</attalias><attrtype Sync="TRUE">Number</attrtype><attwidth Sync="TRUE">10</attwidth></attr><attr><attrlabl Sync="TRUE">HOUSEHOL_8</attrlabl><attalias Sync="TRUE">HOUSEHOL_8</attalias><attrtype Sync="TRUE">Number</attrtype><attwidth Sync="TRUE">10</attwidth></attr><attr><attrlabl Sync="TRUE">HOUSEHOL_9</attrlabl><attalias Sync="TRUE">HOUSEHOL_9</attalias><attrtype Sync="TRUE">Number</attrtype><attwidth Sync="TRUE">10</attwidth></attr><attr><attrlabl Sync="TRUE">HOUSEHO_10</attrlabl><attalias Sync="TRUE">HOUSEHO_10</attalias><attrtype Sync="TRUE">Number</attrtype><attwidth Sync="TRUE">10</attwidth></attr><attr><attrlabl Sync="TRUE">HOUSEHO_11</attrlabl><attalias Sync="TRUE">HOUSEHO_11</attalias><attrtype Sync="TRUE">Number</attrtype><attwidth Sync="TRUE">10</attwidth></attr><attr><attrlabl Sync="TRUE">HOUSEHO_12</attrlabl><attalias Sync="TRUE">HOUSEHO_12</attalias><attrtype Sync="TRUE">Number</attrtype><attwidth Sync="TRUE">10</attwidth></attr><attr><attrlabl Sync="TRUE">HOUSEHO_13</attrlabl><attalias Sync="TRUE">HOUSEHO_13</attalias><attrtype Sync="TRUE">Number</attrtype><attwidth Sync="TRUE">10</attwidth></attr><attr><attrlabl Sync="TRUE">HOUSEHO_14</attrlabl><attalias Sync="TRUE">HOUSEHO_14</attalias><attrtype Sync="TRUE">Number</attrtype><attwidth Sync="TRUE">10</attwidth></attr><attr><attrlabl Sync="TRUE">HOUSEHO_15</attrlabl><attalias Sync="TRUE">HOUSEHO_15</attalias><attrtype Sync="TRUE">Number</attrtype><attwidth Sync="TRUE">10</attwidth></attr><attr><attrlabl Sync="TRUE">HOUSEHO_16</attrlabl><attalias Sync="TRUE">HOUSEHO_16</attalias><attrtype Sync="TRUE">Number</attrtype><attwidth Sync="TRUE">10</attwidth></attr><attr><attrlabl Sync="TRUE">HOUSEHO_17</attrlabl><attalias Sync="TRUE">HOUSEHO_17</attalias><attrtype Sync="TRUE">Number</attrtype><attwidth Sync="TRUE">10</attwidth></attr><attr><attrlabl Sync="TRUE">HOUSEHO_18</attrlabl><attalias Sync="TRUE">HOUSEHO_18</attalias><attrtype Sync="TRUE">Number</attrtype><attwidth Sync="TRUE">10</attwidth></attr><attr><attrlabl Sync="TRUE">HOUSEHO_19</attrlabl><attalias Sync="TRUE">HOUSEHO_19</attalias><attrtype Sync="TRUE">Number</attrtype><attwidth Sync="TRUE">10</attwidth></attr><attr><attrlabl Sync="TRUE">HOUSEHO_20</attrlabl><attalias Sync="TRUE">HOUSEHO_20</attalias><attrtype Sync="TRUE">Number</attrtype><attwidth Sync="TRUE">10</attwidth></attr><attr><attrlabl Sync="TRUE">HOUSEHO_21</attrlabl><attalias Sync="TRUE">HOUSEHO_21</attalias><attrtype Sync="TRUE">Number</attrtype><attwidth Sync="TRUE">10</attwidth></attr><attr><attrlabl Sync="TRUE">HOUSEHO_22</attrlabl><attalias Sync="TRUE">HOUSEHO_22</attalias><attrtype Sync="TRUE">Number</attrtype><attwidth Sync="TRUE">10</attwidth></attr><attr><attrlabl Sync="TRUE">HOUSEHO_23</attrlabl><attalias Sync="TRUE">HOUSEHO_23</attalias><attrtype Sync="TRUE">Number</attrtype><attwidth Sync="TRUE">10</attwidth></attr><attr><attrlabl Sync="TRUE">HOUSEHO_24</attrlabl><attalias Sync="TRUE">HOUSEHO_24</attalias><attrtype Sync="TRUE">Number</attrtype><attwidth Sync="TRUE">10</attwidth></attr><attr><attrlabl Sync="TRUE">HOUSEHO_25</attrlabl><attalias Sync="TRUE">HOUSEHO_25</attalias><attrtype Sync="TRUE">Number</attrtype><attwidth Sync="TRUE">10</attwidth></attr><attr><attrlabl Sync="TRUE">HOUSEHO_26</attrlabl><attalias Sync="TRUE">HOUSEHO_26</attalias><attrtype Sync="TRUE">Number</attrtype><attwidth Sync="TRUE">10</attwidth></attr><attr><attrlabl Sync="TRUE">HOUSEHO_27</attrlabl><attalias Sync="TRUE">HOUSEHO_27</attalias><attrtype Sync="TRUE">Number</attrtype><attwidth Sync="TRUE">10</attwidth></attr><attr><attrlabl Sync="TRUE">HISPANIC_P</attrlabl><attalias Sync="TRUE">HISPANIC_P</attalias><attrtype Sync="TRUE">Number</attrtype><attwidth Sync="TRUE">10</attwidth></attr><attr><attrlabl Sync="TRUE">HISPANIC_1</attrlabl><attalias Sync="TRUE">HISPANIC_1</attalias><attrtype Sync="TRUE">Number</attrtype><attwidth Sync="TRUE">10</attwidth></attr><attr><attrlabl Sync="TRUE">HISPANIC_2</attrlabl><attalias Sync="TRUE">HISPANIC_2</attalias><attrtype Sync="TRUE">Number</attrtype><attwidth Sync="TRUE">10</attwidth></attr><attr><attrlabl Sync="TRUE">HISPANIC_3</attrlabl><attalias Sync="TRUE">HISPANIC_3</attalias><attrtype Sync="TRUE">Number</attrtype><attwidth Sync="TRUE">10</attwidth></attr><attr><attrlabl Sync="TRUE">HISPANIC_4</attrlabl><attalias Sync="TRUE">HISPANIC_4</attalias><attrtype Sync="TRUE">Number</attrtype><attwidth Sync="TRUE">10</attwidth></attr><attr><attrlabl Sync="TRUE">HISPANIC_5</attrlabl><attalias Sync="TRUE">HISPANIC_5</attalias><attrtype Sync="TRUE">Number</attrtype><attwidth Sync="TRUE">10</attwidth></attr><attr><attrlabl Sync="TRUE">HISPANIC_6</attrlabl><attalias Sync="TRUE">HISPANIC_6</attalias><attrtype Sync="TRUE">Number</attrtype><attwidth Sync="TRUE">10</attwidth></attr><attr><attrlabl Sync="TRUE">HISPANIC_7</attrlabl><attalias Sync="TRUE">HISPANIC_7</attalias><attrtype Sync="TRUE">Number</attrtype><attwidth Sync="TRUE">10</attwidth></attr><attr><attrlabl Sync="TRUE">HOUSING_ST</attrlabl><attalias Sync="TRUE">HOUSING_ST</attalias><attrtype Sync="TRUE">Number</attrtype><attwidth Sync="TRUE">10</attwidth></attr><attr><attrlabl Sync="TRUE">HOUSING__1</attrlabl><attalias Sync="TRUE">HOUSING__1</attalias><attrtype Sync="TRUE">Number</attrtype><attwidth Sync="TRUE">10</attwidth></attr><attr><attrlabl Sync="TRUE">HOUSING__2</attrlabl><attalias Sync="TRUE">HOUSING__2</attalias><attrtype Sync="TRUE">Number</attrtype><attwidth Sync="TRUE">10</attwidth></attr><attr><attrlabl Sync="TRUE">NONHISPANI</attrlabl><attalias Sync="TRUE">NONHISPANI</attalias><attrtype Sync="TRUE">Number</attrtype><attwidth Sync="TRUE">10</attwidth></attr><attr><attrlabl Sync="TRUE">NONHISPA_1</attrlabl><attalias Sync="TRUE">NONHISPA_1</attalias><attrtype Sync="TRUE">Number</attrtype><attwidth Sync="TRUE">10</attwidth></attr><attr><attrlabl Sync="TRUE">NONHISPA_2</attrlabl><attalias Sync="TRUE">NONHISPA_2</attalias><attrtype Sync="TRUE">Number</attrtype><attwidth Sync="TRUE">10</attwidth></attr><attr><attrlabl Sync="TRUE">NONHISPA_3</attrlabl><attalias Sync="TRUE">NONHISPA_3</attalias><attrtype Sync="TRUE">Number</attrtype><attwidth Sync="TRUE">10</attwidth></attr><attr><attrlabl Sync="TRUE">NONHISPA_4</attrlabl><attalias Sync="TRUE">NONHISPA_4</attalias><attrtype Sync="TRUE">Number</attrtype><attwidth Sync="TRUE">10</attwidth></attr><attr><attrlabl Sync="TRUE">NONHISPA_5</attrlabl><attalias Sync="TRUE">NONHISPA_5</attalias><attrtype Sync="TRUE">Number</attrtype><attwidth Sync="TRUE">10</attwidth></attr><attr><attrlabl Sync="TRUE">NONHISPA_6</attrlabl><attalias Sync="TRUE">NONHISPA_6</attalias><attrtype Sync="TRUE">Number</attrtype><attwidth Sync="TRUE">10</attwidth></attr><attr><attrlabl Sync="TRUE">NONHISPA_7</attrlabl><attalias Sync="TRUE">NONHISPA_7</attalias><attrtype Sync="TRUE">Number</attrtype><attwidth Sync="TRUE">10</attwidth></attr><attr><attrlabl Sync="TRUE">POP_AGE_AL</attrlabl><attalias Sync="TRUE">POP_AGE_AL</attalias><attrtype Sync="TRUE">Number</attrtype><attwidth Sync="TRUE">10</attwidth></attr><attr><attrlabl Sync="TRUE">POP_AGE_0_</attrlabl><attalias Sync="TRUE">POP_AGE_0_</attalias><attrtype Sync="TRUE">Number</attrtype><attwidth Sync="TRUE">10</attwidth></attr><attr><attrlabl Sync="TRUE">POP_AGE_10</attrlabl><attalias Sync="TRUE">POP_AGE_10</attalias><attrtype Sync="TRUE">Number</attrtype><attwidth Sync="TRUE">10</attwidth></attr><attr><attrlabl Sync="TRUE">POP_AGE_15</attrlabl><attalias Sync="TRUE">POP_AGE_15</attalias><attrtype Sync="TRUE">Number</attrtype><attwidth Sync="TRUE">10</attwidth></attr><attr><attrlabl Sync="TRUE">POP_AGE_18</attrlabl><attalias Sync="TRUE">POP_AGE_18</attalias><attrtype Sync="TRUE">Number</attrtype><attwidth Sync="TRUE">10</attwidth></attr><attr><attrlabl Sync="TRUE">POP_AGE_20</attrlabl><attalias Sync="TRUE">POP_AGE_20</attalias><attrtype Sync="TRUE">Number</attrtype><attwidth Sync="TRUE">10</attwidth></attr><attr><attrlabl Sync="TRUE">POP_AGE_25</attrlabl><attalias Sync="TRUE">POP_AGE_25</attalias><attrtype Sync="TRUE">Number</attrtype><attwidth Sync="TRUE">10</attwidth></attr><attr><attrlabl Sync="TRUE">POP_AGE_30</attrlabl><attalias Sync="TRUE">POP_AGE_30</attalias><attrtype Sync="TRUE">Number</attrtype><attwidth Sync="TRUE">10</attwidth></attr><attr><attrlabl Sync="TRUE">POP_AGE_35</attrlabl><attalias Sync="TRUE">POP_AGE_35</attalias><attrtype Sync="TRUE">Number</attrtype><attwidth Sync="TRUE">10</attwidth></attr><attr><attrlabl Sync="TRUE">POP_AGE_40</attrlabl><attalias Sync="TRUE">POP_AGE_40</attalias><attrtype Sync="TRUE">Number</attrtype><attwidth Sync="TRUE">10</attwidth></attr><attr><attrlabl Sync="TRUE">POP_AGE_45</attrlabl><attalias Sync="TRUE">POP_AGE_45</attalias><attrtype Sync="TRUE">Number</attrtype><attwidth Sync="TRUE">10</attwidth></attr><attr><attrlabl Sync="TRUE">POP_AGE_50</attrlabl><attalias Sync="TRUE">POP_AGE_50</attalias><attrtype Sync="TRUE">Number</attrtype><attwidth Sync="TRUE">10</attwidth></attr><attr><attrlabl Sync="TRUE">POP_AGE_55</attrlabl><attalias Sync="TRUE">POP_AGE_55</attalias><attrtype Sync="TRUE">Number</attrtype><attwidth Sync="TRUE">10</attwidth></attr><attr><attrlabl Sync="TRUE">POP_AGE_5_</attrlabl><attalias Sync="TRUE">POP_AGE_5_</attalias><attrtype Sync="TRUE">Number</attrtype><attwidth Sync="TRUE">10</attwidth></attr><attr><attrlabl Sync="TRUE">POP_AGE_60</attrlabl><attalias Sync="TRUE">POP_AGE_60</attalias><attrtype Sync="TRUE">Number</attrtype><attwidth Sync="TRUE">10</attwidth></attr><attr><attrlabl Sync="TRUE">POP_AGE_62</attrlabl><attalias Sync="TRUE">POP_AGE_62</attalias><attrtype Sync="TRUE">Number</attrtype><attwidth Sync="TRUE">10</attwidth></attr><attr><attrlabl Sync="TRUE">POP_AGE_65</attrlabl><attalias Sync="TRUE">POP_AGE_65</attalias><attrtype Sync="TRUE">Number</attrtype><attwidth Sync="TRUE">10</attwidth></attr><attr><attrlabl Sync="TRUE">POP_AGE_66</attrlabl><attalias Sync="TRUE">POP_AGE_66</attalias><attrtype Sync="TRUE">Number</attrtype><attwidth Sync="TRUE">10</attwidth></attr><attr><attrlabl Sync="TRUE">POP_AGE_70</attrlabl><attalias Sync="TRUE">POP_AGE_70</attalias><attrtype Sync="TRUE">Number</attrtype><attwidth Sync="TRUE">10</attwidth></attr><attr><attrlabl Sync="TRUE">POP_AGE_75</attrlabl><attalias Sync="TRUE">POP_AGE_75</attalias><attrtype Sync="TRUE">Number</attrtype><attwidth Sync="TRUE">10</attwidth></attr><attr><attrlabl Sync="TRUE">POP_AGE_80</attrlabl><attalias Sync="TRUE">POP_AGE_80</attalias><attrtype Sync="TRUE">Number</attrtype><attwidth Sync="TRUE">10</attwidth></attr><attr><attrlabl Sync="TRUE">POP_AGE_85</attrlabl><attalias Sync="TRUE">POP_AGE_85</attalias><attrtype Sync="TRUE">Number</attrtype><attwidth Sync="TRUE">10</attwidth></attr><attr><attrlabl Sync="TRUE">POP_AGE_LE</attrlabl><attalias Sync="TRUE">POP_AGE_LE</attalias><attrtype Sync="TRUE">Number</attrtype><attwidth Sync="TRUE">10</attwidth></attr><attr><attrlabl Sync="TRUE">POP_FEMALE</attrlabl><attalias Sync="TRUE">POP_FEMALE</attalias><attrtype Sync="TRUE">Number</attrtype><attwidth Sync="TRUE">10</attwidth></attr><attr><attrlabl Sync="TRUE">POP_FEMA_1</attrlabl><attalias Sync="TRUE">POP_FEMA_1</attalias><attrtype Sync="TRUE">Number</attrtype><attwidth Sync="TRUE">10</attwidth></attr><attr><attrlabl Sync="TRUE">POP_FEMA_2</attrlabl><attalias Sync="TRUE">POP_FEMA_2</attalias><attrtype Sync="TRUE">Number</attrtype><attwidth Sync="TRUE">10</attwidth></attr><attr><attrlabl Sync="TRUE">POP_FEMA_3</attrlabl><attalias Sync="TRUE">POP_FEMA_3</attalias><attrtype Sync="TRUE">Number</attrtype><attwidth Sync="TRUE">10</attwidth></attr><attr><attrlabl Sync="TRUE">POP_MALE_T</attrlabl><attalias Sync="TRUE">POP_MALE_T</attalias><attrtype Sync="TRUE">Number</attrtype><attwidth Sync="TRUE">10</attwidth></attr><attr><attrlabl Sync="TRUE">POP_MALE_0</attrlabl><attalias Sync="TRUE">POP_MALE_0</attalias><attrtype Sync="TRUE">Number</attrtype><attwidth Sync="TRUE">10</attwidth></attr><attr><attrlabl Sync="TRUE">POP_MALE_5</attrlabl><attalias Sync="TRUE">POP_MALE_5</attalias><attrtype Sync="TRUE">Number</attrtype><attwidth Sync="TRUE">10</attwidth></attr><attr><attrlabl Sync="TRUE">POP_MALE_L</attrlabl><attalias Sync="TRUE">POP_MALE_L</attalias><attrtype Sync="TRUE">Number</attrtype><attwidth Sync="TRUE">10</attwidth></attr><attr><attrlabl Sync="TRUE">POP_15_YEA</attrlabl><attalias Sync="TRUE">POP_15_YEA</attalias><attrtype Sync="TRUE">Number</attrtype><attwidth Sync="TRUE">10</attwidth></attr><attr><attrlabl Sync="TRUE">POP_5_YEAR</attrlabl><attalias Sync="TRUE">POP_5_YEAR</attalias><attrtype Sync="TRUE">Number</attrtype><attwidth Sync="TRUE">10</attwidth></attr><attr><attrlabl Sync="TRUE">POP_5_YE_1</attrlabl><attalias Sync="TRUE">POP_5_YE_1</attalias><attrtype Sync="TRUE">Number</attrtype><attwidth Sync="TRUE">10</attwidth></attr><attr><attrlabl Sync="TRUE">HOUSING__3</attrlabl><attalias Sync="TRUE">HOUSING__3</attalias><attrtype Sync="TRUE">Number</attrtype><attwidth Sync="TRUE">10</attwidth></attr><attr><attrlabl Sync="TRUE">HOUSING__4</attrlabl><attalias Sync="TRUE">HOUSING__4</attalias><attrtype Sync="TRUE">Number</attrtype><attwidth Sync="TRUE">10</attwidth></attr><attr><attrlabl Sync="TRUE">HOUSING__5</attrlabl><attalias Sync="TRUE">HOUSING__5</attalias><attrtype Sync="TRUE">Number</attrtype><attwidth Sync="TRUE">10</attwidth></attr><attr><attrlabl Sync="TRUE">HOUSING__6</attrlabl><attalias Sync="TRUE">HOUSING__6</attalias><attrtype Sync="TRUE">Number</attrtype><attwidth Sync="TRUE">10</attwidth></attr><attr><attrlabl Sync="TRUE">HOUSING__7</attrlabl><attalias Sync="TRUE">HOUSING__7</attalias><attrtype Sync="TRUE">Number</attrtype><attwidth Sync="TRUE">10</attwidth></attr><attr><attrlabl Sync="TRUE">HOUSING__8</attrlabl><attalias Sync="TRUE">HOUSING__8</attalias><attrtype Sync="TRUE">Number</attrtype><attwidth Sync="TRUE">10</attwidth></attr><attr><attrlabl Sync="TRUE">HOUSING__9</attrlabl><attalias Sync="TRUE">HOUSING__9</attalias><attrtype Sync="TRUE">Number</attrtype><attwidth Sync="TRUE">10</attwidth></attr><attr><attrlabl Sync="TRUE">HOUSING_10</attrlabl><attalias Sync="TRUE">HOUSING_10</attalias><attrtype Sync="TRUE">Number</attrtype><attwidth Sync="TRUE">10</attwidth></attr><attr><attrlabl Sync="TRUE">HOUSING_11</attrlabl><attalias Sync="TRUE">HOUSING_11</attalias><attrtype Sync="TRUE">Number</attrtype><attwidth Sync="TRUE">10</attwidth></attr><attr><attrlabl Sync="TRUE">HOUSEHO_28</attrlabl><attalias Sync="TRUE">HOUSEHO_28</attalias><attrtype Sync="TRUE">Number</attrtype><attwidth Sync="TRUE">10</attwidth></attr><attr><attrlabl Sync="TRUE">HOUSEHO_29</attrlabl><attalias Sync="TRUE">HOUSEHO_29</attalias><attrtype Sync="TRUE">Number</attrtype><attwidth Sync="TRUE">10</attwidth></attr><attr><attrlabl Sync="TRUE">HOUSEHO_30</attrlabl><attalias Sync="TRUE">HOUSEHO_30</attalias><attrtype Sync="TRUE">Number</attrtype><attwidth Sync="TRUE">10</attwidth></attr><attr><attrlabl Sync="TRUE">HOUSEHO_31</attrlabl><attalias Sync="TRUE">HOUSEHO_31</attalias><attrtype Sync="TRUE">Number</attrtype><attwidth Sync="TRUE">10</attwidth></attr><attr><attrlabl Sync="TRUE">HOUSEHO_32</attrlabl><attalias Sync="TRUE">HOUSEHO_32</attalias><attrtype Sync="TRUE">Number</attrtype><attwidth Sync="TRUE">10</attwidth></attr><attr><attrlabl Sync="TRUE">HOUSEHO_33</attrlabl><attalias Sync="TRUE">HOUSEHO_33</attalias><attrtype Sync="TRUE">Number</attrtype><attwidth Sync="TRUE">10</attwidth></attr><attr><attrlabl Sync="TRUE">HOUSEHO_34</attrlabl><attalias Sync="TRUE">HOUSEHO_34</attalias><attrtype Sync="TRUE">Number</attrtype><attwidth Sync="TRUE">10</attwidth></attr><attr><attrlabl Sync="TRUE">HOUSEHO_35</attrlabl><attalias Sync="TRUE">HOUSEHO_35</attalias><attrtype Sync="TRUE">Number</attrtype><attwidth Sync="TRUE">10</attwidth></attr><attr><attrlabl Sync="TRUE">HOUSEHO_36</attrlabl><attalias Sync="TRUE">HOUSEHO_36</attalias><attrtype Sync="TRUE">Number</attrtype><attwidth Sync="TRUE">10</attwidth></attr><attr><attrlabl Sync="TRUE">HOUSEHO_37</attrlabl><attalias Sync="TRUE">HOUSEHO_37</attalias><attrtype Sync="TRUE">Number</attrtype><attwidth Sync="TRUE">10</attwidth></attr><attr><attrlabl Sync="TRUE">HOUSEHO_38</attrlabl><attalias Sync="TRUE">HOUSEHO_38</attalias><attrtype Sync="TRUE">Number</attrtype><attwidth Sync="TRUE">10</attwidth></attr><attr><attrlabl Sync="TRUE">HOUSEHO_39</attrlabl><attalias Sync="TRUE">HOUSEHO_39</attalias><attrtype Sync="TRUE">Number</attrtype><attwidth Sync="TRUE">10</attwidth></attr><attr><attrlabl Sync="TRUE">HOUSEHO_40</attrlabl><attalias Sync="TRUE">HOUSEHO_40</attalias><attrtype Sync="TRUE">Number</attrtype><attwidth Sync="TRUE">10</attwidth></attr><attr><attrlabl Sync="TRUE">HOUSEHO_41</attrlabl><attalias Sync="TRUE">HOUSEHO_41</attalias><attrtype Sync="TRUE">Number</attrtype><attwidth Sync="TRUE">10</attwidth></attr><attr><attrlabl Sync="TRUE">HOUSEHO_42</attrlabl><attalias Sync="TRUE">HOUSEHO_42</attalias><attrtype Sync="TRUE">Number</attrtype><attwidth Sync="TRUE">10</attwidth></attr><attr><attrlabl Sync="TRUE">HOUSEHO_43</attrlabl><attalias Sync="TRUE">HOUSEHO_43</attalias><attrtype Sync="TRUE">Number</attrtype><attwidth Sync="TRUE">10</attwidth></attr><attr><attrlabl Sync="TRUE">HOUSEHO_44</attrlabl><attalias Sync="TRUE">HOUSEHO_44</attalias><attrtype Sync="TRUE">Number</attrtype><attwidth Sync="TRUE">10</attwidth></attr><attr><attrlabl Sync="TRUE">HOUSEHO_45</attrlabl><attalias Sync="TRUE">HOUSEHO_45</attalias><attrtype Sync="TRUE">Number</attrtype><attwidth Sync="TRUE">10</attwidth></attr><attr><attrlabl Sync="TRUE">HOUSEHO_46</attrlabl><attalias Sync="TRUE">HOUSEHO_46</attalias><attrtype Sync="TRUE">Number</attrtype><attwidth Sync="TRUE">10</attwidth></attr><attr><attrlabl Sync="TRUE">HOUSEHO_47</attrlabl><attalias Sync="TRUE">HOUSEHO_47</attalias><attrtype Sync="TRUE">Number</attrtype><attwidth Sync="TRUE">10</attwidth></attr><attr><attrlabl Sync="TRUE">HOUSING_UN</attrlabl><attalias Sync="TRUE">HOUSING_UN</attalias><attrtype Sync="TRUE">Number</attrtype><attwidth Sync="TRUE">10</attwidth></attr><attr><attrlabl Sync="TRUE">HOUSING_12</attrlabl><attalias Sync="TRUE">HOUSING_12</attalias><attrtype Sync="TRUE">Number</attrtype><attwidth Sync="TRUE">10</attwidth></attr><attr><attrlabl Sync="TRUE">HOUSING_13</attrlabl><attalias Sync="TRUE">HOUSING_13</attalias><attrtype Sync="TRUE">Number</attrtype><attwidth Sync="TRUE">10</attwidth></attr><attr><attrlabl Sync="TRUE">HOUSING_14</attrlabl><attalias Sync="TRUE">HOUSING_14</attalias><attrtype Sync="TRUE">Number</attrtype><attwidth Sync="TRUE">10</attwidth></attr><attr><attrlabl Sync="TRUE">HOUSING_15</attrlabl><attalias Sync="TRUE">HOUSING_15</attalias><attrtype Sync="TRUE">Number</attrtype><attwidth Sync="TRUE">10</attwidth></attr><attr><attrlabl Sync="TRUE">HOUSING_16</attrlabl><attalias Sync="TRUE">HOUSING_16</attalias><attrtype Sync="TRUE">Number</attrtype><attwidth Sync="TRUE">10</attwidth></attr><attr><attrlabl Sync="TRUE">HOUSING_17</attrlabl><attalias Sync="TRUE">HOUSING_17</attalias><attrtype Sync="TRUE">Number</attrtype><attwidth Sync="TRUE">10</attwidth></attr><attr><attrlabl Sync="TRUE">HOUSING_18</attrlabl><attalias Sync="TRUE">HOUSING_18</attalias><attrtype Sync="TRUE">Number</attrtype><attwidth Sync="TRUE">10</attwidth></attr><attr><attrlabl Sync="TRUE">HOUSING_19</attrlabl><attalias Sync="TRUE">HOUSING_19</attalias><attrtype Sync="TRUE">Number</attrtype><attwidth Sync="TRUE">10</attwidth></attr><attr><attrlabl Sync="TRUE">HOUSING_20</attrlabl><attalias Sync="TRUE">HOUSING_20</attalias><attrtype Sync="TRUE">Number</attrtype><attwidth Sync="TRUE">10</attwidth></attr><attr><attrlabl Sync="TRUE">HOUSEHO_48</attrlabl><attalias Sync="TRUE">HOUSEHO_48</attalias><attrtype Sync="TRUE">Number</attrtype><attwidth Sync="TRUE">10</attwidth></attr><attr><attrlabl Sync="TRUE">HOUSEHO_49</attrlabl><attalias Sync="TRUE">HOUSEHO_49</attalias><attrtype Sync="TRUE">Number</attrtype><attwidth Sync="TRUE">10</attwidth></attr><attr><attrlabl Sync="TRUE">HOUSEHO_50</attrlabl><attalias Sync="TRUE">HOUSEHO_50</attalias><attrtype Sync="TRUE">Number</attrtype><attwidth Sync="TRUE">10</attwidth></attr><attr><attrlabl Sync="TRUE">HOUSEHO_51</attrlabl><attalias Sync="TRUE">HOUSEHO_51</attalias><attrtype Sync="TRUE">Number</attrtype><attwidth Sync="TRUE">10</attwidth></attr><attr><attrlabl Sync="TRUE">HOUSEHO_52</attrlabl><attalias Sync="TRUE">HOUSEHO_52</attalias><attrtype Sync="TRUE">Number</attrtype><attwidth Sync="TRUE">10</attwidth></attr><attr><attrlabl Sync="TRUE">HOUSEHO_53</attrlabl><attalias Sync="TRUE">HOUSEHO_53</attalias><attrtype Sync="TRUE">Number</attrtype><attwidth Sync="TRUE">10</attwidth></attr><attr><attrlabl Sync="TRUE">HOUSEHO_54</attrlabl><attalias Sync="TRUE">HOUSEHO_54</attalias><attrtype Sync="TRUE">Number</attrtype><attwidth Sync="TRUE">10</attwidth></attr><attr><attrlabl Sync="TRUE">HOUSEHO_55</attrlabl><attalias Sync="TRUE">HOUSEHO_55</attalias><attrtype Sync="TRUE">Number</attrtype><attwidth Sync="TRUE">10</attwidth></attr><attr><attrlabl Sync="TRUE">HOUSEHO_56</attrlabl><attalias Sync="TRUE">HOUSEHO_56</attalias><attrtype Sync="TRUE">Number</attrtype><attwidth Sync="TRUE">10</attwidth></attr><attr><attrlabl Sync="TRUE">HOUSEHO_57</attrlabl><attalias Sync="TRUE">HOUSEHO_57</attalias><attrtype Sync="TRUE">Number</attrtype><attwidth Sync="TRUE">10</attwidth></attr><attr><attrlabl Sync="TRUE">HOUSEHO_58</attrlabl><attalias Sync="TRUE">HOUSEHO_58</attalias><attrtype Sync="TRUE">Number</attrtype><attwidth Sync="TRUE">10</attwidth></attr><attr><attrlabl Sync="TRUE">HOUSEHO_59</attrlabl><attalias Sync="TRUE">HOUSEHO_59</attalias><attrtype Sync="TRUE">Number</attrtype><attwidth Sync="TRUE">10</attwidth></attr><attr><attrlabl Sync="TRUE">HOUSEHO_60</attrlabl><attalias Sync="TRUE">HOUSEHO_60</attalias><attrtype Sync="TRUE">Number</attrtype><attwidth Sync="TRUE">10</attwidth></attr><attr><attrlabl Sync="TRUE">HOUSEHO_61</attrlabl><attalias Sync="TRUE">HOUSEHO_61</attalias><attrtype Sync="TRUE">Number</attrtype><attwidth Sync="TRUE">10</attwidth></attr><attr><attrlabl Sync="TRUE">HOUSING_VA</attrlabl><attalias Sync="TRUE">HOUSING_VA</attalias><attrtype Sync="TRUE">Number</attrtype><attwidth Sync="TRUE">10</attwidth></attr><attr><attrlabl Sync="TRUE">HOUSING_21</attrlabl><attalias Sync="TRUE">HOUSING_21</attalias><attrtype Sync="TRUE">Number</attrtype><attwidth Sync="TRUE">10</attwidth></attr><attr><attrlabl Sync="TRUE">HOUSING_22</attrlabl><attalias Sync="TRUE">HOUSING_22</attalias><attrtype Sync="TRUE">Number</attrtype><attwidth Sync="TRUE">10</attwidth></attr><attr><attrlabl Sync="TRUE">HOUSING_23</attrlabl><attalias Sync="TRUE">HOUSING_23</attalias><attrtype Sync="TRUE">Number</attrtype><attwidth Sync="TRUE">10</attwidth></attr><attr><attrlabl Sync="TRUE">HOUSING_24</attrlabl><attalias Sync="TRUE">HOUSING_24</attalias><attrtype Sync="TRUE">Number</attrtype><attwidth Sync="TRUE">10</attwidth></attr><attr><attrlabl Sync="TRUE">HOUSING_25</attrlabl><attalias Sync="TRUE">HOUSING_25</attalias><attrtype Sync="TRUE">Number</attrtype><attwidth Sync="TRUE">10</attwidth></attr><attr><attrlabl Sync="TRUE">HOUSING_26</attrlabl><attalias Sync="TRUE">HOUSING_26</attalias><attrtype Sync="TRUE">Number</attrtype><attwidth Sync="TRUE">10</attwidth></attr><attr><attrlabl Sync="TRUE">HOUSING_27</attrlabl><attalias Sync="TRUE">HOUSING_27</attalias><attrtype Sync="TRUE">Number</attrtype><attwidth Sync="TRUE">10</attwidth></attr><attr><attrlabl Sync="TRUE">HOUSING_28</attrlabl><attalias Sync="TRUE">HOUSING_28</attalias><attrtype Sync="TRUE">Number</attrtype><attwidth Sync="TRUE">10</attwidth></attr><attr><attrlabl Sync="TRUE">HOUSING_29</attrlabl><attalias Sync="TRUE">HOUSING_29</attalias><attrtype Sync="TRUE">Number</attrtype><attwidth Sync="TRUE">10</attwidth></attr><attr><attrlabl Sync="TRUE">HOUSEHO_62</attrlabl><attalias Sync="TRUE">HOUSEHO_62</attalias><attrtype Sync="TRUE">Number</attrtype><attwidth Sync="TRUE">10</attwidth></attr><attr><attrlabl Sync="TRUE">HOUSEHO_63</attrlabl><attalias Sync="TRUE">HOUSEHO_63</attalias><attrtype Sync="TRUE">Number</attrtype><attwidth Sync="TRUE">10</attwidth></attr><attr><attrlabl Sync="TRUE">HOUSEHO_64</attrlabl><attalias Sync="TRUE">HOUSEHO_64</attalias><attrtype Sync="TRUE">Number</attrtype><attwidth Sync="TRUE">10</attwidth></attr><attr><attrlabl Sync="TRUE">HOUSEHO_65</attrlabl><attalias Sync="TRUE">HOUSEHO_65</attalias><attrtype Sync="TRUE">Number</attrtype><attwidth Sync="TRUE">10</attwidth></attr><attr><attrlabl Sync="TRUE">HOUSEHO_66</attrlabl><attalias Sync="TRUE">HOUSEHO_66</attalias><attrtype Sync="TRUE">Number</attrtype><attwidth Sync="TRUE">10</attwidth></attr><attr><attrlabl Sync="TRUE">FAMILIES_T</attrlabl><attalias Sync="TRUE">FAMILIES_T</attalias><attrtype Sync="TRUE">Number</attrtype><attwidth Sync="TRUE">10</attwidth></attr><attr><attrlabl Sync="TRUE">FAMILIES_M</attrlabl><attalias Sync="TRUE">FAMILIES_M</attalias><attrtype Sync="TRUE">Number</attrtype><attwidth Sync="TRUE">10</attwidth></attr><attr><attrlabl Sync="TRUE">FAMILIES_1</attrlabl><attalias Sync="TRUE">FAMILIES_1</attalias><attrtype Sync="TRUE">Number</attrtype><attwidth Sync="TRUE">10</attwidth></attr><attr><attrlabl Sync="TRUE">FAMILIES_F</attrlabl><attalias Sync="TRUE">FAMILIES_F</attalias><attrtype Sync="TRUE">Number</attrtype><attwidth Sync="TRUE">10</attwidth></attr><attr><attrlabl Sync="TRUE">FAMILIES_K</attrlabl><attalias Sync="TRUE">FAMILIES_K</attalias><attrtype Sync="TRUE">Number</attrtype><attwidth Sync="TRUE">10</attwidth></attr><attr><attrlabl Sync="TRUE">FAMILIES_2</attrlabl><attalias Sync="TRUE">FAMILIES_2</attalias><attrtype Sync="TRUE">Number</attrtype><attwidth Sync="TRUE">10</attwidth></attr><attr><attrlabl Sync="TRUE">FAMILIES_3</attrlabl><attalias Sync="TRUE">FAMILIES_3</attalias><attrtype Sync="TRUE">Number</attrtype><attwidth Sync="TRUE">10</attwidth></attr><attr><attrlabl Sync="TRUE">FAMILIES_4</attrlabl><attalias Sync="TRUE">FAMILIES_4</attalias><attrtype Sync="TRUE">Number</attrtype><attwidth Sync="TRUE">10</attwidth></attr><attr><attrlabl Sync="TRUE">FAMILIES_N</attrlabl><attalias Sync="TRUE">FAMILIES_N</attalias><attrtype Sync="TRUE">Number</attrtype><attwidth Sync="TRUE">10</attwidth></attr><attr><attrlabl Sync="TRUE">FAMILIES_5</attrlabl><attalias Sync="TRUE">FAMILIES_5</attalias><attrtype Sync="TRUE">Number</attrtype><attwidth Sync="TRUE">10</attwidth></attr><attr><attrlabl Sync="TRUE">FAMILIES_6</attrlabl><attalias Sync="TRUE">FAMILIES_6</attalias><attrtype Sync="TRUE">Number</attrtype><attwidth Sync="TRUE">10</attwidth></attr><attr><attrlabl Sync="TRUE">FAMILIES_7</attrlabl><attalias Sync="TRUE">FAMILIES_7</attalias><attrtype Sync="TRUE">Number</attrtype><attwidth Sync="TRUE">10</attwidth></attr><attr><attrlabl Sync="TRUE">HOUSEHO_67</attrlabl><attalias Sync="TRUE">HOUSEHO_67</attalias><attrtype Sync="TRUE">Number</attrtype><attwidth Sync="TRUE">10</attwidth></attr><attr><attrlabl Sync="TRUE">HOUSEHO_68</attrlabl><attalias Sync="TRUE">HOUSEHO_68</attalias><attrtype Sync="TRUE">Number</attrtype><attwidth Sync="TRUE">10</attwidth></attr><attr><attrlabl Sync="TRUE">HOUSEHO_69</attrlabl><attalias Sync="TRUE">HOUSEHO_69</attalias><attrtype Sync="TRUE">Number</attrtype><attwidth Sync="TRUE">10</attwidth></attr><attr><attrlabl Sync="TRUE">HOUSEHO_70</attrlabl><attalias Sync="TRUE">HOUSEHO_70</attalias><attrtype Sync="TRUE">Number</attrtype><attwidth Sync="TRUE">10</attwidth></attr><attr><attrlabl Sync="TRUE">HOUSEHO_71</attrlabl><attalias Sync="TRUE">HOUSEHO_71</attalias><attrtype Sync="TRUE">Number</attrtype><attwidth Sync="TRUE">10</attwidth></attr><attr><attrlabl Sync="TRUE">HOUSEHO_72</attrlabl><attalias Sync="TRUE">HOUSEHO_72</attalias><attrtype Sync="TRUE">Number</attrtype><attwidth Sync="TRUE">10</attwidth></attr><attr><attrlabl Sync="TRUE">HOUSEHO_73</attrlabl><attalias Sync="TRUE">HOUSEHO_73</attalias><attrtype Sync="TRUE">Number</attrtype><attwidth Sync="TRUE">10</attwidth></attr><attr><attrlabl Sync="TRUE">HOUSEHO_74</attrlabl><attalias Sync="TRUE">HOUSEHO_74</attalias><attrtype Sync="TRUE">Number</attrtype><attwidth Sync="TRUE">10</attwidth></attr><attr><attrlabl Sync="TRUE">HOUSEHO_75</attrlabl><attalias Sync="TRUE">HOUSEHO_75</attalias><attrtype Sync="TRUE">Number</attrtype><attwidth Sync="TRUE">10</attwidth></attr><attr><attrlabl Sync="TRUE">OBJECTID</attrlabl><attalias Sync="TRUE">OBJECTID</attalias><attrtype Sync="TRUE">Number</attrtype><attwidth Sync="TRUE">10</attwidth></attr><attr><attrlabl Sync="TRUE">SHP_ID_ARE</attrlabl><attalias Sync="TRUE">SHP_ID_ARE</attalias><attrtype Sync="TRUE">Number</attrtype><attwidth Sync="TRUE">19</attwidth><atnumdec Sync="TRUE">8</atnumdec></attr><attr><attrlabl Sync="TRUE">SHP_ID_LEN</attrlabl><attalias Sync="TRUE">SHP_ID_LEN</attalias><attrtype Sync="TRUE">Number</attrtype><attwidth Sync="TRUE">19</attwidth><atnumdec Sync="TRUE">8</atnumdec></attr><attr><attrlabl Sync="TRUE">SHAPE</attrlabl><attalias Sync="TRUE">Shape</attalias><attrtype Sync="TRUE">Geometry</attrtype><attwidth Sync="TRUE">0</attwidth><atprecis Sync="TRUE">0</atprecis><attscale Sync="TRUE">0</attscale><attrdef Sync="TRUE">Feature geometry.</attrdef><attrdefs Sync="TRUE">ESRI</attrdefs><attrdomv><udom Sync="TRUE">Coordinates defining the features.</udom></attrdomv></attr><attr><attrlabl Sync="TRUE">SHAPE_AREA</attrlabl><attalias Sync="TRUE">SHAPE_AREA</attalias><attrtype Sync="TRUE">Float</attrtype><attwidth Sync="TRUE">19</attwidth><attrdef Sync="TRUE">Area of feature in internal units squared.</attrdef><attrdefs Sync="TRUE">ESRI</attrdefs><attrdomv><udom Sync="TRUE">Positive real numbers that are automatically generated.</udom></attrdomv><atnumdec Sync="TRUE">11</atnumdec></attr><attr><attrlabl Sync="TRUE">SHAPE_LEN</attrlabl><attalias Sync="TRUE">SHAPE_LEN</attalias><attrtype Sync="TRUE">Float</attrtype><attwidth Sync="TRUE">19</attwidth><atnumdec Sync="TRUE">11</atnumdec></attr></detailed></eainfo><mdDateSt Sync="TRUE">20100304</mdDateSt><dataqual><lineage><procstep><procdesc Sync="TRUE">Dataset copied.</procdesc><srcused Sync="TRUE">Server=sangis; Service=5150; User=sangis; Version=SDE.DEFAULT</srcused><procdate Sync="TRUE">20100304</procdate><proctime Sync="TRUE">09205900</proctime></procstep></lineage></dataqual></metadata>
