<?xml version="1.0"?>
<!--<!DOCTYPE metadata SYSTEM "http://www.esri.com/metadata/esriprof80.dtd">-->
<metadata xml:lang="en"><Esri><CreaDate>20080721</CreaDate><CreaTime>14394800</CreaTime><SyncOnce>FALSE</SyncOnce><SyncDate>20080721</SyncDate><SyncTime>15293300</SyncTime><ModDate>20080721</ModDate><ModTime>15293300</ModTime><DataProperties><lineage><Process Name="FeatureClassToFeatureClass_1" ToolSource="C:\Program Files\ArcGIS\ArcToolbox\Toolboxes\Conversion Tools.tbx\FeatureClassToFeatureClass" Date="20080710" Time="092231">FeatureClassToFeatureClass I:\gw\geo_agg\polygon N:\plot_files\misc\aquifer.gdb\aquifer aquifers # "AREA AREA false false true 8 Double 0 0 ,First,#,I:\gw\geo_agg\polygon,AREA,-1,-1;PERIMETER PERIMETER false false true 8 Double 0 0 ,First,#,I:\gw\geo_agg\polygon,PERIMETER,-1,-1;GEO_AGG_ GEO_AGG_ false false true 4 Long 0 0 ,First,#,I:\gw\geo_agg\polygon,GEO_AGG#,-1,-1;GEO_AGG_ID GEO_AGG_ID true false true 4 Long 0 0 ,First,#,I:\gw\geo_agg\polygon,GEO_AGG-ID,-1,-1;GEO_NO GEO_NO true false false 3 Short 0 3 ,First,#,I:\gw\geo_agg\polygon,GEO-NO,-1,-1;SYMBOL SYMBOL true false false 3 Short 0 3 ,First,#,I:\gw\geo_agg\polygon,SYMBOL,-1,-1;LONGNAME LONGNAME true false false 60 Text 0 0 ,First,#,I:\gw\geo_agg\polygon,LONGNAME,-1,-1;DESC1 DESC1 true false false 50 Text 0 0 ,First,#,I:\gw\geo_agg\polygon,DESC1,-1,-1;DESC2 DESC2 true false false 50 Text 0 0 ,First,#,I:\gw\geo_agg\polygon,DESC2,-1,-1;ACRES ACRES true false false 4 Long 0 0 ,First,#,I:\gw\geo_agg\polygon,ACRES,-1,-1;UPDATED_DESC UPDATED_DESC true false false 40 Text 0 0 ,First,#,I:\gw\geo_agg\polygon,UPDATED_DESC,-1,-1" # N:\plot_files\misc\aquifer.gdb\aquifer\aquifers</Process></lineage></DataProperties><MetaID>{6CFB663E-DFC1-4E8A-867A-7F688AA94E05}</MetaID></Esri><idinfo><native Sync="TRUE">Microsoft Windows XP Version 5.1 (Build 2600) Service Pack 3; ESRI ArcCatalog 9.2.5.1450</native><descript><langdata Sync="TRUE">en</langdata><abstract>Aggregated geologic formations for groundwater constraint modeling.</abstract></descript><citation><citeinfo><origin>DPLU</origin><pubdate>Unknown</pubdate><title Sync="TRUE">Aquifers</title><ftname Sync="TRUE">Aquifers</ftname><geoform Sync="TRUE">vector digital data</geoform><onlink Sync="TRUE">\\BLACK-XP\C$\SDEUpdates\Aquifer\Aquifers.shp</onlink></citeinfo></citation><timeperd><current>REQUIRED: The basis on which the time period of content information is determined.</current><timeinfo><sngdate><caldate>REQUIRED: The year (and optionally month, or month and day) for which the data set corresponds to the ground.</caldate></sngdate></timeinfo></timeperd><status><progress>Complete</progress><update>None planned</update></status><spdom><bounding><westbc Sync="TRUE">-117.598054</westbc><eastbc Sync="TRUE">-116.080149</eastbc><northbc Sync="TRUE">33.511553</northbc><southbc Sync="TRUE">32.545734</southbc></bounding><lboundng><leftbc Sync="TRUE">6150742.999900</leftbc><rightbc Sync="TRUE">6613439.000031</rightbc><bottombc Sync="TRUE">1780970.929513</bottombc><topbc Sync="TRUE">2129759.999978</topbc></lboundng></spdom><keywords><theme><themekey>Groundwater constraints, geologic formations</themekey></theme><place><placekey>San Diego</placekey></place></keywords><accconst>County of San Diego Department of Planning and Land Use - GIS Department</accconst><useconst>County of San Diego Department of Planning and Land Use</useconst><natvform Sync="TRUE">Shapefile</natvform><ptcontac><cntinfo><cntorgp><cntorg>County of San Diego Department of Planning and Land Use - GIS Department</cntorg><cntper>Robert Winslow </cntper></cntorgp><cntpos>GIS Supervisor</cntpos><cntaddr><addrtype>mailing and physical address</addrtype><address>5201 Ruffin Rd Ste B</address><city>San Diego </city><state>CA </state><postal>92123-1666 </postal><country>USA</country></cntaddr><cntvoice>858 694 3295</cntvoice><cntfax>858 694 3773</cntfax><cntemail>rwinslpl @co.san-diego.ca.us</cntemail><hours>Monday - Friday 8AM-5PM</hours></cntinfo></ptcontac></idinfo><metainfo><langmeta Sync="TRUE">en</langmeta><metstdn Sync="TRUE">FGDC Content Standards for Digital Geospatial Metadata</metstdn><metstdv Sync="TRUE">FGDC-STD-001-1998</metstdv><mettc Sync="TRUE">local time</mettc><metc><cntinfo><cntorgp><cntper>Melanie Casey</cntper><cntorg>County of San Diego Department of Planning and Land Use - GIS Department</cntorg></cntorgp><cntaddr><addrtype>REQUIRED: The mailing and/or physical address for the organization or individual.</addrtype><city>REQUIRED: The city of the address.</city><state>REQUIRED: The state or province of the address.</state><postal>REQUIRED: The ZIP or other postal code of the address.</postal></cntaddr><cntvoice>858 694 3851</cntvoice><cntpos>Student Worker</cntpos></cntinfo></metc><metd Sync="TRUE">20080721</metd><metextns><onlink Sync="TRUE">http://www.esri.com/metadata/esriprof80.html</onlink><metprof Sync="TRUE">ESRI Metadata Profile</metprof></metextns></metainfo><spdoinfo><direct Sync="TRUE">Vector</direct><ptvctinf><esriterm Name="Aquifers"><efeatyp Sync="TRUE">Simple</efeatyp><efeageom Sync="TRUE">Polygon</efeageom><esritopo Sync="TRUE">FALSE</esritopo><efeacnt Sync="TRUE">735</efeacnt><spindex Sync="TRUE">TRUE</spindex><linrefer Sync="TRUE">FALSE</linrefer></esriterm><sdtsterm Name="Aquifers"><sdtstype Sync="TRUE">G-polygon</sdtstype><ptvctcnt Sync="TRUE">735</ptvctcnt></sdtsterm><esriterm Name="label"><efeatyp Sync="TRUE">Simple</efeatyp><efeageom Sync="TRUE">Label</efeageom><esritopo Sync="TRUE">FALSE</esritopo><efeacnt Sync="TRUE">735</efeacnt><spindex Sync="TRUE">FALSE</spindex><linrefer Sync="TRUE">FALSE</linrefer></esriterm><sdtsterm Name="label"><sdtstype Sync="TRUE">Label point</sdtstype><ptvctcnt Sync="TRUE">735</ptvctcnt></sdtsterm><esriterm Name="polygon"><efeatyp Sync="TRUE">Simple</efeatyp><efeageom Sync="TRUE">Polygon</efeageom><esritopo Sync="TRUE">TRUE</esritopo><efeacnt Sync="TRUE">735</efeacnt><spindex Sync="TRUE">FALSE</spindex><linrefer Sync="TRUE">FALSE</linrefer></esriterm><sdtsterm Name="polygon"><sdtstype Sync="TRUE">GT-polygon composed of chains</sdtstype><ptvctcnt Sync="TRUE">735</ptvctcnt></sdtsterm><esriterm Name="tic"><efeatyp Sync="TRUE">Simple</efeatyp><efeageom Sync="TRUE">Tic</efeageom><esritopo Sync="TRUE">FALSE</esritopo><efeacnt Sync="TRUE">15</efeacnt><spindex Sync="TRUE">FALSE</spindex><linrefer Sync="TRUE">FALSE</linrefer></esriterm><sdtsterm Name="tic"><sdtstype Sync="TRUE">Point</sdtstype><ptvctcnt Sync="TRUE">15</ptvctcnt></sdtsterm><esriterm Name="annotation.apn1"><efeatyp Sync="TRUE"></efeatyp><efeageom Sync="TRUE">Annotation</efeageom><esritopo Sync="TRUE">FALSE</esritopo><efeacnt Sync="TRUE">0</efeacnt><spindex Sync="TRUE">FALSE</spindex><linrefer Sync="TRUE">FALSE</linrefer></esriterm><sdtsterm Name="annotation.apn1"><sdtstype Sync="TRUE">Label point</sdtstype><ptvctcnt Sync="TRUE">0</ptvctcnt></sdtsterm><esriterm Name="annotation.apn2"><efeatyp Sync="TRUE"></efeatyp><efeageom Sync="TRUE">Annotation</efeageom><esritopo Sync="TRUE">FALSE</esritopo><efeacnt Sync="TRUE">0</efeacnt><spindex Sync="TRUE">FALSE</spindex><linrefer Sync="TRUE">FALSE</linrefer></esriterm><sdtsterm Name="annotation.apn2"><sdtstype Sync="TRUE">Label point</sdtstype><ptvctcnt Sync="TRUE">0</ptvctcnt></sdtsterm></ptvctinf></spdoinfo><spref><horizsys><cordsysn><geogcsn Sync="TRUE">GCS_North_American_1983</geogcsn><projcsn Sync="TRUE">NAD_1983_StatePlane_California_VI_FIPS_0406_Feet</projcsn></cordsysn><planar><planci><plance Sync="TRUE">coordinate pair</plance><plandu Sync="TRUE">survey feet</plandu><coordrep><absres Sync="TRUE">0.000000</absres><ordres Sync="TRUE">0.000000</ordres></coordrep></planci><mapproj><mapprojn Sync="TRUE">Lambert Conformal Conic</mapprojn><lambertc><stdparll Sync="TRUE">32.783333</stdparll><stdparll Sync="TRUE">33.883333</stdparll><longcm Sync="TRUE">-116.250000</longcm><latprjo Sync="TRUE">32.166667</latprjo><feast Sync="TRUE">6561666.666667</feast><fnorth Sync="TRUE">1640416.666667</fnorth></lambertc></mapproj></planar><geodetic><horizdn Sync="TRUE">North American Datum of 1983</horizdn><ellips Sync="TRUE">Geodetic Reference System 80</ellips><semiaxis Sync="TRUE">6378137.000000</semiaxis><denflat Sync="TRUE">298.257222</denflat></geodetic></horizsys><vertdef><altsys><altenc Sync="TRUE">Explicit elevation coordinate included with horizontal coordinates</altenc><altres Sync="TRUE">0.000100</altres></altsys></vertdef></spref><eainfo><detailed Name="Aquifers"><enttyp><enttypl Sync="TRUE">Aquifers</enttypl><enttypt Sync="TRUE">Feature Class</enttypt><enttypc Sync="TRUE">735</enttypc></enttyp><attr><attrlabl Sync="TRUE">ACRES</attrlabl><attwidth Sync="TRUE">4</attwidth><atoutwid Sync="TRUE">9</atoutwid><attrtype Sync="TRUE">Binary</attrtype><attrdef>A computed number of acres for the feature</attrdef><attrdefs>DPLU</attrdefs></attr><attr><attrlabl Sync="TRUE">OBJECTID</attrlabl><attalias Sync="TRUE">OBJECTID</attalias><attrtype Sync="TRUE">OID</attrtype><attwidth Sync="TRUE">4</attwidth><atprecis Sync="TRUE">0</atprecis><attscale Sync="TRUE">0</attscale><attrdef Sync="TRUE">Internal feature number.</attrdef><attrdefs Sync="TRUE">ESRI</attrdefs><attrdomv><udom Sync="TRUE">Sequential unique whole numbers that are automatically generated.</udom></attrdomv></attr><attr><attrlabl Sync="TRUE">Shape</attrlabl><attalias Sync="TRUE">Shape</attalias><attrtype Sync="TRUE">Number</attrtype><attwidth Sync="TRUE">9</attwidth><attrdef Sync="TRUE">Feature geometry.</attrdef><attrdefs Sync="TRUE">ESRI</attrdefs><attrdomv><udom Sync="TRUE">Coordinates defining the features.</udom></attrdomv></attr><attr><attrlabl Sync="TRUE">AREA</attrlabl><attwidth Sync="TRUE">19</attwidth><atoutwid Sync="TRUE">18</atoutwid><attrtype Sync="TRUE">Float</attrtype><atnumdec Sync="TRUE">11</atnumdec><attrdef Sync="TRUE">Area of feature in internal units squared.</attrdef><attrdefs Sync="TRUE">ESRI</attrdefs><attrdomv><udom Sync="TRUE">Positive real numbers that are automatically generated.</udom></attrdomv></attr><attr><attrlabl Sync="TRUE">PERIMETER</attrlabl><attwidth Sync="TRUE">19</attwidth><atoutwid Sync="TRUE">18</atoutwid><attrtype Sync="TRUE">Float</attrtype><atnumdec Sync="TRUE">11</atnumdec><attrdef Sync="TRUE">Perimeter of feature in internal units.</attrdef><attrdefs Sync="TRUE">ESRI</attrdefs><attrdomv><udom Sync="TRUE">Positive real numbers that are automatically generated.</udom></attrdomv></attr><attr><attrlabl Sync="TRUE">SYMBOL</attrlabl><attwidth Sync="TRUE">9</attwidth><atoutwid Sync="TRUE">3</atoutwid><attrtype Sync="TRUE">Number</attrtype><attrdef>Symbol number</attrdef><attrdefs>DPLU</attrdefs></attr><attr><attrlabl Sync="TRUE">LONGNAME</attrlabl><attwidth Sync="TRUE">9</attwidth><atoutwid Sync="TRUE">60</atoutwid><attrtype Sync="TRUE">Number</attrtype><attrdef>Full name</attrdef><attrdefs>DPLU</attrdefs></attr><attr><attrlabl Sync="TRUE">DESC2</attrlabl><attwidth Sync="TRUE">4</attwidth><atoutwid Sync="TRUE">50</atoutwid><attrtype Sync="TRUE">Number</attrtype><attrdef>Second description</attrdef><attrdefs>DPLU</attrdefs></attr><attr><attrlabl Sync="TRUE">DESC1</attrlabl><attwidth Sync="TRUE">60</attwidth><atoutwid Sync="TRUE">50</atoutwid><attrtype Sync="TRUE">String</attrtype><attrdef>First description</attrdef><attrdefs>DPLU</attrdefs></attr><attr><attrlabl Sync="TRUE">GEO_AGG_</attrlabl><attalias Sync="TRUE">GEO_AGG_</attalias><attrtype Sync="TRUE">String</attrtype><attwidth Sync="TRUE">50</attwidth><attrdef>Internal coverage numbers </attrdef><attrdefs>DPLU</attrdefs></attr><attr><attrlabl Sync="TRUE">Shape_Area</attrlabl><attalias Sync="TRUE">Shape_Area</attalias><attrtype Sync="TRUE">String</attrtype><attwidth Sync="TRUE">50</attwidth><attrdef Sync="TRUE">Area of feature in internal units squared.</attrdef><attrdefs Sync="TRUE">ESRI</attrdefs><attrdomv><udom Sync="TRUE">Positive real numbers that are automatically generated.</udom></attrdomv></attr><attr><attrlabl Sync="TRUE">FID</attrlabl><attalias Sync="TRUE">FID</attalias><attrtype Sync="TRUE">Number</attrtype><attwidth Sync="TRUE">9</attwidth><attrdef Sync="TRUE">Internal feature number.</attrdef><attrdefs Sync="TRUE">ESRI</attrdefs><attrdomv><udom Sync="TRUE">Sequential unique whole numbers that are automatically generated.</udom></attrdomv></attr><attr><attrlabl Sync="TRUE">GEO_AGG_ID</attrlabl><attalias Sync="TRUE">GEO_AGG_ID</attalias><attrtype Sync="TRUE">String</attrtype><attwidth Sync="TRUE">40</attwidth><attrdef>Internal coverage ID</attrdef><attrdefs>DPLU</attrdefs></attr><attr><attrlabl Sync="TRUE">UPDATED_DE</attrlabl><attalias Sync="TRUE">UPDATED_DE</attalias><attrtype Sync="TRUE">Float</attrtype><attwidth Sync="TRUE">19</attwidth><atnumdec Sync="TRUE">11</atnumdec><attrdef>Updated description</attrdef><attrdefs>DPLU</attrdefs></attr><attr><attrlabl Sync="TRUE">Shape_Leng</attrlabl><attalias Sync="TRUE">Shape_Leng</attalias><attrtype Sync="TRUE">Float</attrtype><attwidth Sync="TRUE">19</attwidth><atnumdec Sync="TRUE">11</atnumdec><attrdef>Length of feature in internal units</attrdef><attrdefs>ESRI</attrdefs></attr></detailed><detailed Name="geo_agg.tatapn1"><enttyp><enttypl Sync="TRUE">geo_agg.tatapn1</enttypl><enttypt Sync="TRUE">Feature Class</enttypt><enttypc Sync="TRUE">0</enttypc></enttyp><attr><attrlabl Sync="TRUE">FID</attrlabl><attalias Sync="TRUE">FID</attalias><attrtype Sync="TRUE">OID</attrtype><attwidth Sync="TRUE">4</attwidth><atprecis Sync="TRUE">0</atprecis><attscale Sync="TRUE">0</attscale><attrdef Sync="TRUE">Internal feature number.</attrdef><attrdefs Sync="TRUE">ESRI</attrdefs><attrdomv><udom Sync="TRUE">Sequential unique whole numbers that are automatically generated.</udom></attrdomv></attr><attr><attrlabl Sync="TRUE">Shape</attrlabl><attalias Sync="TRUE">Shape</attalias><attrtype Sync="TRUE">Geometry</attrtype><attwidth Sync="TRUE">0</attwidth><atprecis Sync="TRUE">0</atprecis><attscale Sync="TRUE">0</attscale><attrdef Sync="TRUE">Feature geometry.</attrdef><attrdefs Sync="TRUE">ESRI</attrdefs><attrdomv><udom Sync="TRUE">Coordinates defining the features.</udom></attrdomv></attr><attr><attrlabl Sync="TRUE">APN1#</attrlabl><attwidth Sync="TRUE">9</attwidth><atoutwid Sync="TRUE">5</atoutwid><attrtype Sync="TRUE">Number</attrtype><attrdef Sync="TRUE">Internal feature number.</attrdef><attrdefs Sync="TRUE">ESRI</attrdefs><attrdomv><udom Sync="TRUE">Sequential unique whole numbers that are automatically generated.</udom></attrdomv></attr><attr><attrlabl Sync="TRUE">APN1-ID</attrlabl><attwidth Sync="TRUE">19</attwidth><atoutwid Sync="TRUE">5</atoutwid><attrtype Sync="TRUE">Float</attrtype><attrdef Sync="TRUE">User-defined feature number.</attrdef><attrdefs Sync="TRUE">ESRI</attrdefs></attr><attr><atnumdec/></attr><attr/></detailed><detailed Name="geo_agg.tatapn2"><enttyp><enttypl Sync="TRUE">geo_agg.tatapn2</enttypl><enttypt Sync="TRUE">Feature Class</enttypt><enttypc Sync="TRUE">0</enttypc></enttyp><attr><attrlabl Sync="TRUE">FID</attrlabl><attalias Sync="TRUE">FID</attalias><attrtype Sync="TRUE">OID</attrtype><attwidth Sync="TRUE">4</attwidth><atprecis Sync="TRUE">0</atprecis><attscale Sync="TRUE">0</attscale><attrdef Sync="TRUE">Internal feature number.</attrdef><attrdefs Sync="TRUE">ESRI</attrdefs><attrdomv><udom Sync="TRUE">Sequential unique whole numbers that are automatically generated.</udom></attrdomv></attr><attr><attrlabl Sync="TRUE">Shape</attrlabl><attalias Sync="TRUE">Shape</attalias><attrtype Sync="TRUE">Geometry</attrtype><attwidth Sync="TRUE">0</attwidth><atprecis Sync="TRUE">0</atprecis><attscale Sync="TRUE">0</attscale><attrdef Sync="TRUE">Feature geometry.</attrdef><attrdefs Sync="TRUE">ESRI</attrdefs><attrdomv><udom Sync="TRUE">Coordinates defining the features.</udom></attrdomv></attr><attr><attrlabl Sync="TRUE">APN2#</attrlabl><attwidth Sync="TRUE">9</attwidth><atoutwid Sync="TRUE">5</atoutwid><attrtype Sync="TRUE">Number</attrtype><attrdef Sync="TRUE">Internal feature number.</attrdef><attrdefs Sync="TRUE">ESRI</attrdefs><attrdomv><udom Sync="TRUE">Sequential unique whole numbers that are automatically generated.</udom></attrdomv></attr><attr><attrlabl Sync="TRUE">APN2-ID</attrlabl><attwidth Sync="TRUE">19</attwidth><atoutwid Sync="TRUE">5</atoutwid><attrtype Sync="TRUE">Float</attrtype><attrdef Sync="TRUE">User-defined feature number.</attrdef><attrdefs Sync="TRUE">ESRI</attrdefs></attr><attr><atnumdec/></attr><attr/></detailed></eainfo><distinfo><stdorder><digform><digtinfo><transize Sync="TRUE">1.319</transize><dssize Sync="TRUE">1.319</dssize></digtinfo></digform></stdorder><distrib><cntinfo><cntorgp><cntorg>County of San Diego Department of Planning and Land Use - GIS Department</cntorg><cntper>Robert Winslow </cntper></cntorgp><cntpos>GIS Supervisor</cntpos><cntvoice>858 694 3295</cntvoice></cntinfo></distrib><distliab>THIS MAP IS PROVIDED WITHOUT WARRANTY OF ANY KIND, EITHER EXPRESS
OR IMPLIED, INCLUDING BUT NOT LIMITED TO, THE IMPLIED WARRANTIES OF
MERCHANTABILITY AND FITNESS FOR A PARTICULAR PURPOSE. 
Copyright SanGIS. All Rights Reserved.
This product may contain information from SANDAG Regional
information System which cannot be reproduced without the
written permission of SANDAG. This product may contain information
which has been reproduced with permission
granted by Thomas Brothers Maps
</distliab><resdesc Sync="TRUE">Downloadable Data</resdesc></distinfo><dataqual><attracc><attraccr>All attributes created during the creation process were verified by displaying the lines in both the database and the spatial coverage, but no formal tests were performed.</attraccr></attracc><logic>These data are believed to be logically consistent, though no tests were performed.  Line geometry is topologically clean</logic><complete>Data represents areas that could potentially change in the future</complete><posacc><horizpa><horizpar>Cover is thought to be accurate to the regional level.</horizpar></horizpa><vertacc><vertaccr>Cover does not contain features with a Z axis</vertaccr></vertacc></posacc><lineage><procstep><procdesc Sync="TRUE">Dataset copied.</procdesc><srcused Sync="TRUE">\\BLACK-XP\C$\SDEUpdates\Aquifer\aquifer.gdb</srcused><date Sync="TRUE">20080721</date><time Sync="TRUE">14394800</time></procstep></lineage></dataqual><dataIdInfo><envirDesc Sync="TRUE">Microsoft Windows XP Version 5.1 (Build 2600) Service Pack 3; ESRI ArcCatalog 9.2.5.1450</envirDesc><dataLang><languageCode Sync="TRUE" value="en"></languageCode></dataLang><idCitation><resTitle Sync="TRUE">Aquifers</resTitle><presForm><PresFormCd Sync="TRUE" value="005"></PresFormCd></presForm></idCitation><spatRpType><SpatRepTypCd Sync="TRUE" value="001"></SpatRepTypCd></spatRpType><dataExt><geoEle><GeoBndBox esriExtentType="native"><westBL Sync="TRUE">6150742.9999</westBL><eastBL Sync="TRUE">6613439.000031</eastBL><northBL Sync="TRUE">2129759.999978</northBL><southBL Sync="TRUE">1780970.929513</southBL><exTypeCode Sync="TRUE">1</exTypeCode></GeoBndBox></geoEle></dataExt><geoBox esriExtentType="decdegrees"><westBL Sync="TRUE">-117.598054</westBL><eastBL Sync="TRUE">-116.080149</eastBL><northBL Sync="TRUE">33.511553</northBL><southBL Sync="TRUE">32.545734</southBL><exTypeCode Sync="TRUE">1</exTypeCode></geoBox></dataIdInfo><mdLang><languageCode Sync="TRUE" value="en"></languageCode></mdLang><mdStanName Sync="TRUE">ISO 19115 Geographic Information - Metadata</mdStanName><mdStanVer Sync="TRUE">DIS_ESRI1.0</mdStanVer><mdChar><CharSetCd Sync="TRUE" value="004"></CharSetCd></mdChar><mdHrLv><ScopeCd Sync="TRUE" value="005"></ScopeCd></mdHrLv><mdHrLvName Sync="TRUE">dataset</mdHrLvName><distInfo><distributor><distorTran><onLineSrc><orDesc Sync="TRUE">002</orDesc><linkage Sync="TRUE">file://\\BLACK-XP\C$\SDEUpdates\Aquifer\Aquifers.shp</linkage><protocol Sync="TRUE">Local Area Network</protocol></onLineSrc><transSize Sync="TRUE">1.319</transSize></distorTran><distorFormat><formatName Sync="TRUE">Shapefile</formatName></distorFormat></distributor></distInfo><refSysInfo><RefSystem><refSysID><identCode Sync="TRUE">NAD_1983_StatePlane_California_VI_FIPS_0406_Feet</identCode></refSysID></RefSystem></refSysInfo><spatRepInfo><VectSpatRep><topLvl><TopoLevCd Sync="TRUE" value="001"></TopoLevCd></topLvl><geometObjs Name="Aquifers"><geoObjTyp><GeoObjTypCd Sync="TRUE" value="001"></GeoObjTypCd></geoObjTyp><geoObjCnt Sync="TRUE">735</geoObjCnt></geometObjs></VectSpatRep></spatRepInfo><mdDateSt Sync="TRUE">20080721</mdDateSt></metadata>
