<?xml version="1.0" encoding="ISO-8859-1"?>
<metadata>
	<idinfo>
		<citation>
			<citeinfo>
				<origin>County of San Diego Department of Planning and Land Use GIS</origin>
				<pubdate>11/14/07</pubdate>
				<title Sync="TRUE">Environmentally_Sensitive_Areas</title>
				<geoform Sync="TRUE">vector digital data</geoform>
				<onlink Sync="TRUE">\\BLACK\C$\PublicFiles\Env_Sens_Areas\Environmentally_Sensitive_Areas.shp</onlink>
				<ftname Sync="TRUE">Environmentally_Sensitive_Areas</ftname></citeinfo>
		</citation>
		<descript>
			<abstract>This dataset is a combination of several elements of environmentally sensitive areas.  Those elements are (1) Multiple Species Conservation Program (MSCP) hardline designations, (2) MSCP preserved land, (3) MSCP pre-approved mitigation area designations, (4) water bodies listed in the California Water Resources Control Board 2006 Clean Water Act section 303(d),  (5) rare waters, and (6) areas of significant biological concern.</abstract>
			<purpose>This dataset was developed to show areas of environmentally sensitive areas within the unincorporated parts of San Diego county.</purpose>
			<langdata Sync="TRUE">en</langdata></descript>
		<timeperd>
			<timeinfo>
				<sngdate>
					<caldate>2007</caldate>
				</sngdate>
			</timeinfo>
			<current>publication date</current>
		</timeperd>
		<status>
			<progress>Complete</progress>
			<update>Irregular</update>
		</status>
		<spdom>
			<bounding>
				<westbc Sync="TRUE">-117.595774</westbc>
				<eastbc Sync="TRUE">-116.459820</eastbc>
				<northbc Sync="TRUE">33.511487</northbc>
				<southbc Sync="TRUE">32.529634</southbc>
			</bounding>
			<lboundng><leftbc Sync="TRUE">6151438.596044</leftbc><rightbc Sync="TRUE">6496997.626192</rightbc><bottombc Sync="TRUE">1775103.500004</bottombc><topbc Sync="TRUE">2129801.683474</topbc></lboundng></spdom>
		<keywords>
			<theme>
				<themekt>REQUIRED: Reference to a formally registered thesaurus or a similar authoritative source of theme keywords.</themekt>
				<themekey>environmentally sensitive area</themekey>
				<themekey>Water Resources Control Board</themekey><themekey>MSCP</themekey><themekey>PAMA</themekey><themekey>Multiple Species Conservation Program</themekey><themekey>Multiple Species Conservation Plan</themekey><themekey>Pre-approved Mitigation Area</themekey></theme>
			<place><placekey>Unincorporated County of San Diego</placekey></place></keywords>
		<accconst>None</accconst>
		<useconst>The data displayed and downloadable from this web site or web services related to the County of San Diego, its affiliates, or contractors (here after collectively referred to as the County of San Diego) has been collected from various sources and will change over time without notice (all digital spatial information is collectively referred to as "the data" or "these data" here after). In using the data, users should be aware that some of these data are generalized and not parcel based nor is it of a licensed survey based level of accuracy. These data were created for use in regional projects and are generalized and can be inaccurate. While County of San Diego believes the data is accurate and properly functioning, The County of San Diego disclaims any responsibility for the accuracy or correctness of the data. This data is provided on an "AS IS", "AS AVAILABLE" and "WITH ALL FAULTS" basis. The County of San Diego makes no warranties, express or implied, including but not limited to any warranties of merchantability or fitness for a particular purpose, nor shall the distribution of this information constitute any warranty. In no event shall the County of San Diego become liable to users of these data, or any other party, for any loss or damages, consequential or otherwise, including but not limited to time, money, or goodwill, arising from the use, operation or modification of the data. In using these data, you further agree to indemnify, defend, and hold harmless The County of San Diego for any and all liability of any nature arising out of or resulting from the lack of accuracy or correctness of the data, or the use of the data. To ensure that appropriate documentation and data limitations are provided, re-distribution of this data is strongly discouraged. Please acknowledge County of San Diego as a source when County of San Diego data are used in the preparation of reports, papers, publications, maps, or reproduced in graphic or other digital representations. This disclaimer must be accessible or available to be viewed on-line when these data or its derived products are available to be viewed in a digital format by the public or available on any unprotected non fire-walled open internet serving these data, any computer network, file server, and/or ftp site that the public could access with reasonable ease.</useconst>
		<native Sync="TRUE">Microsoft Windows 2000 Version 5.0 (Build 2195) Service Pack 3; ESRI ArcCatalog 9.2.2.1350</native>
		<natvform Sync="TRUE">Shapefile</natvform><ptcontac><cntinfo><cntaddr><address>5201 Ruffin Rd.</address><addrtype>mailing and physical address</addrtype><address>Suite B</address><city>San Diego</city><state>CA</state><postal>92123</postal><country>USA</country></cntaddr><cntorgp><cntorg>County of San Diego Department of Planning and Land Use GIS</cntorg></cntorgp><cntpos>Sr. GIS Analyst</cntpos><cntvoice>858-694-2143</cntvoice><cntemail>dplu_gis@sdcounty.ca.gov</cntemail></cntinfo></ptcontac><secinfo><secclass>Unclassified</secclass></secinfo></idinfo>
	<spdoinfo>
		<direct Sync="TRUE">Vector</direct>
		<ptvctinf>
			<sdtsterm Name="Environmentally_Sensitive_Areas">
				<sdtstype Sync="TRUE">G-polygon</sdtstype>
				<ptvctcnt Sync="TRUE">1637</ptvctcnt>
			</sdtsterm>
			<esriterm Name="Environmentally_Sensitive_Areas"><efeatyp Sync="TRUE">Simple</efeatyp><efeageom Sync="TRUE">Polygon</efeageom><esritopo Sync="TRUE">FALSE</esritopo><efeacnt Sync="TRUE">1637</efeacnt><spindex Sync="TRUE">TRUE</spindex><linrefer Sync="TRUE">FALSE</linrefer></esriterm><esriterm Name="label"><efeatyp Sync="TRUE">Simple</efeatyp><efeageom Sync="TRUE">Label</efeageom><esritopo Sync="TRUE">FALSE</esritopo><efeacnt Sync="TRUE">530</efeacnt><spindex Sync="TRUE">FALSE</spindex><linrefer Sync="TRUE">FALSE</linrefer></esriterm><sdtsterm Name="label"><sdtstype Sync="TRUE">Label point</sdtstype><ptvctcnt Sync="TRUE">530</ptvctcnt></sdtsterm><esriterm Name="polygon"><efeatyp Sync="TRUE">Simple</efeatyp><efeageom Sync="TRUE">Polygon</efeageom><esritopo Sync="TRUE">TRUE</esritopo><efeacnt Sync="TRUE">529</efeacnt><spindex Sync="TRUE">FALSE</spindex><linrefer Sync="TRUE">FALSE</linrefer></esriterm><sdtsterm Name="polygon"><sdtstype Sync="TRUE">GT-polygon composed of chains</sdtstype><ptvctcnt Sync="TRUE">529</ptvctcnt></sdtsterm><esriterm Name="tic"><efeatyp Sync="TRUE">Simple</efeatyp><efeageom Sync="TRUE">Tic</efeageom><esritopo Sync="TRUE">FALSE</esritopo><efeacnt Sync="TRUE">4</efeacnt><spindex Sync="TRUE">FALSE</spindex><linrefer Sync="TRUE">FALSE</linrefer></esriterm><sdtsterm Name="tic"><sdtstype Sync="TRUE">Point</sdtstype><ptvctcnt Sync="TRUE">4</ptvctcnt></sdtsterm></ptvctinf>
	</spdoinfo>
	<spref>
		<horizsys>
			<planar>
				<planci>
					<plance Sync="TRUE">coordinate pair</plance>
					<coordrep>
						<absres Sync="TRUE">0.000000</absres>
						<ordres Sync="TRUE">0.000000</ordres>
					</coordrep>
					<plandu Sync="TRUE">survey feet</plandu>
				</planci>
				<mapproj><mapprojn Sync="TRUE">Lambert Conformal Conic</mapprojn><lambertc><stdparll Sync="TRUE">32.783333</stdparll><stdparll Sync="TRUE">33.883333</stdparll><longcm Sync="TRUE">-116.250000</longcm><latprjo Sync="TRUE">32.166667</latprjo><feast Sync="TRUE">6561666.666667</feast><fnorth Sync="TRUE">1640416.666667</fnorth></lambertc></mapproj></planar>
			<geodetic>
				<horizdn Sync="TRUE">North American Datum of 1983</horizdn>
				<ellips Sync="TRUE">Geodetic Reference System 80</ellips>
				<semiaxis Sync="TRUE">6378137.000000</semiaxis>
				<denflat Sync="TRUE">298.257222</denflat>
			</geodetic>
			<cordsysn><geogcsn Sync="TRUE">GCS_North_American_1983</geogcsn><projcsn Sync="TRUE">NAD_1983_StatePlane_California_VI_FIPS_0406_Feet</projcsn></cordsysn></horizsys>
		<vertdef><altsys><altenc Sync="TRUE">Explicit elevation coordinate included with horizontal coordinates</altenc><altres Sync="TRUE">1.000000</altres></altsys></vertdef></spref>
	<eainfo>
		<detailed Name="Environmentally_Sensitive_Areas">
			<attr><attrlabl Sync="TRUE">ESA</attrlabl><attalias Sync="TRUE">ESA</attalias><attrtype Sync="TRUE">String</attrtype><attwidth Sync="TRUE">1</attwidth><attrdef>Environmentally sensitive area (Y (yes) or blank)</attrdef><attrdefs>County of San Diego Department of Planning and Land Use GIS</attrdefs></attr><attr><attrlabl Sync="TRUE">Z03D</attrlabl><attalias Sync="TRUE">Z03D</attalias><attrtype Sync="TRUE">String</attrtype><attwidth Sync="TRUE">1</attwidth><attrdef>Water Resources 303(d) waters (Y (yes) or blank)</attrdef><attrdefs>County of San Diego Department of Planning and Land Use GIS</attrdefs></attr><enttyp>
				<enttypl Sync="TRUE">Environmentally_Sensitive_Areas</enttypl>
				<enttypt Sync="TRUE">Feature Class</enttypt><enttypc Sync="TRUE">1637</enttypc></enttyp>
			<attr>
				<attrlabl Sync="TRUE">Shape</attrlabl>
				<attrdef Sync="TRUE">Feature geometry.</attrdef>
				<attrdefs Sync="TRUE">ESRI</attrdefs>
				<attrdomv>
					<udom Sync="TRUE">Coordinates defining the features.</udom>
				</attrdomv>
				<attalias Sync="TRUE">Shape</attalias><attrtype Sync="TRUE">Number</attrtype><attwidth Sync="TRUE">10</attwidth></attr>
			<attr><attrlabl Sync="TRUE">PERIMETER</attrlabl><attalias Sync="TRUE">PERIMETER</attalias><attrtype Sync="TRUE">Number</attrtype><attwidth Sync="TRUE">19</attwidth><atnumdec Sync="TRUE">8</atnumdec><attrdef>Perimeter of feature in internal units</attrdef></attr><attr><attrlabl Sync="TRUE">HARDLINE</attrlabl><attalias Sync="TRUE">HARDLINE</attalias><attrtype Sync="TRUE">String</attrtype><attwidth Sync="TRUE">1</attwidth><attrdef>MSCP Hardline designation (Y (yes) or blank)</attrdef><attrdefs>County of San Diego Department of Planning and Land Use GIS</attrdefs></attr><attr><attrlabl Sync="TRUE">GAINPRES</attrlabl><attalias Sync="TRUE">GAINPRES</attalias><attrtype Sync="TRUE">String</attrtype><attwidth Sync="TRUE">1</attwidth><attrdef>MSCP preserved land (Y (yes) or blank)</attrdef><attrdefs>County of San Diego Department of Planning and Land Use GIS</attrdefs></attr><attr><attrlabl Sync="TRUE">PAMA</attrlabl><attalias Sync="TRUE">PAMA</attalias><attrtype Sync="TRUE">String</attrtype><attwidth Sync="TRUE">1</attwidth><attrdef>MSCP pre-approved mitigation area (Y (yes) or blank)</attrdef><attrdefs>County of San Diego Department of Planning and Land Use GIS</attrdefs></attr><attr><attrlabl Sync="TRUE">RAREWTRS</attrlabl><attalias Sync="TRUE">RAREWTRS</attalias><attrtype Sync="TRUE">String</attrtype><attwidth Sync="TRUE">1</attwidth><attrdef>Rare waters (Y (yes) or blank)</attrdef><attrdefs>County of San Diego Department of Planning and Land Use GIS</attrdefs></attr><attr><attrlabl Sync="TRUE">ASBC</attrlabl><attalias Sync="TRUE">ASBC</attalias><attrtype Sync="TRUE">String</attrtype><attwidth Sync="TRUE">1</attwidth><attrdef>Areas of significant biological concern (Y (yes) or blank)</attrdef><attrdefs>County of San Diego Department of Planning and Land Use GIS</attrdefs></attr><attr><attrlabl Sync="TRUE">FID</attrlabl><attalias Sync="TRUE">FID</attalias><attrtype Sync="TRUE">String</attrtype><attwidth Sync="TRUE">1</attwidth><attrdef Sync="TRUE">Internal feature number.</attrdef><attrdefs Sync="TRUE">ESRI</attrdefs><attrdomv><udom Sync="TRUE">Sequential unique whole numbers that are automatically generated.</udom></attrdomv></attr><attr><attrlabl Sync="TRUE">OBJECTID</attrlabl><attalias Sync="TRUE">OBJECTID</attalias><attrtype Sync="TRUE">String</attrtype><attwidth Sync="TRUE">1</attwidth><attrdef Sync="TRUE">Internal feature number.</attrdef><attrdefs Sync="TRUE">ESRI</attrdefs><attrdomv><udom Sync="TRUE">Sequential unique whole numbers that are automatically generated.</udom></attrdomv></attr><attr><attrlabl Sync="TRUE">SHAPE</attrlabl><attalias Sync="TRUE">Shape</attalias><attrtype Sync="TRUE">Float</attrtype><attwidth Sync="TRUE">19</attwidth><attrdef Sync="TRUE">Feature geometry.</attrdef><attrdefs Sync="TRUE">ESRI</attrdefs><attrdomv><udom Sync="TRUE">Coordinates defining the features.</udom></attrdomv><atnumdec Sync="TRUE">11</atnumdec></attr><attr><attrlabl Sync="TRUE">SHAPE_AREA</attrlabl><attalias Sync="TRUE">SHAPE_AREA</attalias><attrtype Sync="TRUE">Float</attrtype><attwidth Sync="TRUE">19</attwidth><attrdef Sync="TRUE">Area of feature in internal units squared.</attrdef><attrdefs Sync="TRUE">ESRI</attrdefs><attrdomv><udom Sync="TRUE">Positive real numbers that are automatically generated.</udom></attrdomv><atnumdec Sync="TRUE">11</atnumdec></attr><attr><attrlabl Sync="TRUE">SHAPE_LEN</attrlabl><attalias Sync="TRUE">SHAPE_LEN</attalias><attrtype Sync="TRUE">Double</attrtype><attwidth Sync="TRUE">19</attwidth><atprecis Sync="TRUE">0</atprecis><attscale Sync="TRUE">0</attscale><attrdef>Length in internal units</attrdef></attr></detailed>
	</eainfo>
	<distinfo>
		<resdesc>www.sangis.org</resdesc>
		<stdorder>
			<digform>
				<digtinfo>
					<transize Sync="TRUE">2.261</transize>
					<dssize Sync="TRUE">2.261</dssize></digtinfo>
			</digform>
		</stdorder>
		<distliab>The data displayed and downloadable from this web site or web services related to the County of San Diego, its affiliates, or contractors (here after collectively referred to as the County of San Diego) has been collected from various sources and will change over time without notice (all digital spatial information is collectively referred to as "the data" or "these data" here after). In using the data, users should be aware that some of these data are generalized and not parcel based nor is it of a licensed survey based level of accuracy. These data were created for use in regional projects and are generalized and can be inaccurate. While County of San Diego believes the data is accurate and properly functioning, The County of San Diego disclaims any responsibility for the accuracy or correctness of the data. This data is provided on an "AS IS", "AS AVAILABLE" and "WITH ALL FAULTS" basis. The County of San Diego makes no warranties, express or implied, including but not limited to any warranties of merchantability or fitness for a particular purpose, nor shall the distribution of this information constitute any warranty. In no event shall the County of San Diego become liable to users of these data, or any other party, for any loss or damages, consequential or otherwise, including but not limited to time, money, or goodwill, arising from the use, operation or modification of the data. In using these data, you further agree to indemnify, defend, and hold harmless The County of San Diego for any and all liability of any nature arising out of or resulting from the lack of accuracy or correctness of the data, or the use of the data. To ensure that appropriate documentation and data limitations are provided, re-distribution of this data is strongly discouraged. Please acknowledge County of San Diego as a source when County of San Diego data are used in the preparation of reports, papers, publications, maps, or reproduced in graphic or other digital representations. This disclaimer must be accessible or available to be viewed on-line when these data or its derived products are available to be viewed in a digital format by the public or available on any unprotected non fire-walled open internet serving these data, any computer network, file server, and/or ftp site that the public could access with reasonable ease.</distliab></distinfo>
	<metainfo>
		<metd Sync="TRUE">20071126</metd>
		<metc>
			<cntinfo>
				<cntorgp>
					<cntorg>County of San Diego Department of Planning and Land Use GIS</cntorg>
					<cntper>REQUIRED: The person responsible for the metadata information.</cntper>
				</cntorgp>
				<cntaddr>
					<addrtype>mailing and physical address</addrtype>
					<city>San Diego</city>
					<state>CA</state>
					<postal>92123</postal>
					<address>5201 Ruffin Rd Suite B</address></cntaddr>
				<cntvoice>858-694-2143</cntvoice>
				<cntpos>Sr GIS Analyst</cntpos></cntinfo>
		</metc>
		<metstdn Sync="TRUE">FGDC Content Standards for Digital Geospatial Metadata</metstdn>
		<metstdv Sync="TRUE">FGDC-STD-001-1998</metstdv>
		<mettc Sync="TRUE">local time</mettc>
		<metextns>
			<onlink>http://www.esri.com/metadata/esriprof80.html</onlink>
			<metprof>ESRI Metadata Profile</metprof>
		</metextns>
		<langmeta Sync="TRUE">en</langmeta><metrd>20071114</metrd><metfrd>20081114</metfrd><metextns><onlink Sync="TRUE">http://www.esri.com/metadata/esriprof80.html</onlink><metprof Sync="TRUE">ESRI Metadata Profile</metprof></metextns></metainfo>
	<Esri><CreaDate>20071126</CreaDate><CreaTime>11281800</CreaTime><SyncOnce>FALSE</SyncOnce><SyncDate>20071126</SyncDate><SyncTime>11364100</SyncTime><ModDate>20071126</ModDate><ModTime>11364100</ModTime><DataProperties><lineage><Process ToolSource="C:\Program Files\ArcGIS\ArcToolbox\Toolboxes\Data Management Tools.tbx\CopyFeatures" Date="20071114" Time="133709">CopyFeatures K:\20071109_esa_update\esa\polygon K:\20071109_esa_update\data\esa_polygon.shp # 0 0 0</Process><Process Name="Clip_2" ToolSource="C:\Program Files\ArcGIS\ArcToolbox\Toolboxes\Analysis Tools.tbx\Clip" Date="20071115" Time="064514">Clip K:\20071109_esa_update\data\esa1.shp "SDE.SANGIS.JUR_MUNICIPAL selection" K:\20071109_esa_update\data\esa.shp #</Process><Process Name="Dissolve_2" ToolSource="C:\Program Files\ArcGIS\ArcToolbox\Toolboxes\Data Management Tools.tbx\Dissolve" Date="20071115" Time="065821">Dissolve esa2 K:\20071109_esa_update\data\esa.shp ESA # SINGLE_PART</Process><Process Name="FeatureClassToFeatureClass_2" ToolSource="C:\Program Files\ArcGIS\ArcToolbox\Toolboxes\Conversion Tools.tbx\FeatureClassToFeatureClass" Date="20071121" Time="153754">FeatureClassToFeatureClass Z:\Review\Environ_Sensitive\ECO_ENVRNMNTLY_SENSITIVE_AREAS.shp "Database Connections\sangis@sangis.sde" ECO_ENVRNMNTLY_SENSITIVE_AREAS # "AREA AREA true false false 19 Double 0 0 ,First,#,Z:\Review\Environ_Sensitive\ECO_ENVRNMNTLY_SENSITIVE_AREAS.shp,AREA,-1,-1;PERIMETER PERIMETER true false false 19 Double 0 0 ,First,#,Z:\Review\Environ_Sensitive\ECO_ENVRNMNTLY_SENSITIVE_AREAS.shp,PERIMETER,-1,-1;HARDLINE HARDLINE true false false 1 Text 0 0 ,First,#,Z:\Review\Environ_Sensitive\ECO_ENVRNMNTLY_SENSITIVE_AREAS.shp,HARDLINE,-1,-1;GAINPRES GAINPRES true false false 1 Text 0 0 ,First,#,Z:\Review\Environ_Sensitive\ECO_ENVRNMNTLY_SENSITIVE_AREAS.shp,GAINPRES,-1,-1;PAMA PAMA true false false 1 Text 0 0 ,First,#,Z:\Review\Environ_Sensitive\ECO_ENVRNMNTLY_SENSITIVE_AREAS.shp,PAMA,-1,-1;RAREWTRS RAREWTRS true false false 1 Text 0 0 ,First,#,Z:\Review\Environ_Sensitive\ECO_ENVRNMNTLY_SENSITIVE_AREAS.shp,RAREWTRS,-1,-1;ASBC ASBC true false false 1 Text 0 0 ,First,#,Z:\Review\Environ_Sensitive\ECO_ENVRNMNTLY_SENSITIVE_AREAS.shp,ASBC,-1,-1;Z03D Z03D true false false 1 Text 0 0 ,First,#,Z:\Review\Environ_Sensitive\ECO_ENVRNMNTLY_SENSITIVE_AREAS.shp,Z03D,-1,-1;ESA ESA true false false 1 Text 0 0 ,First,#,Z:\Review\Environ_Sensitive\ECO_ENVRNMNTLY_SENSITIVE_AREAS.shp,ESA,-1,-1" # "Database Connections\sangis@sangis.sde\SANGIS.ECO_ENVRNMNTLY_SENSITIVE_AREAS"</Process></lineage></DataProperties><MetaID>{964D64E8-6C40-4A25-B5BF-F08210CA00B9}</MetaID></Esri><dataqual><lineage><srcinfo><typesrc>online</typesrc><srcscale>24000</srcscale></srcinfo><procstep><procdesc Sync="TRUE">Dataset copied.</procdesc><date Sync="TRUE">20071119</date><time Sync="TRUE">14261300</time></procstep><procstep><procdesc Sync="TRUE">Dataset copied.</procdesc><srcused Sync="TRUE">Server=sangis; Service=esri_sde; User=sangis; Version=SDE.DEFAULT</srcused><date Sync="TRUE">20071126</date><time Sync="TRUE">11281800</time></procstep></lineage></dataqual><dataIdInfo><envirDesc Sync="TRUE">Microsoft Windows 2000 Version 5.0 (Build 2195) Service Pack 3; ESRI ArcCatalog 9.2.2.1350</envirDesc><dataLang><languageCode Sync="TRUE" value="en"></languageCode></dataLang><idCitation><resTitle Sync="TRUE">Environmentally_Sensitive_Areas</resTitle><presForm><PresFormCd Sync="TRUE" value="005"></PresFormCd></presForm></idCitation><spatRpType><SpatRepTypCd Sync="TRUE" value="001"></SpatRepTypCd></spatRpType><dataExt><geoEle><GeoBndBox esriExtentType="native"><westBL Sync="TRUE">6151438.596044</westBL><eastBL Sync="TRUE">6496997.626192</eastBL><northBL Sync="TRUE">2129801.683474</northBL><southBL Sync="TRUE">1775103.500004</southBL><exTypeCode Sync="TRUE">1</exTypeCode></GeoBndBox></geoEle></dataExt><geoBox esriExtentType="decdegrees"><westBL Sync="TRUE">-117.595774</westBL><eastBL Sync="TRUE">-116.45982</eastBL><northBL Sync="TRUE">33.511487</northBL><southBL Sync="TRUE">32.529634</southBL><exTypeCode Sync="TRUE">1</exTypeCode></geoBox></dataIdInfo><mdLang><languageCode Sync="TRUE" value="en"></languageCode></mdLang><mdStanName Sync="TRUE">ISO 19115 Geographic Information - Metadata</mdStanName><mdStanVer Sync="TRUE">DIS_ESRI1.0</mdStanVer><mdChar><CharSetCd Sync="TRUE" value="004"></CharSetCd></mdChar><mdHrLv><ScopeCd Sync="TRUE" value="005"></ScopeCd></mdHrLv><mdHrLvName Sync="TRUE">dataset</mdHrLvName><distInfo><distributor><distorTran><onLineSrc><orDesc Sync="TRUE">002</orDesc><linkage Sync="TRUE">file://\\BLACK\C$\PublicFiles\Env_Sens_Areas\Environmentally_Sensitive_Areas.shp</linkage><protocol Sync="TRUE">Local Area Network</protocol></onLineSrc><transSize Sync="TRUE">2.261</transSize></distorTran><distorFormat><formatName Sync="TRUE">Shapefile</formatName></distorFormat></distributor></distInfo><refSysInfo><RefSystem><refSysID><identCode Sync="TRUE">NAD_1983_StatePlane_California_VI_FIPS_0406_Feet</identCode></refSysID></RefSystem></refSysInfo><spatRepInfo><VectSpatRep><topLvl><TopoLevCd Sync="TRUE" value="001"></TopoLevCd></topLvl><geometObjs Name="Environmentally_Sensitive_Areas"><geoObjTyp><GeoObjTypCd Sync="TRUE" value="001"></GeoObjTypCd></geoObjTyp><geoObjCnt Sync="TRUE">1637</geoObjCnt></geometObjs></VectSpatRep></spatRepInfo><mdDateSt Sync="TRUE">20071126</mdDateSt></metadata>
