<?xml version="1.0"?>
<!--<!DOCTYPE metadata SYSTEM "http://www.esri.com/metadata/esriprof80.dtd">-->
<metadata xml:lang="en"><Esri><CreaDate>20090609</CreaDate><CreaTime>15331400</CreaTime><SyncOnce>FALSE</SyncOnce><SyncDate>20090609</SyncDate><SyncTime>15385300</SyncTime><ModDate>20090609</ModDate><ModTime>15464100</ModTime><DataProperties><lineage><Process Name="FeatureClassToFeatureClass_1" ToolSource="C:\Program Files\ArcGIS\ArcToolbox\Toolboxes\Conversion Tools.tbx\FeatureClassToFeatureClass" Date="20070830" Time="233339">FeatureClassToFeatureClass \\Nas1\home\share\Review\Habitrak\ECO_MSCP_HABITRAK.shp "Database Connections\sangis@sangis.sde" ECO_MSCP_HABITRAK # "AREA AREA true false false 19 Double 3 18 ,First,#,\\Nas1\home\share\Review\Habitrak\ECO_MSCP_HABITRAK.shp,AREA,-1,-1;PERIMETER PERIMETER true false false 19 Double 3 18 ,First,#,\\Nas1\home\share\Review\Habitrak\ECO_MSCP_HABITRAK.shp,PERIMETER,-1,-1;TYPE TYPE true false false 4 Text 0 0 ,First,#,\\Nas1\home\share\Review\Habitrak\ECO_MSCP_HABITRAK.shp,TYPE,-1,-1;ACRES ACRES true false false 19 Double 2 18 ,First,#,\\Nas1\home\share\Review\Habitrak\ECO_MSCP_HABITRAK.shp,ACRES,-1,-1;WATRACK WATRACK true false false 20 Text 0 0 ,First,#,\\Nas1\home\share\Review\Habitrak\ECO_MSCP_HABITRAK.shp,WATRACK,-1,-1;G_STATUS G_STATUS true false false 25 Text 0 0 ,First,#,\\Nas1\home\share\Review\Habitrak\ECO_MSCP_HABITRAK.shp,G_STATUS,-1,-1;G_TRACKNO G_TRACKNO true false false 20 Text 0 0 ,First,#,\\Nas1\home\share\Review\Habitrak\ECO_MSCP_HABITRAK.shp,G_TRACKNO,-1,-1;G_PROJNAME G_PROJNAME true false false 50 Text 0 0 ,First,#,\\Nas1\home\share\Review\Habitrak\ECO_MSCP_HABITRAK.shp,G_PROJNAME,-1,-1;G_APP G_APP true false false 50 Text 0 0 ,First,#,\\Nas1\home\share\Review\Habitrak\ECO_MSCP_HABITRAK.shp,G_APP,-1,-1;G_LOC G_LOC true false false 36 Text 0 0 ,First,#,\\Nas1\home\share\Review\Habitrak\ECO_MSCP_HABITRAK.shp,G_LOC,-1,-1;G_DATEGAIN G_DATEGAIN true true false 8 Date 0 0 ,First,#,\\Nas1\home\share\Review\Habitrak\ECO_MSCP_HABITRAK.shp,G_DATEGAIN,-1,-1;G_MGMTRESP G_MGMTRESP true false false 50 Text 0 0 ,First,#,\\Nas1\home\share\Review\Habitrak\ECO_MSCP_HABITRAK.shp,G_MGMTRESP,-1,-1;G_MITBANK G_MITBANK true false false 50 Text 0 0 ,First,#,\\Nas1\home\share\Review\Habitrak\ECO_MSCP_HABITRAK.shp,G_MITBANK,-1,-1;G_HABPRES G_HABPRES true false false 3 Text 0 0 ,First,#,\\Nas1\home\share\Review\Habitrak\ECO_MSCP_HABITRAK.shp,G_HABPRES,-1,-1;G_MGTDESC G_MGTDESC true false false 100 Text 0 0 ,First,#,\\Nas1\home\share\Review\Habitrak\ECO_MSCP_HABITRAK.shp,G_MGTDESC,-1,-1;G_CONSTYPE G_CONSTYPE true false false 40 Text 0 0 ,First,#,\\Nas1\home\share\Review\Habitrak\ECO_MSCP_HABITRAK.shp,G_CONSTYPE,-1,-1;G_MITCRED G_MITCRED true false false 12 Double 2 11 ,First,#,\\Nas1\home\share\Review\Habitrak\ECO_MSCP_HABITRAK.shp,G_MITCRED,-1,-1;L_STATUS L_STATUS true false false 16 Text 0 0 ,First,#,\\Nas1\home\share\Review\Habitrak\ECO_MSCP_HABITRAK.shp,L_STATUS,-1,-1;L_TRACKNO L_TRACKNO true false false 16 Text 0 0 ,First,#,\\Nas1\home\share\Review\Habitrak\ECO_MSCP_HABITRAK.shp,L_TRACKNO,-1,-1;L_PROJNAME L_PROJNAME true false false 50 Text 0 0 ,First,#,\\Nas1\home\share\Review\Habitrak\ECO_MSCP_HABITRAK.shp,L_PROJNAME,-1,-1;L_APP L_APP true false false 50 Text 0 0 ,First,#,\\Nas1\home\share\Review\Habitrak\ECO_MSCP_HABITRAK.shp,L_APP,-1,-1;L_LOC L_LOC true false false 36 Text 0 0 ,First,#,\\Nas1\home\share\Review\Habitrak\ECO_MSCP_HABITRAK.shp,L_LOC,-1,-1;L_DATELOSS L_DATELOSS true true false 8 Date 0 0 ,First,#,\\Nas1\home\share\Review\Habitrak\ECO_MSCP_HABITRAK.shp,L_DATELOSS,-1,-1;L_CEQANO L_CEQANO true false false 19 Double 5 18 ,First,#,\\Nas1\home\share\Review\Habitrak\ECO_MSCP_HABITRAK.shp,L_CEQANO,-1,-1;L_ACTIVITY L_ACTIVITY true false false 36 Text 0 0 ,First,#,\\Nas1\home\share\Review\Habitrak\ECO_MSCP_HABITRAK.shp,L_ACTIVITY,-1,-1;L_DATEAPP L_DATEAPP true true false 8 Date 0 0 ,First,#,\\Nas1\home\share\Review\Habitrak\ECO_MSCP_HABITRAK.shp,L_DATEAPP,-1,-1;L_HABPRES L_HABPRES true false false 3 Text 0 0 ,First,#,\\Nas1\home\share\Review\Habitrak\ECO_MSCP_HABITRAK.shp,L_HABPRES,-1,-1;L_ACTDESC L_ACTDESC true false false 100 Text 0 0 ,First,#,\\Nas1\home\share\Review\Habitrak\ECO_MSCP_HABITRAK.shp,L_ACTDESC,-1,-1" YEARLY "Database Connections\sangis@sangis.sde\SANGIS.ECO_MSCP_HABITRAK"</Process></lineage></DataProperties><MetaID>{E551089C-C89A-4DD8-8A5F-4BFEE37BBE7D}</MetaID></Esri><idinfo><native Sync="TRUE">Microsoft Windows XP Version 5.1 (Build 2600) Service Pack 3; ESRI ArcCatalog 9.3.1.3000</native><descript><langdata Sync="TRUE">en</langdata><abstract>Habitat conservation and loss due to development within the San Diego MSCP</abstract><purpose>Created within HabiTrak for the purpose of habitat preservation and loss accounting.</purpose><supplinf>This program is under the MSCP Natural Communities Conservation Program (NCCP) local agencies </supplinf></descript><citation><citeinfo><origin>County of San Diego</origin><pubdate>August 2007</pubdate><title Sync="TRUE">MSCP_Habitrak</title><ftname Sync="TRUE">MSCP_Habitrak</ftname><geoform Sync="TRUE">vector digital data</geoform><onlink Sync="TRUE">\\BLACK-XP\C$\PublicFiles\MSCP_Habitrak\MSCP_Habitrak.shp</onlink><origin>City of San Diego</origin><origin>San Diego Association of Governments (SANDAG)</origin><origin>City of Chula Vista</origin></citeinfo></citation><timeperd><current>publication date</current><timeinfo><rngdates><begdate>10/1997</begdate><enddate>12/2006</enddate></rngdates></timeinfo></timeperd><status><progress>Complete</progress><update>Annually</update></status><spdom><bounding><westbc Sync="TRUE">-117.285308</westbc><eastbc Sync="TRUE">-116.690610</eastbc><northbc Sync="TRUE">33.162086</northbc><southbc Sync="TRUE">32.533088</southbc></bounding><lboundng><leftbc Sync="TRUE">6244824.000016</leftbc><rightbc Sync="TRUE">6425865.499992</rightbc><bottombc Sync="TRUE">1775304.125003</bottombc><topbc Sync="TRUE">2002890.999997</topbc></lboundng></spdom><keywords/><accconst>None</accconst><useconst>None</useconst><natvform Sync="TRUE">Shapefile</natvform><ptcontac><cntinfo><cntorgp><cntorg>U.S. Fish &amp; Wildlife Service</cntorg></cntorgp><cntaddr><addrtype>mailing and physical address</addrtype><address>6010 Hidden Valley Road</address><city>Carlsbad</city><state>CD</state><postal>92011</postal><country>US</country></cntaddr><cntvoice>(760) 431-9440</cntvoice></cntinfo></ptcontac></idinfo><dataIdInfo><envirDesc Sync="TRUE">Microsoft Windows XP Version 5.1 (Build 2600) Service Pack 3; ESRI ArcCatalog 9.3.1.3000</envirDesc><dataLang><languageCode Sync="TRUE" value="en"></languageCode></dataLang><idCitation><resTitle Sync="TRUE">MSCP_Habitrak</resTitle><presForm><PresFormCd Sync="TRUE" value="005"></PresFormCd></presForm></idCitation><spatRpType><SpatRepTypCd Sync="TRUE" value="001"></SpatRepTypCd></spatRpType><dataExt><geoEle><GeoBndBox esriExtentType="native"><westBL Sync="TRUE">6244824.000016</westBL><eastBL Sync="TRUE">6425865.499992</eastBL><northBL Sync="TRUE">2002890.999997</northBL><southBL Sync="TRUE">1775304.125003</southBL><exTypeCode Sync="TRUE">1</exTypeCode></GeoBndBox></geoEle></dataExt><geoBox esriExtentType="decdegrees"><westBL Sync="TRUE">-117.285308</westBL><eastBL Sync="TRUE">-116.69061</eastBL><northBL Sync="TRUE">33.162086</northBL><southBL Sync="TRUE">32.533088</southBL><exTypeCode Sync="TRUE">1</exTypeCode></geoBox></dataIdInfo><metainfo><langmeta Sync="TRUE">en</langmeta><metstdn Sync="TRUE">FGDC Content Standards for Digital Geospatial Metadata</metstdn><metstdv Sync="TRUE">FGDC-STD-001-1998</metstdv><mettc Sync="TRUE">local time</mettc><metc><cntinfo><cntorgp><cntper>Gary Ross</cntper><cntorg>County of San Diego Department of Planning &amp; Land Use</cntorg></cntorgp><cntaddr><addrtype>mailing and physical address</addrtype><city>San Diego</city><state>CA</state><postal>92056</postal><address>5201 Ruffin Rd, Suite B</address></cntaddr><cntvoice>8586942783</cntvoice></cntinfo></metc><metd Sync="TRUE">20090609</metd><metextns><onlink Sync="TRUE">http://www.esri.com/metadata/esriprof80.html</onlink><metprof Sync="TRUE">ESRI Metadata Profile</metprof></metextns></metainfo><mdLang><languageCode Sync="TRUE" value="en"></languageCode></mdLang><mdStanName Sync="TRUE">ISO 19115 Geographic Information - Metadata</mdStanName><mdStanVer Sync="TRUE">DIS_ESRI1.0</mdStanVer><mdChar><CharSetCd Sync="TRUE" value="004"></CharSetCd></mdChar><mdHrLv><ScopeCd Sync="TRUE" value="005"></ScopeCd></mdHrLv><mdHrLvName Sync="TRUE">dataset</mdHrLvName><distinfo><resdesc Sync="TRUE">Downloadable Data</resdesc><stdorder><digform><digtinfo><transize Sync="TRUE">6.977</transize><dssize Sync="TRUE">6.977</dssize></digtinfo></digform></stdorder></distinfo><distInfo><distributor><distorTran><onLineSrc><orDesc Sync="TRUE">002</orDesc><linkage Sync="TRUE">file://\\BLACK-XP\C$\PublicFiles\MSCP_Habitrak\MSCP_Habitrak.shp</linkage><protocol Sync="TRUE">Local Area Network</protocol></onLineSrc><transSize Sync="TRUE">6.977</transSize></distorTran><distorFormat><formatName Sync="TRUE">Shapefile</formatName></distorFormat></distributor></distInfo><spdoinfo><direct Sync="TRUE">Vector</direct><ptvctinf><esriterm Name="MSCP_Habitrak"><efeatyp Sync="TRUE">Simple</efeatyp><efeageom Sync="TRUE">Polygon</efeageom><esritopo Sync="TRUE">FALSE</esritopo><efeacnt Sync="TRUE">4904</efeacnt><spindex Sync="TRUE">TRUE</spindex><linrefer Sync="TRUE">FALSE</linrefer></esriterm><sdtsterm Name="MSCP_Habitrak"><sdtstype Sync="TRUE">G-polygon</sdtstype><ptvctcnt Sync="TRUE">4904</ptvctcnt></sdtsterm></ptvctinf></spdoinfo><spatRepInfo><VectSpatRep><topLvl><TopoLevCd Sync="TRUE" value="001"></TopoLevCd></topLvl><geometObjs Name="MSCP_Habitrak"><geoObjTyp><GeoObjTypCd Sync="TRUE" value="001"></GeoObjTypCd></geoObjTyp><geoObjCnt Sync="TRUE">4904</geoObjCnt></geometObjs></VectSpatRep></spatRepInfo><eainfo><detailed Name="MSCP_Habitrak"><attr><attrlabl Sync="TRUE">L_ACTDESC</attrlabl><attalias Sync="TRUE">L_ACTDESC</attalias><attrtype Sync="TRUE">String</attrtype><attwidth Sync="TRUE">100</attwidth><attrdef>More detailed activity description</attrdef><attrdefs>County of San Diego Department of Planning &amp; Land Use</attrdefs></attr><attr><attrlabl Sync="TRUE">SHAPE_LEN</attrlabl><attalias Sync="TRUE">FID</attalias><attrtype Sync="TRUE">Float</attrtype><attwidth Sync="TRUE">19</attwidth><attrdef>Length of feature in internal units</attrdef><attrdefs Sync="TRUE">ESRI</attrdefs><attrdomv><udom Sync="TRUE">Sequential unique whole numbers that are automatically generated.</udom></attrdomv><atnumdec Sync="TRUE">11</atnumdec></attr><attr><attrlabl Sync="TRUE">L_HABPRES</attrlabl><attalias Sync="TRUE">L_HABPRES</attalias><attrtype Sync="TRUE">String</attrtype><attwidth Sync="TRUE">3</attwidth><attrdef>Indicator as to whether a portion of this project is inside the habitat preserve planning area (yes or no)</attrdef><attrdomv><edom><edomv>Yes</edomv><edomvd>Loss within habitat preserve</edomvd></edom><edom><edomv>No</edomv><edomvd>Loss outside habitat preserve</edomvd></edom><edom><edomvd>No loss of habitat</edomvd></edom></attrdomv><attrdefs>County of San Diego Department of Planning &amp; Land Use</attrdefs></attr><enttyp><enttypl Sync="TRUE">MSCP_Habitrak</enttypl><enttypt Sync="TRUE">Feature Class</enttypt><enttypc Sync="TRUE">4904</enttypc></enttyp><attr><attrlabl Sync="TRUE">Shape</attrlabl><attalias Sync="TRUE">AREA</attalias><attrtype Sync="TRUE">Double</attrtype><attwidth Sync="TRUE">19</attwidth><atprecis Sync="TRUE">18</atprecis><attscale Sync="TRUE">3</attscale><attrdef Sync="TRUE">Feature geometry.</attrdef><attrdefs Sync="TRUE">ESRI</attrdefs><attrdomv><udom Sync="TRUE">Coordinates defining the features.</udom></attrdomv></attr><attr><attrlabl Sync="TRUE">AREA</attrlabl><attalias Sync="TRUE">PERIMETER</attalias><attrtype Sync="TRUE">Number</attrtype><attwidth Sync="TRUE">19</attwidth><atnumdec Sync="TRUE">3</atnumdec><attrdef>Area of feature</attrdef><attrdefs>ESRI</attrdefs></attr><attr><attrlabl Sync="TRUE">PERIMETER</attrlabl><attalias Sync="TRUE">TYPE</attalias><attrtype Sync="TRUE">Number</attrtype><attwidth Sync="TRUE">19</attwidth><attrdef>Perimeter in feet</attrdef><atnumdec Sync="TRUE">3</atnumdec><attrdefs>ESRI</attrdefs></attr><attr><attrlabl Sync="TRUE">TYPE</attrlabl><attalias Sync="TRUE">ACRES</attalias><attrtype Sync="TRUE">String</attrtype><attwidth Sync="TRUE">4</attwidth><attrdef>Project type - loss or gain</attrdef><attrdomv><edom><edomv>Gain</edomv><edomvd>Habitat conservation</edomvd></edom><edom><edomv>Loss</edomv><edomvd>Habitat loss</edomvd></edom></attrdomv><attrdefs>County of San Diego Department of Planning &amp; Land Use</attrdefs></attr><attr><attrlabl Sync="TRUE">ACRES</attrlabl><attalias Sync="TRUE">WATRACK</attalias><attrtype Sync="TRUE">Number</attrtype><attwidth Sync="TRUE">19</attwidth><attrdef>Acres of habitat loss or gain</attrdef><attrdomv><udom>Coordinates defining the features.</udom></attrdomv><atnumdec Sync="TRUE">2</atnumdec><attrdefs>County of San Diego Department of Planning &amp; Land Use</attrdefs></attr><attr><attrlabl Sync="TRUE">WATRACK</attrlabl><attalias Sync="TRUE">G_STATUS</attalias><attrtype Sync="TRUE">String</attrtype><attwidth Sync="TRUE">20</attwidth><attrdef>Internal HabiTrak tracking number</attrdef><attrdomv><udom>Coordinates defining the features.</udom></attrdomv><attrdefs>County of San Diego Department of Planning &amp; Land Use</attrdefs></attr><attr><attrlabl Sync="TRUE">G_STATUS</attrlabl><attalias Sync="TRUE">G_TRACKNO</attalias><attrtype Sync="TRUE">String</attrtype><attwidth Sync="TRUE">25</attwidth><attrdef>Status of Conservation Project (ie. gain, pending, undergoing  resoration/revegetation)</attrdef><attrdomv><edom><edomv>Gain</edomv><edomvd>Habitat conservation</edomvd></edom><edom><edomv>Pending</edomv><edomvd>Future habitat conservation</edomvd></edom><edom><edomv>Under-going Restoration</edomv><edomvd>Habitat restoration for conservation purposes</edomvd></edom><edom><edomvd>No conservation occurring</edomvd></edom></attrdomv><attrdefs>County of San Diego Department of Planning &amp; Land Use</attrdefs></attr><attr><attrlabl Sync="TRUE">G_TRACKNO</attrlabl><attalias Sync="TRUE">G_PROJNAME</attalias><attrtype Sync="TRUE">String</attrtype><attwidth Sync="TRUE">20</attwidth><attrdef>Unique tracking number within an agency (generally year and a sequential project number)</attrdef><attrdefs>County of San Diego Department of Planning &amp; Land Use</attrdefs></attr><attr><attrlabl Sync="TRUE">G_PROJNAME</attrlabl><attalias Sync="TRUE">G_APP</attalias><attrtype Sync="TRUE">String</attrtype><attwidth Sync="TRUE">50</attwidth><attrdef>Name of Conservation/Gain Project</attrdef><attrdefs>County of San Diego Department of Planning &amp; Land Use</attrdefs></attr><attr><attrlabl Sync="TRUE">G_APP</attrlabl><attalias Sync="TRUE">G_LOC</attalias><attrtype Sync="TRUE">String</attrtype><attwidth Sync="TRUE">50</attwidth><attrdef>Applicant name</attrdef><attrdefs>County of San Diego Department of Planning &amp; Land Use</attrdefs></attr><attr><attrlabl Sync="TRUE">G_LOC</attrlabl><attalias Sync="TRUE">G_DATEGAIN</attalias><attrtype Sync="TRUE">String</attrtype><attwidth Sync="TRUE">36</attwidth><attrdef>Location of project (ie. subarea plan segments, community plan area, etc)</attrdef><attrdefs>County of San Diego Department of Planning &amp; Land Use</attrdefs></attr><attr><attrlabl Sync="TRUE">G_DATEGAIN</attrlabl><attalias Sync="TRUE">G_MGMTRESP</attalias><attrtype Sync="TRUE">Date</attrtype><attwidth Sync="TRUE">8</attwidth><attrdef>Date of habitat conservation/gain</attrdef><attrdefs>County of San Diego Department of Planning &amp; Land Use</attrdefs></attr><attr><attrlabl Sync="TRUE">G_MGMTRESP</attrlabl><attalias Sync="TRUE">G_MITBANK</attalias><attrtype Sync="TRUE">String</attrtype><attwidth Sync="TRUE">50</attwidth><attrdef>General information on agency responsible for management of the conservation/gain project area (ie. federal, state, local, private, non-profit, mixed, other, unknown)</attrdef><attrdomv><edom><edomv>Federal</edomv><edomvd>U.S. government</edomvd></edom><edom><edomv>State</edomv><edomvd>California state government</edomvd></edom><edom><edomv>Local</edomv><edomvd>Local government</edomvd></edom><edom><edomv>Other</edomv><edomvd>Other</edomvd></edom><edom><edomv>Non-Profit</edomv><edomvd>Non-governmental organization</edomvd></edom></attrdomv><attrdefs>County of San Diego Department of Planning &amp; Land Use</attrdefs></attr><attr><attrlabl Sync="TRUE">G_MITBANK</attrlabl><attalias Sync="TRUE">G_HABPRES</attalias><attrtype Sync="TRUE">String</attrtype><attwidth Sync="TRUE">50</attwidth><attrdef>For mitigation banks only - name of mitigation bank</attrdef><attrdefs>County of San Diego Department of Planning &amp; Land Use</attrdefs></attr><attr><attrlabl Sync="TRUE">G_HABPRES</attrlabl><attalias Sync="TRUE">G_MGTDESC</attalias><attrtype Sync="TRUE">String</attrtype><attwidth Sync="TRUE">3</attwidth><attrdef>Indicator as to whether a portion of this project is inside the habitat preserve planning area (yes or no)</attrdef><attrdomv><edom><edomv>Yes</edomv><edomvd>Project falls within the preserve area</edomvd></edom><edom><edomv>No</edomv><edomvd>Project falls outside the preserve area</edomvd></edom><edom><edomvd>Not habitat conservation</edomvd></edom></attrdomv><attrdefs>County of San Diego Department of Planning &amp; Land Use</attrdefs></attr><attr><attrlabl Sync="TRUE">G_MGTDESC</attrlabl><attalias Sync="TRUE">G_CONSTYPE</attalias><attrtype Sync="TRUE">String</attrtype><attwidth Sync="TRUE">100</attwidth><attrdef>If known, the agency responsible for the management of the habitat within the project area</attrdef><attrdefs>County of San Diego Department of Planning &amp; Land Use</attrdefs></attr><attr><attrlabl Sync="TRUE">G_CONSTYPE</attrlabl><attalias Sync="TRUE">G_MITCRED</attalias><attrtype Sync="TRUE">String</attrtype><attwidth Sync="TRUE">40</attwidth><attrdef>How the habitat conservation/gain was achieved (acquisition, easement, dedication, convenant, mitigation bank debit, mitigation bank master, restoration/revegetation, in-lieu fees)</attrdef><attrdomv><edom><edomv>Acquisition</edomv><edomvd>Conserved land has been purchased</edomvd></edom><edom><edomv>Covenant</edomv></edom><edom><edomv>Dedication</edomv><edomvd>Habitat conservation through dedication</edomvd></edom><edom><edomv>Easement</edomv><edomvd>Habitat conservation through easement</edomvd></edom><edom><edomv>Mitigation Bank Master</edomv><edomvd>Conservation is part of a mitigation bank</edomvd></edom><edom><edomv>Restoration/Revegetation</edomv><edomvd>Conservation is part of a revegetation or restored vegetation</edomvd></edom><edom><edomvd>No conservation.</edomvd></edom></attrdomv><attrdefs>County of San Diego Department of Planning &amp; Land Use</attrdefs></attr><attr><attrlabl Sync="TRUE">G_MITCRED</attrlabl><attalias Sync="TRUE">L_STATUS</attalias><attrtype Sync="TRUE">Number</attrtype><attwidth Sync="TRUE">13</attwidth><attrdef>For mitigation banks only - total number of credits for the mitigation bank</attrdef><atnumdec Sync="TRUE">2</atnumdec><attrdefs>County of San Diego Department of Planning &amp; Land Use</attrdefs></attr><attr><attrlabl Sync="TRUE">L_STATUS</attrlabl><attalias Sync="TRUE">L_TRACKNO</attalias><attrtype Sync="TRUE">String</attrtype><attwidth Sync="TRUE">16</attwidth><attrdef>Status of development/loss project (loss, pending, temporary)</attrdef><attrdomv><edom><edomv>Loss</edomv><edomvd>Habitat loss</edomvd></edom><edom><edomv>Pending</edomv><edomvd>Future habitat loss</edomvd></edom><edom><edomvd>No habitat loss</edomvd></edom></attrdomv><attrdefs>County of San Diego Department of Planning &amp; Land Use</attrdefs></attr><attr><attrlabl Sync="TRUE">L_TRACKNO</attrlabl><attalias Sync="TRUE">L_PROJNAME</attalias><attrtype Sync="TRUE">String</attrtype><attwidth Sync="TRUE">16</attwidth><attrdef>Internal unique tracking number within an agency (generally year and a sequential project number)</attrdef><attrdefs>County of San Diego Department of Planning &amp; Land Use</attrdefs></attr><attr><attrlabl Sync="TRUE">L_PROJNAME</attrlabl><attalias Sync="TRUE">L_APP</attalias><attrtype Sync="TRUE">String</attrtype><attwidth Sync="TRUE">50</attwidth><attrdef>Name of development/loss project</attrdef><attrdefs>County of San Diego Department of Planning &amp; Land Use</attrdefs></attr><attr><attrlabl Sync="TRUE">L_APP</attrlabl><attalias Sync="TRUE">L_LOC</attalias><attrtype Sync="TRUE">String</attrtype><attwidth Sync="TRUE">50</attwidth><attrdef>Applicant name</attrdef><attrdefs>County of San Diego Department of Planning &amp; Land Use</attrdefs></attr><attr><attrlabl Sync="TRUE">L_LOC</attrlabl><attalias Sync="TRUE">L_DATELOSS</attalias><attrtype Sync="TRUE">String</attrtype><attwidth Sync="TRUE">36</attwidth><attrdef>Location of project (ie. subarea plan segments, community plan area, etc)</attrdef><attrdefs>County of San Diego Department of Planning &amp; Land Use</attrdefs></attr><attr><attrlabl Sync="TRUE">L_DATELOSS</attrlabl><attalias Sync="TRUE">L_CEQANO</attalias><attrtype Sync="TRUE">Date</attrtype><attwidth Sync="TRUE">8</attwidth><attrdef>Date of habitat loss</attrdef><attrdefs>County of San Diego Department of Planning &amp; Land Use</attrdefs></attr><attr><attrlabl Sync="TRUE">L_CEQANO</attrlabl><attalias Sync="TRUE">L_ACTIVITY</attalias><attrtype Sync="TRUE">Number</attrtype><attwidth Sync="TRUE">19</attwidth><attrdef>California Environmental Quality Act (CEQA) document number</attrdef><atnumdec Sync="TRUE">5</atnumdec><attrdefs>County of San Diego Department of Planning &amp; Land Use</attrdefs></attr><attr><attrlabl Sync="TRUE">L_ACTIVITY</attrlabl><attalias Sync="TRUE">L_DATEAPP</attalias><attrtype Sync="TRUE">String</attrtype><attwidth Sync="TRUE">36</attwidth><attrdef>Generalized type of development activity (ie.rural resid; single-fam resid; multi-fam Resid; mobile homes; commercial; indust; transp, communication, util; educ; institutional; commercial recr; active parks; agri;  mixed use; golf course; other; etc)</attrdef><attrdomv><edom><edomv>Active Parks</edomv></edom><edom><edomv>Agriculture</edomv></edom><edom><edomv>Commercial</edomv></edom><edom><edomv>Commercial Recreation</edomv></edom><edom><edomv>Education</edomv></edom><edom><edomv>Golf Coures</edomv></edom><edom><edomv>Industrial</edomv></edom><edom><edomv>Institutional</edomv></edom><edom><edomv>Mixed Use</edomv></edom><edom><edomv>Mobile Homes</edomv></edom><edom><edomv>Multi-Family Residental</edomv></edom><edom><edomv>Other</edomv></edom><edom><edomv>Rural Residential</edomv></edom><edom><edomv>Single-Family Residential</edomv></edom><edom><edomv>Transportation, Communication, Utilities</edomv></edom><edom><edomvd>No loss of habitat</edomvd></edom></attrdomv><attrdefs>County of San Diego Department of Planning &amp; Land Use</attrdefs></attr><attr><attrlabl Sync="TRUE">L_DATEAPP</attrlabl><attalias Sync="TRUE">OBJECTID</attalias><attrtype Sync="TRUE">Date</attrtype><attwidth Sync="TRUE">8</attwidth><attrdef>Date the development permit application was completed</attrdef><attrdefs>County of San Diego Department of Planning &amp; Land Use</attrdefs><attrdomv><udom Sync="TRUE">Sequential unique whole numbers that are automatically generated.</udom></attrdomv></attr><attr><attrlabl Sync="TRUE">OBJECTID</attrlabl><attalias Sync="TRUE">Shape</attalias><attrtype Sync="TRUE">Number</attrtype><attwidth Sync="TRUE">10</attwidth><attrdef Sync="TRUE">Internal feature number.</attrdef><attrdefs Sync="TRUE">ESRI</attrdefs><attrdomv><udom Sync="TRUE">Sequential unique whole numbers that are automatically generated.</udom></attrdomv></attr><attr><attrlabl Sync="TRUE">SHAPE</attrlabl><attalias Sync="TRUE">SHAPE_AREA</attalias><attrtype Sync="TRUE">Double</attrtype><attwidth Sync="TRUE">19</attwidth><atprecis Sync="TRUE">0</atprecis><attscale Sync="TRUE">0</attscale><attrdef Sync="TRUE">Feature geometry.</attrdef><attrdefs Sync="TRUE">ESRI</attrdefs><attrdomv><udom Sync="TRUE">Coordinates defining the features.</udom></attrdomv></attr><attr><attrlabl Sync="TRUE">SHAPE_AREA</attrlabl><attalias Sync="TRUE">SHAPE_LEN</attalias><attrtype Sync="TRUE">Float</attrtype><attwidth Sync="TRUE">19</attwidth><attrdef Sync="TRUE">Area of feature in internal units squared.</attrdef><attrdefs Sync="TRUE">ESRI</attrdefs><attrdomv><udom Sync="TRUE">Positive real numbers that are automatically generated.</udom></attrdomv><atnumdec Sync="TRUE">11</atnumdec></attr></detailed></eainfo><mdDateSt Sync="TRUE">20090609</mdDateSt><spref><horizsys><geodetic><horizdn>North American Datum of 1983</horizdn><ellips>Geodetic Reference System 80</ellips><semiaxis Sync="TRUE">6378137.000000</semiaxis><denflat Sync="TRUE">298.257222</denflat></geodetic><cordsysn><geogcsn Sync="TRUE">GCS_North_American_1983</geogcsn><projcsn Sync="TRUE">NAD_1983_StatePlane_California_VI_FIPS_0406_Feet</projcsn></cordsysn><planar><planci><plance Sync="TRUE">coordinate pair</plance><plandu Sync="TRUE">survey feet</plandu><coordrep><absres Sync="TRUE">0.000000</absres><ordres Sync="TRUE">0.000000</ordres></coordrep></planci><mapproj><mapprojn Sync="TRUE">Lambert Conformal Conic</mapprojn><lambertc><stdparll Sync="TRUE">32.783333</stdparll><stdparll Sync="TRUE">33.883333</stdparll><longcm Sync="TRUE">-116.250000</longcm><latprjo Sync="TRUE">32.166667</latprjo><feast Sync="TRUE">6561666.666667</feast><fnorth Sync="TRUE">1640416.666667</fnorth></lambertc></mapproj></planar></horizsys><vertdef><altsys><altenc Sync="TRUE">Explicit elevation coordinate included with horizontal coordinates</altenc><altres Sync="TRUE">1.000000</altres></altsys></vertdef></spref><refSysInfo><RefSystem><refSysID><identCode Sync="TRUE">NAD_1983_StatePlane_California_VI_FIPS_0406_Feet</identCode></refSysID></RefSystem></refSysInfo><dataqual><lineage><procstep><procdesc Sync="TRUE">Dataset copied.</procdesc><date Sync="TRUE">20070830</date><time Sync="TRUE">14032800</time></procstep><procstep><procdesc Sync="TRUE">Dataset copied.</procdesc><srcused Sync="TRUE">Server=sangis; Service=5150; User=sangis; Version=SDE.DEFAULT</srcused><procdate Sync="TRUE">20090609</procdate><proctime Sync="TRUE">15331400</proctime></procstep></lineage></dataqual></metadata>
