<?xml version="1.0"?>
<!--<!DOCTYPE metadata SYSTEM "http://www.esri.com/metadata/esriprof80.dtd">-->
<metadata xml:lang="en"><Esri><CreaDate>20100503</CreaDate><CreaTime>10273000</CreaTime><SyncOnce>FALSE</SyncOnce><SyncDate>20100503</SyncDate><SyncTime>10323200</SyncTime><ModDate>20100503</ModDate><ModTime>10333600</ModTime><DataProperties><lineage><Process ToolSource="C:\Program Files\ArcGIS\ArcToolbox\Toolboxes\Data Management Tools.tbx\CopyFeatures" Date="20070524" Time="111542">CopyFeatures K:\mscp\mscp\polygon K:\mscp\mscp.gdb\designations\mscp_polygon # 0 0 0</Process><Process ToolSource="C:\Program Files\ArcGIS\ArcToolbox\Toolboxes\Data Management Tools.tbx\RepairGeometry" Date="20090123" Time="080208">RepairGeometry mscp DELETE_NULL mscp</Process><Process ToolSource="C:\Program Files\ArcGIS\ArcToolbox\Toolboxes\Data Management Tools.tbx\RepairGeometry" Date="20090205" Time="063555">RepairGeometry mscp DELETE_NULL mscp</Process><Process ToolSource="C:\Program Files\ArcGIS\ArcToolbox\Toolboxes\Data Management Tools.tbx\RepairGeometry" Date="20090205" Time="063837">RepairGeometry mscp DELETE_NULL mscp</Process><Process ToolSource="C:\Program Files\ArcGIS\ArcToolbox\Toolboxes\Data Management Tools.tbx\RepairGeometry" Date="20090205" Time="084210">RepairGeometry mscp DELETE_NULL mscp</Process><Process ToolSource="C:\Program Files\ArcGIS\ArcToolbox\Toolboxes\Data Management Tools.tbx\RepairGeometry" Date="20090205" Time="092327">RepairGeometry mscp DELETE_NULL mscp</Process><Process ToolSource="C:\Program Files\ArcGIS\ArcToolbox\Toolboxes\Data Management Tools.tbx\RepairGeometry" Date="20090205" Time="092551">RepairGeometry mscp DELETE_NULL mscp</Process><Process ToolSource="C:\Program Files\ArcGIS\ArcToolbox\Toolboxes\Data Management Tools.tbx\RepairGeometry" Date="20090427" Time="144337">RepairGeometry ECO_MSCP_CN DELETE_NULL ECO_MSCP_CN</Process><Process ToolSource="C:\Program Files\ArcGIS\ArcToolbox\Toolboxes\Conversion Tools.tbx\FeatureClassToFeatureClass" Date="20090430" Time="190547">FeatureClassToFeatureClass E:\DPLU-Source\sde\sde_load.gdb\dplu\ECO_MSCP_CN "Database Connections\lueg-ml dplu (user dplu).sde\dplu.DPLU.DPLU" ECO_MSCP_CN # "CODE 'CODE' true true false 2 Short 0 0 ,First,#,E:\DPLU-Source\sde\sde_load.gdb\dplu\ECO_MSCP_CN,CODE,-1,-1;SEGMENT 'SEGMENT' true true false 5 Text 0 0 ,First,#,E:\DPLU-Source\sde\sde_load.gdb\dplu\ECO_MSCP_CN,SEGMENT,-1,-1;ACRES 'ACRES' true true false 8 Double 0 0 ,First,#,E:\DPLU-Source\sde\sde_load.gdb\dplu\ECO_MSCP_CN,ACRES,-1,-1;DESCRIPTION 'DESCRIPTION' true true false 100 Text 0 0 ,First,#,E:\DPLU-Source\sde\sde_load.gdb\dplu\ECO_MSCP_CN,DESCRIPTION,-1,-1;Shape_Length 'Shape_Length' false true true 8 Double 0 0 ,First,#,E:\DPLU-Source\sde\sde_load.gdb\dplu\ECO_MSCP_CN,Shape_Length,-1,-1;Shape_Area 'Shape_Area' false true true 8 Double 0 0 ,First,#,E:\DPLU-Source\sde\sde_load.gdb\dplu\ECO_MSCP_CN,Shape_Area,-1,-1" # "Database Connections\lueg-ml dplu (user dplu).sde\dplu.DPLU.DPLU\dplu.DPLU.ECO_MSCP_CN"</Process><Process ToolSource="C:\Program Files\ArcGIS\ArcToolbox\Toolboxes\Conversion Tools.tbx\FeatureClassToFeatureClass" Date="20100430" Time="133903">FeatureClassToFeatureClass "Database Connections\dplu.sde\dplu.DPLU.DPLU\dplu.DPLU.ECO_MSCP_CN" P:\DailyDelete\ECO_MSCP_CN.gdb ECO_MSCP_CN # "CODE 'CODE' true true false 2 Short 0 5 ,First,#,Database Connections\dplu.sde\dplu.DPLU.DPLU\dplu.DPLU.ECO_MSCP_CN,CODE,-1,-1;SEGMENT 'SEGMENT' true true false 5 Text 0 0 ,First,#,Database Connections\dplu.sde\dplu.DPLU.DPLU\dplu.DPLU.ECO_MSCP_CN,SEGMENT,-1,-1;ACRES 'ACRES' true true false 8 Double 8 38 ,First,#,Database Connections\dplu.sde\dplu.DPLU.DPLU\dplu.DPLU.ECO_MSCP_CN,ACRES,-1,-1;DESCRIPTION 'DESCRIPTION' true true false 100 Text 0 0 ,First,#,Database Connections\dplu.sde\dplu.DPLU.DPLU\dplu.DPLU.ECO_MSCP_CN,DESCRIPTION,-1,-1" # P:\DailyDelete\ECO_MSCP_CN.gdb\ECO_MSCP_CN</Process></lineage></DataProperties><MetaID>{FD6865A8-4CF1-4F48-A3E3-9B4AB1CB73B1}</MetaID></Esri><idinfo><native Sync="TRUE">Microsoft Windows XP Version 5.1 (Build 2600) Service Pack 3; ESRI ArcCatalog 9.3.1.3500</native><descript><langdata Sync="TRUE">en</langdata><abstract>Designations of the County of San Diego's Multiple Species Conservation Program South County Subregional Plan.</abstract><purpose>Designations of the County of San Diego's Multiple Species Conservation Program South County Subregional Plan.</purpose><supplinf>http://www.sdcounty.ca.gov/dplu/mscp/sc.html</supplinf></descript><citation><citeinfo><origin>County of San Diego Department of Planning and Land Use GIS</origin><pubdate>February 2010</pubdate><title Sync="TRUE">MSCP_CN</title><ftname Sync="TRUE">MSCP_CN</ftname><geoform Sync="TRUE">vector digital data</geoform><onlink Sync="TRUE">\\BLACK-XP\C$\PublicFiles\MSCP_CN\MSCP_CN.shp</onlink></citeinfo></citation><timeperd><current>publication date</current><timeinfo><sngdate><caldate>2009</caldate></sngdate></timeinfo></timeperd><status><progress>Complete</progress><update>Annually</update></status><spdom><bounding><westbc Sync="TRUE">-117.219461</westbc><eastbc Sync="TRUE">-116.690688</eastbc><northbc Sync="TRUE">33.163973</northbc><southbc Sync="TRUE">32.549191</southbc></bounding><lboundng><leftbc Sync="TRUE">6264983.000109</leftbc><rightbc Sync="TRUE">6425865.499824</rightbc><bottombc Sync="TRUE">1780970.989865</bottombc><topbc Sync="TRUE">2003577.500057</topbc></lboundng></spdom><keywords><theme><themekt>REQUIRED: Reference to a formally registered thesaurus or a similar authoritative source of theme keywords.</themekt><themekey>MSCP</themekey><themekey>NCCP</themekey><themekey>Multiple Species Conservation Program</themekey></theme></keywords><accconst>No restrictions</accconst><useconst>No restrictions</useconst><natvform Sync="TRUE">Shapefile</natvform><ptcontac><cntinfo><cntorgp><cntorg>County of San Diego Department of Planning and Land Use MSCP</cntorg></cntorgp><cntvoice>(858) 694-3004</cntvoice><cntemail>MSCP@sdcounty.ca.gov</cntemail></cntinfo></ptcontac><secinfo><secclass>Unclassified</secclass></secinfo></idinfo><dataIdInfo><envirDesc Sync="TRUE">Microsoft Windows XP Version 5.1 (Build 2600) Service Pack 3; ESRI ArcCatalog 9.3.1.3500</envirDesc><dataLang><languageCode Sync="TRUE" value="en"></languageCode></dataLang><idCitation><resTitle Sync="TRUE">MSCP_CN</resTitle><presForm><PresFormCd Sync="TRUE" value="005"></PresFormCd></presForm></idCitation><spatRpType><SpatRepTypCd Sync="TRUE" value="001"></SpatRepTypCd></spatRpType><dataExt><geoEle><GeoBndBox esriExtentType="native"><westBL Sync="TRUE">6264983.000109</westBL><eastBL Sync="TRUE">6425865.499824</eastBL><northBL Sync="TRUE">2003577.500057</northBL><southBL Sync="TRUE">1780970.989865</southBL><exTypeCode Sync="TRUE">1</exTypeCode></GeoBndBox></geoEle></dataExt><geoBox esriExtentType="decdegrees"><westBL Sync="TRUE">-117.219461</westBL><eastBL Sync="TRUE">-116.690688</eastBL><northBL Sync="TRUE">33.163973</northBL><southBL Sync="TRUE">32.549191</southBL><exTypeCode Sync="TRUE">1</exTypeCode></geoBox></dataIdInfo><metainfo><langmeta Sync="TRUE">en</langmeta><metstdn Sync="TRUE">FGDC Content Standards for Digital Geospatial Metadata</metstdn><metstdv Sync="TRUE">FGDC-STD-001-1998</metstdv><mettc Sync="TRUE">local time</mettc><metc><cntinfo><cntorgp><cntorg>County of San Diego Department of Planning and Land Use GIS</cntorg></cntorgp><cntaddr><addrtype>mailing and physical address</addrtype><city>San Diego</city><state>CA</state><postal>92123</postal><address>5201 Ruffin Rd</address><country>USA</country></cntaddr><cntvoice>8586942143</cntvoice><cntemail>dplu_gis@sdcounty.ca.gov</cntemail></cntinfo></metc><metd Sync="TRUE">20100503</metd><metextns><onlink Sync="TRUE">http://www.esri.com/metadata/esriprof80.html</onlink><metprof Sync="TRUE">ESRI Metadata Profile</metprof></metextns></metainfo><mdLang><languageCode Sync="TRUE" value="en"></languageCode></mdLang><mdStanName Sync="TRUE">ISO 19115 Geographic Information - Metadata</mdStanName><mdStanVer Sync="TRUE">DIS_ESRI1.0</mdStanVer><mdChar><CharSetCd Sync="TRUE" value="004"></CharSetCd></mdChar><mdHrLv><ScopeCd Sync="TRUE" value="005"></ScopeCd></mdHrLv><mdHrLvName Sync="TRUE">dataset</mdHrLvName><distinfo><resdesc Sync="TRUE">Downloadable Data</resdesc><stdorder><digform><digtinfo><transize Sync="TRUE">1.309</transize><dssize Sync="TRUE">1.309</dssize></digtinfo></digform></stdorder><availabl><timeinfo><sngdate><caldate>January 2009</caldate></sngdate></timeinfo></availabl></distinfo><distInfo><distributor><distorTran><onLineSrc><orDesc Sync="TRUE">002</orDesc><linkage Sync="TRUE">file://\\BLACK-XP\C$\PublicFiles\MSCP_CN\MSCP_CN.shp</linkage><protocol Sync="TRUE">Local Area Network</protocol></onLineSrc><transSize Sync="TRUE">1.309</transSize></distorTran><distorFormat><formatName Sync="TRUE">Shapefile</formatName></distorFormat></distributor></distInfo><spdoinfo><direct Sync="TRUE">Vector</direct><ptvctinf><esriterm Name="MSCP_CN"><efeatyp Sync="TRUE">Simple</efeatyp><efeageom Sync="TRUE">Polygon</efeageom><esritopo Sync="TRUE">FALSE</esritopo><efeacnt Sync="TRUE">632</efeacnt><spindex Sync="TRUE">TRUE</spindex><linrefer Sync="TRUE">FALSE</linrefer><XYRank Sync="TRUE">1</XYRank><ZRank Sync="TRUE">1</ZRank><topoWeight Sync="TRUE">5.000000</topoWeight><validateEvents Sync="TRUE">FALSE</validateEvents><partTopoRules><topoRuleID Sync="TRUE">117</topoRuleID></partTopoRules><partTopoRules><topoRuleID Sync="TRUE">118</topoRuleID></partTopoRules></esriterm><sdtsterm Name="MSCP_CN"><sdtstype Sync="TRUE">G-polygon</sdtstype><ptvctcnt Sync="TRUE">632</ptvctcnt></sdtsterm><esriterm Name="label"><efeatyp Sync="TRUE">Simple</efeatyp><efeageom Sync="TRUE">Label</efeageom><esritopo Sync="TRUE">FALSE</esritopo><efeacnt Sync="TRUE">721</efeacnt><spindex Sync="TRUE">FALSE</spindex><linrefer Sync="TRUE">FALSE</linrefer></esriterm><sdtsterm Name="label"><sdtstype Sync="TRUE">Label point</sdtstype><ptvctcnt Sync="TRUE">721</ptvctcnt></sdtsterm><esriterm Name="polygon"><efeatyp Sync="TRUE">Simple</efeatyp><efeageom Sync="TRUE">Polygon</efeageom><esritopo Sync="TRUE">TRUE</esritopo><efeacnt Sync="TRUE">720</efeacnt><spindex Sync="TRUE">FALSE</spindex><linrefer Sync="TRUE">FALSE</linrefer></esriterm><sdtsterm Name="polygon"><sdtstype Sync="TRUE">GT-polygon composed of chains</sdtstype><ptvctcnt Sync="TRUE">720</ptvctcnt></sdtsterm><esriterm Name="node"><efeatyp Sync="TRUE">Simple</efeatyp><efeageom Sync="TRUE">Node</efeageom><esritopo Sync="TRUE">TRUE</esritopo><efeacnt Sync="TRUE">1453</efeacnt><spindex Sync="TRUE">FALSE</spindex><linrefer Sync="TRUE">FALSE</linrefer></esriterm><sdtsterm Name="node"><sdtstype Sync="TRUE">Node, planar graph</sdtstype><ptvctcnt Sync="TRUE">1453</ptvctcnt></sdtsterm><esriterm Name="tic"><efeatyp Sync="TRUE">Simple</efeatyp><efeageom Sync="TRUE">Tic</efeageom><esritopo Sync="TRUE">FALSE</esritopo><efeacnt Sync="TRUE">4</efeacnt><spindex Sync="TRUE">FALSE</spindex><linrefer Sync="TRUE">FALSE</linrefer></esriterm><sdtsterm Name="tic"><sdtstype Sync="TRUE">Point</sdtstype><ptvctcnt Sync="TRUE">4</ptvctcnt></sdtsterm></ptvctinf></spdoinfo><spref><horizsys><cordsysn><geogcsn Sync="TRUE">GCS_North_American_1983</geogcsn><projcsn Sync="TRUE">NAD_1983_StatePlane_California_VI_FIPS_0406_Feet</projcsn></cordsysn><planar><planci><plance Sync="TRUE">coordinate pair</plance><plandu Sync="TRUE">survey feet</plandu><coordrep><absres Sync="TRUE">0.000000</absres><ordres Sync="TRUE">0.000000</ordres></coordrep></planci><mapproj><mapprojn Sync="TRUE">Lambert Conformal Conic</mapprojn><lambertc><stdparll Sync="TRUE">32.783333</stdparll><stdparll Sync="TRUE">33.883333</stdparll><longcm Sync="TRUE">-116.250000</longcm><latprjo Sync="TRUE">32.166667</latprjo><feast Sync="TRUE">6561666.666667</feast><fnorth Sync="TRUE">1640416.666667</fnorth></lambertc></mapproj></planar><geodetic><horizdn Sync="TRUE">North American Datum of 1983</horizdn><ellips Sync="TRUE">Geodetic Reference System 80</ellips><semiaxis Sync="TRUE">6378137.000000</semiaxis><denflat Sync="TRUE">298.257222</denflat></geodetic></horizsys><vertdef><altsys><altenc Sync="TRUE">Explicit elevation coordinate included with horizontal coordinates</altenc><altres Sync="TRUE">1.000000</altres></altsys></vertdef></spref><refSysInfo><RefSystem><refSysID><identCode Sync="TRUE">NAD_1983_StatePlane_California_VI_FIPS_0406_Feet</identCode></refSysID></RefSystem></refSysInfo><spatRepInfo><VectSpatRep><topLvl><TopoLevCd Sync="TRUE" value="001"></TopoLevCd></topLvl><geometObjs Name="MSCP_CN"><geoObjTyp><GeoObjTypCd Sync="TRUE" value="001"></GeoObjTypCd></geoObjTyp><geoObjCnt Sync="TRUE">632</geoObjCnt></geometObjs></VectSpatRep></spatRepInfo><eainfo><detailed Name="MSCP_CN"><enttyp><enttypl Sync="TRUE">MSCP_CN</enttypl><enttypt Sync="TRUE">Feature Class</enttypt><enttypc Sync="TRUE">632</enttypc></enttyp><attr><attrlabl Sync="TRUE">FID</attrlabl><attalias Sync="TRUE">FID</attalias><attrtype Sync="TRUE">OID</attrtype><attwidth Sync="TRUE">4</attwidth><atprecis Sync="TRUE">0</atprecis><attscale Sync="TRUE">0</attscale><attrdef Sync="TRUE">Internal feature number.</attrdef><attrdefs Sync="TRUE">ESRI</attrdefs><attrdomv><udom Sync="TRUE">Sequential unique whole numbers that are automatically generated.</udom></attrdomv></attr><attr><attrlabl Sync="TRUE">Shape</attrlabl><attalias Sync="TRUE">Shape</attalias><attrtype Sync="TRUE">Geometry</attrtype><attwidth Sync="TRUE">0</attwidth><atprecis Sync="TRUE">0</atprecis><attscale Sync="TRUE">0</attscale><attrdef Sync="TRUE">Feature geometry.</attrdef><attrdefs Sync="TRUE">ESRI</attrdefs><attrdomv><udom Sync="TRUE">Coordinates defining the features.</udom></attrdomv></attr><attr><attrlabl Sync="TRUE">OBJECTID</attrlabl><attalias Sync="TRUE">OBJECTID</attalias><attrtype Sync="TRUE">Number</attrtype><attwidth Sync="TRUE">9</attwidth><attrdef Sync="TRUE">Internal feature number.</attrdef><attrdefs Sync="TRUE">ESRI</attrdefs><attrdomv><udom Sync="TRUE">Sequential unique whole numbers that are automatically generated.</udom></attrdomv></attr><attr><attrlabl Sync="TRUE">CODE</attrlabl><attalias Sync="TRUE">CODE</attalias><attrtype Sync="TRUE">Number</attrtype><attwidth Sync="TRUE">4</attwidth><attrdomv><edom><edomv>1</edomv><edomvd>Hardline Preserve</edomvd><edomvds>County of San Diego Department of Planning and Land Use</edomvds></edom><edom><edomv>2</edomv><edomvd>Pre-Approved Mitigation Ares</edomvd><edomvds>County of San Diego Department of Planning and Land Use</edomvds></edom><edom><edomv>11</edomv><edomvd>Major Amendment Area</edomvd><edomvds>County of San Diego Department of Planning and Land Use</edomvds></edom><edom><edomv>12</edomv><edomvd>Minor Amendment Area</edomvd><edomvds>County of San Diego Department of Planning and Land Use</edomvds></edom><edom><edomv>13</edomv><edomvd>Minor Amendment Area Subject to Special Considerations</edomvd><edomvds>County of San Diego Department of Planning and Land Use</edomvds></edom><edom><edomv>14</edomv><edomvd>Conserved Subject to Agreement with Wildlife Agencies</edomvd><edomvds>County of San Diego Department of Planning and Land Use</edomvds></edom><edom><edomv>15</edomv><edomvd>Santa Fe Valley Open Space II</edomvd><edomvds>County of San Diego Department of Planning and Land Use</edomvds></edom><edom><edomv>16</edomv><edomvd>Santa Fe Valley 'D' Designator</edomvd><edomvds>County of San Diego Department of Planning and Land Use</edomvds></edom><edom><edomv>17</edomv><edomvd>Otay Ranch Areas Where no Take Permits will be Issued</edomvd><edomvds>County of San Diego Department of Planning and Land Use</edomvds></edom><edom><edomv>21</edomv><edomvd>Take Authorized Area</edomvd><edomvds>County of San Diego Department of Planning and Land Use</edomvds></edom><edom><edomv>31</edomv><edomvd>Unincorporated Land in Metro-Lakeside-Jamul Segment</edomvd><edomvds>County of San Diego Department of Planning and Land Use</edomvds></edom></attrdomv><attrdef>MSCP designation code</attrdef><attrdefs>County of San Diego Department of Planning and Land Use</attrdefs></attr><attr><attrlabl Sync="TRUE">SEGMENT</attrlabl><attalias Sync="TRUE">SEGMENT</attalias><attrtype Sync="TRUE">String</attrtype><attwidth Sync="TRUE">5</attwidth><attrdomv><edom><edomv>SC</edomv><edomvd>South County Segment</edomvd><edomvds>County of San Diego Department of Planning and Land Use</edomvds></edom><edom><edomv>LH</edomv><edomvd>Lake Hodges Segment</edomvd><edomvds>County of San Diego Department of Planning and Land Use</edomvds></edom><edom><edomv>NMLJ</edomv><edomvd>North Metro-Lakeside-Jamul Segment</edomvd><edomvds>County of San Diego Department of Planning and Land Use</edomvds></edom><edom><edomv>SMLJ</edomv><edomvd>South Metro-Lakeside-Jamul Segment</edomvd><edomvds>County of San Diego Department of Planning and Land Use</edomvds></edom></attrdomv><attrdef>MSCP segment code</attrdef><attrdefs>County of San Diego Department of Planning and Land Use</attrdefs></attr><attr><attrlabl Sync="TRUE">ACRES</attrlabl><attalias Sync="TRUE">ACRES</attalias><attrtype Sync="TRUE">Float</attrtype><attwidth Sync="TRUE">19</attwidth><attrdef>Acreage</attrdef><attrdefs>ESRI</attrdefs><atnumdec Sync="TRUE">11</atnumdec></attr><attr><attrlabl Sync="TRUE">DESCRIPTIO</attrlabl><attalias Sync="TRUE">DESCRIPTIO</attalias><attrtype Sync="TRUE">String</attrtype><attwidth Sync="TRUE">100</attwidth><attrdef>Designation Description</attrdef><attrdefs>County of San Diego Department of Planning and Land Use</attrdefs></attr><attr><attrlabl Sync="TRUE">Shape_Leng</attrlabl><attalias Sync="TRUE">Shape_Leng</attalias><attrtype Sync="TRUE">Float</attrtype><attwidth Sync="TRUE">19</attwidth><atnumdec Sync="TRUE">11</atnumdec><attrdef>Length of feature in internal units.</attrdef><attrdefs>ESRI</attrdefs></attr><attr><attrlabl Sync="TRUE">Shape_Area</attrlabl><attalias Sync="TRUE">Shape_Area</attalias><attrtype Sync="TRUE">Float</attrtype><attwidth Sync="TRUE">19</attwidth><attrdef Sync="TRUE">Area of feature in internal units squared.</attrdef><attrdefs Sync="TRUE">ESRI</attrdefs><attrdomv><udom Sync="TRUE">Positive real numbers that are automatically generated.</udom></attrdomv><atnumdec Sync="TRUE">11</atnumdec></attr></detailed></eainfo><mdDateSt Sync="TRUE">20100503</mdDateSt><dataqual><lineage><procstep><procdesc Sync="TRUE">Dataset copied.</procdesc><srcused Sync="TRUE">\\lueg-gis\data\dplu-projects\mscp\mscp.gdb</srcused><procdate Sync="TRUE">20090427</procdate><proctime Sync="TRUE">14430800</proctime></procstep><srcinfo><srctime><timeinfo><sngdate><caldate>January 2009</caldate></sngdate></timeinfo></srctime></srcinfo><procstep><procdesc Sync="TRUE">Dataset copied.</procdesc><srcused Sync="TRUE">\\BLACK-XP\C$\SDEUpdates\MSCP_CN\April2010\ECO_MSCP_CN.gdb</srcused><procdate Sync="TRUE">20100503</procdate><proctime Sync="TRUE">10273000</proctime></procstep></lineage></dataqual></metadata>
