<?xml version="1.0" encoding="ISO-8859-1"?>
<metadata>
	<idinfo>
		<citation>
			<citeinfo>
				<origin>City of San Diego Storm Water Pollution Prevention Division</origin>
				<pubdate>3/24/08</pubdate>
				<title Sync="TRUE">Water_Quality_Sensitive_Areas_SD</title>
				<geoform Sync="TRUE">vector digital data</geoform>
				<onlink>\\ad.sannet.gov\DFS\SWPP-Shared\GIS\Modified data_Projects\Post_1-2008\303d_SWS_3-4-08\Modified Shapefiles\WQSA_08.shp</onlink>
				<ftname Sync="TRUE">Water_Quality_Sensitive_Areas_SD</ftname><othercit>Katherine Comer Santos</othercit></citeinfo>
		</citation>
		<descript>
			<abstract>"Water Quality Sensitive Areas" means areas that include, but are not limited to, all
Clean Water Act 303(d) impaired water bodies ("303[d] water bodies"); areas
designated as an "Area of Special Biological Significance" (ASBS) by the State Water
Resources Control Board (Water Quality Control Plan for the San Diego Basin (1994)
and amendments); water bodies designated as having a RARE beneficial use by the
State Water Resources Control Board (Water Quality Control Plan for the San Diego
Basin (1994) and amendments), or areas designated as preserves or their equivalent
under the Multiple Species Conservation Program (MSCP) within the Cities and County
of San Diego. There is a  200 ft buffer surrounding the water quality sensitive areas.</abstract>
			<purpose>
The Water Quality Sensitive Areas map has been produced under the direction of the City of San Diego solely for the purpose of assisting development project applicants in complying with the City's Storm Water Standards Manual. This map was prepared at a regional scale and may not accurately represent conditions on individual sites.
Applicants may submit a proposal to refine the boundaries of the Water Quality Sensitive Areas with the project.
</purpose>
			<langdata Sync="TRUE">en</langdata></descript>
		<timeperd>
			<timeinfo>
				<sngdate>
					<caldate>3/24/08</caldate>
				</sngdate>
			</timeinfo>
			<current>publication date</current>
		</timeperd>
		<status>
			<progress>Complete</progress>
			<update>Every 5 Years</update>
		</status>
		<spdom>
			<bounding>
				<westbc Sync="TRUE">-117.286316</westbc>
				<eastbc Sync="TRUE">-116.900965</eastbc>
				<northbc Sync="TRUE">33.115340</northbc>
				<southbc Sync="TRUE">32.533009</southbc>
			</bounding>
			<lboundng><leftbc Sync="TRUE">6244349.830795</leftbc><rightbc Sync="TRUE">6361030.000000</rightbc><bottombc Sync="TRUE">1775280.150000</bottombc><topbc Sync="TRUE">1986224.000000</topbc></lboundng></spdom>
		<keywords>
			<theme>
				<themekt>REQUIRED: Reference to a formally registered thesaurus or a similar authoritative source of theme keywords.</themekt>
				<themekey>water quality</themekey>
			</theme>
		</keywords>
		<accconst>None</accconst>
		<useconst>May not accurately represent conditions on individual sites.</useconst>
		<ptcontac>
			<cntinfo>
				<cntperp>
					<cntper>Katherine Comer Santos</cntper>
					<cntorg>SWPPD</cntorg>
				</cntperp>
				<cntpos>Associate Planner</cntpos>
				<cntvoice>619-525-8527</cntvoice>
				<cntemail>kcomer@sandiego.gov</cntemail>
			</cntinfo>
		</ptcontac>
		<datacred>City of San Diego Storm Water Pollution Prevention Division</datacred>
		<native Sync="TRUE">Microsoft Windows XP Version 5.1 (Build 2600) Service Pack 3; ESRI ArcCatalog 9.2.5.1450</native>
		<crossref>
			<citeinfo>
				<title>Water Quality Sensitive Areas 2008</title>
			</citeinfo>
		</crossref>
		<natvform Sync="TRUE">Shapefile</natvform></idinfo>
	<dataqual>
		<logic>
The accuracy of this data has not been verified. These data layers have been prepared only as a reference tool
to assist development project applicants in identifying their project's pollutants of concern
according to the process in the City's Storm Water Standards Manual. Additional information
regarding 303(d) listed water bodies can be found on the State Water Resources Control Board
website at www.swrcb.ca.gov.
</logic>
		<posacc>
			<horizpa>
			</horizpa>
		</posacc>
		<lineage>
			<procstep>
				<procdesc>
Clipped the 303d polygons and 303d lines provided by the RWCQB in 2006 to the City of San Diego Municipal Boundary provide by SANGIS in 2007. Buffered to 200 ft.
Buffered the MHPA areas provided by SANGIS in 2003 to 200 ft. 
Selected from "streams" provided by SANGIS in 2008 the bodies receiving a 1994 (Ammended prior to 4/25/07) San Diego Basin Plan's beneficial use designations of "Rare". Buffered to 200 ft. 
Buffered the ASBS La Jolla polygon provided by the City of San Diego in 2007 to 200 ft. 
Extracted the San Diego Bay and the Mission Bay/San Diego River mouth polygons from the Water Quality Sensitive Areas shapefile provided by SANGIS in 2003 previously buffered to 200 ft. 
Unioned all.
</procdesc>
				<srcused>S:\GIS\Modified data_Projects\Post_1-2008\303d_SWS_3-4-08\Modified Shapefiles\Mission_Bay_SDR_mouth</srcused>
			</procstep>
			<procstep>
				<procdesc>Dataset copied.</procdesc>
				<srcused>S:\GIS\Temp\Katherine\WQSA_08_3_Union</srcused>
			</procstep>
			<procstep><procdesc Sync="TRUE">Metadata imported.</procdesc><srcused Sync="TRUE">c:\temp\xml211.tmp</srcused><date Sync="TRUE">20080514</date><time Sync="TRUE">11354000</time></procstep><procstep><procdesc Sync="TRUE">Dataset copied.</procdesc><srcused Sync="TRUE"></srcused><date Sync="TRUE">20080522</date><time Sync="TRUE">10251800</time></procstep><procstep><procdesc Sync="TRUE">Dataset copied.</procdesc><srcused Sync="TRUE"></srcused><date Sync="TRUE">20080723</date><time Sync="TRUE">07425800</time></procstep></lineage>
	</dataqual>
	<spdoinfo>
		<direct Sync="TRUE">Vector</direct>
		<ptvctinf>
			<sdtsterm Name="Water_Quality_Sensitive_Areas_SD">
				<sdtstype Sync="TRUE">G-polygon</sdtstype>
				<ptvctcnt Sync="TRUE">12534</ptvctcnt>
			</sdtsterm>
			<esriterm Name="Water_Quality_Sensitive_Areas_SD"><efeatyp Sync="TRUE">Simple</efeatyp><efeageom Sync="TRUE">Polygon</efeageom><esritopo Sync="TRUE">FALSE</esritopo><efeacnt Sync="TRUE">12534</efeacnt><spindex Sync="TRUE">TRUE</spindex><linrefer Sync="TRUE">FALSE</linrefer></esriterm></ptvctinf>
	</spdoinfo>
	<spref>
		<horizsys>
			<planar>
				<planci>
					<plance Sync="TRUE">coordinate pair</plance>
					<coordrep>
						<absres Sync="TRUE">0.000000</absres>
						<ordres Sync="TRUE">0.000000</ordres>
					</coordrep>
					<plandu Sync="TRUE">survey feet</plandu>
				</planci>
				<mapproj><mapprojn Sync="TRUE">Lambert Conformal Conic</mapprojn><lambertc><stdparll Sync="TRUE">32.783333</stdparll><stdparll Sync="TRUE">33.883333</stdparll><longcm Sync="TRUE">-116.250000</longcm><latprjo Sync="TRUE">32.166667</latprjo><feast Sync="TRUE">6561666.666667</feast><fnorth Sync="TRUE">1640416.666667</fnorth></lambertc></mapproj></planar>
			<geodetic>
				<horizdn Sync="TRUE">North American Datum of 1983</horizdn>
				<ellips Sync="TRUE">Geodetic Reference System 80</ellips>
				<semiaxis Sync="TRUE">6378137.000000</semiaxis>
				<denflat Sync="TRUE">298.257222</denflat>
			</geodetic>
			<cordsysn><geogcsn Sync="TRUE">GCS_North_American_1983</geogcsn><projcsn Sync="TRUE">NAD_1983_StatePlane_California_VI_FIPS_0406_Feet</projcsn></cordsysn></horizsys>
	</spref>
	<eainfo>
		<detailed Name="Water_Quality_Sensitive_Areas_SD">
			<enttyp>
				<enttypl Sync="TRUE">Water_Quality_Sensitive_Areas_SD</enttypl>
				<enttypt Sync="TRUE">Feature Class</enttypt><enttypc Sync="TRUE">12534</enttypc></enttyp>
			<attr>
				<attrlabl>FID</attrlabl>
				<attrdef>Internal feature number.</attrdef>
				<attrdefs>ESRI</attrdefs>
				<attrdomv>
					<udom>Sequential unique whole numbers that are automatically generated.</udom>
				</attrdomv>
			</attr>
			<attr>
				<attrlabl>Shape</attrlabl>
				<attrdef>Feature geometry.</attrdef>
				<attrdefs>ESRI</attrdefs>
				<attrdomv>
					<udom>Coordinates defining the features.</udom>
				</attrdomv>
			</attr>
			<attr><attrlabl Sync="TRUE">SOURCE</attrlabl><attalias Sync="TRUE">SOURCE</attalias><attrtype Sync="TRUE">String</attrtype><attwidth Sync="TRUE">150</attwidth><attrdef>Data source</attrdef><attrdefs>State Water Resources Control Board Areas of Special Biological Significance (Water Quality Control Plan for the San Diego Basin, 1994 and ammendments) Digitized by City of San Diego</attrdefs><attrvai/></attr><attr><attrlabl Sync="TRUE">SOURCE_1</attrlabl><attalias Sync="TRUE">SOURCE_1</attalias><attrtype Sync="TRUE">String</attrtype><attwidth Sync="TRUE">150</attwidth><attrdef>Data source</attrdef><attrdefs>State Water Resources Control Board 303(d) polygons for Region 9 (http://www.waterboards.ca.gov/tmdl/docs/303dlists2006/gis/)</attrdefs></attr><attr><attrlabl Sync="TRUE">SOURCE_12</attrlabl><attalias Sync="TRUE">SOURCE_12</attalias><attrtype Sync="TRUE">String</attrtype><attwidth Sync="TRUE">150</attwidth><attrdef>Data source</attrdef><attrdefs>State Water Resources Control Board 303(d) lines for Region 9 (http://www.waterboards.ca.gov/tmdl/docs/303dlists2006/gis/)</attrdefs></attr><attr><attrlabl Sync="TRUE">SOURCE__13</attrlabl><attalias Sync="TRUE">SOURCE__13</attalias><attrtype Sync="TRUE">String</attrtype><attwidth Sync="TRUE">150</attwidth><attrdef>Data source</attrdef><attrdefs>Rare beneficial use established by the Environmental Protection Agency (Water Quality Control Plan for the San Diego Basin, 1994 and ammendments)</attrdefs><attrdomv><edom><edomvd>Includes uses of water that support habitats necessary, at least in part, for the survival and successful maintenance of plant or animal species established under state or federal law as rare, threatened or endangered.</edomvd></edom></attrdomv></attr><attr><attrlabl Sync="TRUE">SOURCE__14</attrlabl><attalias Sync="TRUE">SOURCE__14</attalias><attrtype Sync="TRUE">String</attrtype><attwidth Sync="TRUE">150</attwidth><attrdef>Data source</attrdef><attrdefs>Multiple Habitat Planning Areas established by the Multiple Species Conservation Program (SANGIS 2008)</attrdefs></attr></detailed>
	</eainfo>
	<distinfo>
		<resdesc>Downloadable Data</resdesc>
		<stdorder>
			<digform>
				<digtinfo>
					<transize>16.982</transize>
					<dssize Sync="TRUE">15.000</dssize></digtinfo>
			</digform>
		</stdorder>
	</distinfo>
	<metainfo>
		<metd Sync="TRUE">20080723</metd>
		<metc>
			<cntinfo>
				<cntperp>
					<cntper>Katherine Comer Santos</cntper>
					<cntorg>SWPPD</cntorg>
				</cntperp>
				<cntpos>Associate Planner</cntpos>
				<cntaddr>
					<city>San Diego</city>
					<state>California</state>
					<country>USA</country></cntaddr>
				<cntvoice>619-525-8527</cntvoice>
			</cntinfo>
		</metc>
		<metstdn Sync="TRUE">FGDC Content Standards for Digital Geospatial Metadata</metstdn>
		<metstdv Sync="TRUE">FGDC-STD-001-1998</metstdv>
		<mettc Sync="TRUE">local time</mettc>
		<metextns>
			<onlink>http://www.esri.com/metadata/esriprof80.html</onlink>
			<metprof>ESRI Metadata Profile</metprof>
		</metextns>
		<langmeta Sync="TRUE">en</langmeta><metextns><onlink Sync="TRUE">http://www.esri.com/metadata/esriprof80.html</onlink><metprof Sync="TRUE">ESRI Metadata Profile</metprof></metextns></metainfo>
	<Esri><CreaDate>20080723</CreaDate><CreaTime>07425800</CreaTime><SyncOnce>FALSE</SyncOnce><SyncDate>20080723</SyncDate><SyncTime>07480500</SyncTime><ModDate>20080723</ModDate><ModTime>07480500</ModTime><MetaID>{4E2D6CEC-55B3-49FC-B47C-703C8314B843}</MetaID></Esri><dataIdInfo><envirDesc Sync="TRUE">Microsoft Windows XP Version 5.1 (Build 2600) Service Pack 3; ESRI ArcCatalog 9.2.5.1450</envirDesc><dataLang><languageCode Sync="TRUE" value="en"></languageCode></dataLang><idCitation><resTitle Sync="TRUE">Water_Quality_Sensitive_Areas_SD</resTitle><presForm><PresFormCd Sync="TRUE" value="005"></PresFormCd></presForm></idCitation><spatRpType><SpatRepTypCd Sync="TRUE" value="001"></SpatRepTypCd></spatRpType><dataExt><geoEle><GeoBndBox esriExtentType="native"><westBL Sync="TRUE">6244349.830795</westBL><eastBL Sync="TRUE">6361030</eastBL><northBL Sync="TRUE">1986224</northBL><southBL Sync="TRUE">1775280.15</southBL><exTypeCode Sync="TRUE">1</exTypeCode></GeoBndBox></geoEle></dataExt><geoBox esriExtentType="decdegrees"><westBL Sync="TRUE">-117.286316</westBL><eastBL Sync="TRUE">-116.900965</eastBL><northBL Sync="TRUE">33.11534</northBL><southBL Sync="TRUE">32.533009</southBL><exTypeCode Sync="TRUE">1</exTypeCode></geoBox></dataIdInfo><mdLang><languageCode Sync="TRUE" value="en"></languageCode></mdLang><mdStanName Sync="TRUE">ISO 19115 Geographic Information - Metadata</mdStanName><mdStanVer Sync="TRUE">DIS_ESRI1.0</mdStanVer><mdChar><CharSetCd Sync="TRUE" value="004"></CharSetCd></mdChar><mdHrLv><ScopeCd Sync="TRUE" value="005"></ScopeCd></mdHrLv><mdHrLvName Sync="TRUE">dataset</mdHrLvName><distInfo><distributor><distorTran><onLineSrc><orDesc Sync="TRUE">002</orDesc><linkage Sync="TRUE">file://\\BLACK-XP\C$\SDEUpdates\Water Quality Sensitive Areas\Water_Quality_Sensitive_Areas_SD.shp</linkage><protocol Sync="TRUE">Local Area Network</protocol></onLineSrc><transSize Sync="TRUE">15.000</transSize></distorTran><distorFormat><formatName Sync="TRUE">Shapefile</formatName></distorFormat></distributor></distInfo><refSysInfo><RefSystem><refSysID><identCode Sync="TRUE">NAD_1983_StatePlane_California_VI_FIPS_0406_Feet</identCode></refSysID></RefSystem></refSysInfo><spatRepInfo><VectSpatRep><topLvl><TopoLevCd Sync="TRUE" value="001"></TopoLevCd></topLvl><geometObjs Name="Water_Quality_Sensitive_Areas_SD"><geoObjTyp><GeoObjTypCd Sync="TRUE" value="001"></GeoObjTypCd></geoObjTyp><geoObjCnt Sync="TRUE">12534</geoObjCnt></geometObjs></VectSpatRep></spatRepInfo><mdDateSt Sync="TRUE">20080723</mdDateSt></metadata>
