<?xml version="1.0" encoding="utf-8"?>
<gmd:MD_Metadata xmlns:gco="http://www.isotc211.org/2005/gco" xmlns:gmd="http://www.isotc211.org/2005/gmd" xmlns:gml="http://www.opengis.net/gml" xmlns:gts="http://www.isotc211.org/2005/gts" xmlns:srv="http://www.isotc211.org/2005/srv" xmlns:xlink="http://www.w3.org/1999/xlink" xmlns:xsi="http://www.w3.org/2001/XMLSchema-instance">
    <!--For more details on the fields/what should go in each field see: http://spreadsheets.google.com/ccc?key=pG0cD35SB_A8VMbcoUGpkUg&hl=en-->
    <!--  This record describes individual dataset param abbrs. =========================================================================== -->
    <gmd:fileIdentifier>
        <gco:CharacterString>http://capita.wustl.edu/DataspaceMetadata_ISO/CIRA.OMI_O3.O3.xml</gco:CharacterString>
        <!--URL for ISO Doc in Community Catalog - Identifier is best as URL/URI-->
    </gmd:fileIdentifier>
    <gmd:language>
        <gco:CharacterString>English</gco:CharacterString>
        <!--Metadata language-->
    </gmd:language>
    <gmd:characterSet>
        <gmd:MD_CharacterSetCode codeList="./resources/codeList.xml#MD_CharacterSetCode" codeListValue="utf8">utf8</gmd:MD_CharacterSetCode>
    </gmd:characterSet>
    <gmd:parentIdentifier>
        <gco:CharacterString>urn:uuid:089197b9-3abd-42fb-afe2-c431cdd2204f</gco:CharacterString>
    </gmd:parentIdentifier>
    <gmd:hierarchyLevel>
        <gmd:MD_ScopeCode codeList="./resources/codeList.xml#MD_ScopeCode" codeListValue="attribute">attribute</gmd:MD_ScopeCode>
        <!--Hierarchy level is the level that the metadata applies to. Can be dataset, dataset series....-->
    </gmd:hierarchyLevel>
    <gmd:hierarchyLevelName>
        <gco:CharacterString>O3</gco:CharacterString>
    </gmd:hierarchyLevelName>
    <gmd:contact>
        <gmd:CI_ResponsibleParty>
            <!--Metadata Point of Contact - responsible party for metadata-->
            <gmd:organisationName>
                <gco:CharacterString>ESIP</gco:CharacterString>
            </gmd:organisationName>
            <gmd:contactInfo>
                <gmd:CI_Contact>
                    <gmd:onlineResource>
                        <gmd:CI_OnlineResource>
                            <gmd:linkage>
                                <gmd:URL>http://wiki.esipfed.org/index.php/OMI_O3</gmd:URL>
                            </gmd:linkage>
                        </gmd:CI_OnlineResource>
                    </gmd:onlineResource>
                </gmd:CI_Contact>
            </gmd:contactInfo>
            <gmd:role>
                <gmd:CI_RoleCode codeList="./resources/codeList.xml#CI_RoleCode" codeListValue="distributor">distributor</gmd:CI_RoleCode>
            </gmd:role>
        </gmd:CI_ResponsibleParty>
        <!--Contact is the Community Catalog Contact Here - Don't Change.-->
    </gmd:contact>
    <gmd:contact>
        <gmd:CI_ResponsibleParty>
            <!--Metadata Point of Contact - responsible party for metadata-->
            <gmd:individualName>
                <gco:CharacterString>no display_name</gco:CharacterString>
            </gmd:individualName>
            <gmd:contactInfo>
                <gmd:CI_Contact>
                    <gmd:address>
                        <gmd:CI_Address>
                            <gmd:electronicMailAddress>
                                <gco:CharacterString>no email</gco:CharacterString>
                            </gmd:electronicMailAddress>
                        </gmd:CI_Address>
                    </gmd:address>
                    <gmd:onlineResource>
                        <gmd:CI_OnlineResource>
                            <gmd:linkage>
                                <gmd:URL>http://example.com/missing_data/organization_url</gmd:URL>
                            </gmd:linkage>
                        </gmd:CI_OnlineResource>
                    </gmd:onlineResource>
                </gmd:CI_Contact>
            </gmd:contactInfo>
            <gmd:role>
                <gmd:CI_RoleCode codeList="./resources/codeList.xml#CI_RoleCode" codeListValue="pointOfContact">pointOfContact</gmd:CI_RoleCode>
            </gmd:role>
        </gmd:CI_ResponsibleParty>
        <!--Contact is the Metadata Author-->
    </gmd:contact>
    <gmd:dateStamp>
        <!--Date Metadata was modified-->
        <gco:Date>2011-08-21</gco:Date>
    </gmd:dateStamp>
    <gmd:metadataStandardName>
        <gco:CharacterString>ISO19115</gco:CharacterString>
        <!--Metadata Standard -->
    </gmd:metadataStandardName>
    <gmd:metadataStandardVersion>
        <gco:CharacterString>2003/Cor.1:2006</gco:CharacterString>
        <!--Metadata version - need to update to 19115-2-->
    </gmd:metadataStandardVersion>
    <gmd:referenceSystemInfo>
        <gmd:MD_ReferenceSystem>
            <gmd:referenceSystemIdentifier>
                <gmd:RS_Identifier>
                    <gmd:code>
                        <gco:CharacterString>EPSG:4326</gco:CharacterString>
                    </gmd:code>
                </gmd:RS_Identifier>
            </gmd:referenceSystemIdentifier>
        </gmd:MD_ReferenceSystem>
        <!--This term provides information about the reference system - if a citation is known, can also add title/date/link-->
    </gmd:referenceSystemInfo>
    <gmd:identificationInfo>
        <gmd:MD_DataIdentification>
            <!--This section pertains to dataset or hierarchy level specified-->
            <gmd:citation>
                <gmd:CI_Citation>
                    <gmd:title>
                        <gco:CharacterString>OMI_O3.O3</gco:CharacterString>
                        <!--Dataset Title - Human readable-->
                    </gmd:title>
                    <gmd:date>
                        <gmd:CI_Date>
                            <gmd:date>
                                <gco:Date>2006-01-01</gco:Date>
                            </gmd:date>
                            <gmd:dateType>
                                <gmd:CI_DateTypeCode codeList="./resources/codeList.xml#CI_DateTypeCode" codeListValue="creation">creation</gmd:CI_DateTypeCode>
                            </gmd:dateType>
                        </gmd:CI_Date>
                        <!--Publication or creation date for the Dataset (not temporal extent)-->
                    </gmd:date>
                </gmd:CI_Citation>
            </gmd:citation>
            <gmd:abstract>
                <gco:CharacterString>
                    originally from ftp://acdisc.sci.gsfc.nasa.gov/data/s4pa/
                    
                </gco:CharacterString>
                <!--Dataset description-->
            </gmd:abstract>
            <gmd:pointOfContact>
                <gmd:CI_ResponsibleParty>
                    <gmd:organisationName>
                        <gco:CharacterString>NASA_ACDISC</gco:CharacterString>
                    </gmd:organisationName>
                    <gmd:contactInfo>
                        <gmd:CI_Contact>
                            <gmd:address>
                                <gmd:CI_Address>
                                    <gmd:deliveryPoint>
                                        <gco:CharacterString>NASA Goddard Space Flight Center, Code 610.2</gco:CharacterString>
                                    </gmd:deliveryPoint>
                                    <gmd:city>
                                        <gco:CharacterString>Greenbelt</gco:CharacterString>
                                    </gmd:city>
                                    <gmd:administrativeArea>
                                        <gco:CharacterString>MD</gco:CharacterString>
                                    </gmd:administrativeArea>
                                    <gmd:postalCode>
                                        <gco:CharacterString>20771</gco:CharacterString>
                                    </gmd:postalCode>
                                    <gmd:country>
                                        <gco:CharacterString>USA</gco:CharacterString>
                                    </gmd:country>
                                </gmd:CI_Address>
                            </gmd:address>
                            <gmd:onlineResource>
                                <gmd:CI_OnlineResource>
                                    <gmd:linkage>
                                        <gmd:URL>http://disc.gsfc.nasa.gov/acdisc</gmd:URL>
                                    </gmd:linkage>
                                </gmd:CI_OnlineResource>
                            </gmd:onlineResource>
                        </gmd:CI_Contact>
                    </gmd:contactInfo>
                    <gmd:role>
                        <gmd:CI_RoleCode codeList="./resources/codeList.xml#CI_RoleCode" codeListValue="originator">originator</gmd:CI_RoleCode>
                    </gmd:role>
                </gmd:CI_ResponsibleParty>
                <!--Dataset responsible party - originator, distributor,... need other options, there can be multiple CI_Responsible parties for one dataset-->
            </gmd:pointOfContact>
            <gmd:descriptiveKeywords>
                <!--Descriptive keywords with type is theme can be used to describe dataset parameters next step is to define thesaurus with link to enable searching for homogenizing dataset parameters across datasets.-->
                <gmd:MD_Keywords>
                    <gmd:keyword>
                        <gco:CharacterString>Atmospheric conditions</gco:CharacterString>
                    </gmd:keyword>
                    <gmd:type>
                        <gmd:MD_KeywordTypeCode codeList="./resources/codeList.xml#MD_KeywordTypeCode" codeListValue="theme">theme</gmd:MD_KeywordTypeCode>
                    </gmd:type>
                    <gmd:thesaurusName>
                        <gmd:CI_Citation>
                            <gmd:title>
                                <gco:CharacterString>GEMET - INSPIRE themes, version 1.0</gco:CharacterString>
                                <!--Thesaurus title-->
                            </gmd:title>
                            <gmd:date>
                                <gmd:CI_Date>
                                    <gmd:date>
                                        <gco:Date>2002-07-01</gco:Date>
                                    </gmd:date>
                                    <gmd:dateType>
                                        <gmd:CI_DateTypeCode codeList="./resources/codeList.xml#CI_DateTypeCode" codeListValue="publication">publication</gmd:CI_DateTypeCode>
                                    </gmd:dateType>
                                </gmd:CI_Date>
                                <!--Publication date-->
                            </gmd:date>
                            <gmd:citedResponsibleParty>
                                <gmd:CI_ResponsibleParty>
                                    <gmd:organisationName>
                                        <gco:CharacterString>Thesuarus Organisation Name - GMET</gco:CharacterString>
                                    </gmd:organisationName>
                                    <gmd:contactInfo>
                                        <gmd:CI_Contact>
                                            <gmd:onlineResource>
                                                <gmd:CI_OnlineResource>
                                                    <gmd:linkage>
                                                        <gmd:URL>http://google.com</gmd:URL>
                                                    </gmd:linkage>
                                                    <gmd:name>
                                                        <gco:CharacterString>Thesaurus Link </gco:CharacterString>
                                                    </gmd:name>
                                                    <gmd:function>
                                                        <gmd:CI_OnLineFunctionCode codeList="./resources/codeList.xml#CI_OnLineFunctionCode" codeListValue="search">search</gmd:CI_OnLineFunctionCode>
                                                    </gmd:function>
                                                </gmd:CI_OnlineResource>
                                            </gmd:onlineResource>
                                        </gmd:CI_Contact>
                                    </gmd:contactInfo>
                                    <gmd:role>
                                        <gmd:CI_RoleCode codeList="./resources/codeList.xml#CI_RoleCode" codeListValue="originator">originator</gmd:CI_RoleCode>
                                    </gmd:role>
                                </gmd:CI_ResponsibleParty>
                                <!--Thesaurus contact information - specifically including URL to thesaurus for further search.-->
                            </gmd:citedResponsibleParty>
                        </gmd:CI_Citation>
                    </gmd:thesaurusName>
                </gmd:MD_Keywords>
            </gmd:descriptiveKeywords>
            <gmd:descriptiveKeywords>
                <gmd:MD_Keywords>
                    <gmd:keyword>
                        <gco:CharacterString>ATMOSPHERIC SCIENCE.AEROSOLS</gco:CharacterString>
                    </gmd:keyword>
                    <gmd:type>
                        <gmd:MD_KeywordTypeCode codeList="./resources/codeList.xml#MD_KeywordTypeCode" codeListValue="theme">theme</gmd:MD_KeywordTypeCode>
                    </gmd:type>
                    <gmd:thesaurusName>
                        <gmd:CI_Citation>
                            <gmd:title>
                                <gco:CharacterString>GCMD</gco:CharacterString>
                            </gmd:title>
                            <gmd:date>
                                <gmd:CI_Date>
                                    <gmd:date>
                                        <gco:Date>2005</gco:Date>
                                    </gmd:date>
                                    <gmd:dateType>
                                        <gmd:CI_DateTypeCode codeList="./resources/codeList.xml#CI_DateTypeCode" codeListValue="Publication">Publication</gmd:CI_DateTypeCode>
                                    </gmd:dateType>
                                </gmd:CI_Date>
                            </gmd:date>
                            <gmd:citedResponsibleParty>
                                <gmd:CI_ResponsibleParty>
                                    <gmd:organisationName>
                                        <gco:CharacterString>Thesaurus Org</gco:CharacterString>
                                    </gmd:organisationName>
                                    <gmd:contactInfo>
                                        <gmd:CI_Contact>
                                            <gmd:onlineResource>
                                                <gmd:CI_OnlineResource>
                                                    <gmd:linkage>
                                                        <gmd:URL>http://google.com</gmd:URL>
                                                    </gmd:linkage>
                                                </gmd:CI_OnlineResource>
                                            </gmd:onlineResource>
                                        </gmd:CI_Contact>
                                    </gmd:contactInfo>
                                    <gmd:role>
                                        <gmd:CI_RoleCode codeList="./resources/codeList.xml#CI_RoleCode" codeListValue="originator">originator</gmd:CI_RoleCode>
                                    </gmd:role>
                                </gmd:CI_ResponsibleParty>
                            </gmd:citedResponsibleParty>
                        </gmd:CI_Citation>
                    </gmd:thesaurusName>
                </gmd:MD_Keywords>
            </gmd:descriptiveKeywords>
            <gmd:descriptiveKeywords>
                <gmd:MD_Keywords>
                    <gmd:keyword>
                        <gco:CharacterString>ENVIRONMENT.natural environment.physical environment.atmosphere.ozone</gco:CharacterString>
                    </gmd:keyword>
                    <gmd:type>
                        <gmd:MD_KeywordTypeCode codeList="./resources/codeList.xml#MD_KeywordTypeCode" codeListValue="theme">theme</gmd:MD_KeywordTypeCode>
                    </gmd:type>
                    <gmd:thesaurusName>
                        <gmd:CI_Citation>
                            <gmd:title>
                                <gco:CharacterString>EUROVOC 4.1</gco:CharacterString>
                            </gmd:title>
                            <gmd:date>
                                <gmd:CI_Date>
                                    <gmd:date>
                                        <gco:Date>2005</gco:Date>
                                    </gmd:date>
                                    <gmd:dateType>
                                        <gmd:CI_DateTypeCode codeList="./resources/codeList.xml#CI_DateTypeCode" codeListValue="Publication">Publication</gmd:CI_DateTypeCode>
                                    </gmd:dateType>
                                </gmd:CI_Date>
                            </gmd:date>
                            <gmd:citedResponsibleParty>
                                <gmd:CI_ResponsibleParty>
                                    <gmd:organisationName>
                                        <gco:CharacterString>Org name</gco:CharacterString>
                                    </gmd:organisationName>
                                    <gmd:contactInfo>
                                        <gmd:CI_Contact>
                                            <gmd:onlineResource>
                                                <gmd:CI_OnlineResource>
                                                    <gmd:linkage>
                                                        <gmd:URL>http://google.com</gmd:URL>
                                                    </gmd:linkage>
                                                </gmd:CI_OnlineResource>
                                            </gmd:onlineResource>
                                        </gmd:CI_Contact>
                                    </gmd:contactInfo>
                                    <gmd:role>
                                        <gmd:CI_RoleCode codeList="./resources/codeList.xml#CI_RoleCode" codeListValue="originator">originator</gmd:CI_RoleCode>
                                    </gmd:role>
                                </gmd:CI_ResponsibleParty>
                            </gmd:citedResponsibleParty>
                        </gmd:CI_Citation>
                    </gmd:thesaurusName>
                </gmd:MD_Keywords>
            </gmd:descriptiveKeywords>
            <gmd:descriptiveKeywords>
                <gmd:MD_Keywords>
                    <gmd:keyword>
                        <gco:CharacterString>Data Access Service</gco:CharacterString>
                    </gmd:keyword>
                    <gmd:type>
                        <gmd:MD_KeywordTypeCode codeList="./resources/codeList.xml#MD_KeywordTypeCode" codeListValue="theme">theme</gmd:MD_KeywordTypeCode>
                    </gmd:type>
                    <!--Data Access Service should be a keyword in every AQCOMCAT record-->
                </gmd:MD_Keywords>
            </gmd:descriptiveKeywords>
            <gmd:descriptiveKeywords>
                <gmd:MD_Keywords>
                    <gmd:keyword>
                        <gco:CharacterString>Domain:Gas</gco:CharacterString>
                    </gmd:keyword>
                    <gmd:type>
                        <gmd:MD_KeywordTypeCode codeList="./resources/codeList.xml#MD_KeywordTypeCode" codeListValue="theme">theme</gmd:MD_KeywordTypeCode>
                    </gmd:type>
                </gmd:MD_Keywords>
            </gmd:descriptiveKeywords>
            <gmd:descriptiveKeywords>
                <gmd:MD_Keywords>
                    <gmd:keyword>
                        <gco:CharacterString>Platform:Satellite</gco:CharacterString>
                    </gmd:keyword>
                    <gmd:type>
                        <gmd:MD_KeywordTypeCode codeList="./resources/codeList.xml#MD_KeywordTypeCode" codeListValue="theme">theme</gmd:MD_KeywordTypeCode>
                    </gmd:type>
                </gmd:MD_Keywords>
            </gmd:descriptiveKeywords>
            <gmd:descriptiveKeywords>
                <gmd:MD_Keywords>
                    <gmd:keyword>
                        <gco:CharacterString>Instrument:OMI</gco:CharacterString>
                    </gmd:keyword>
                    <gmd:type>
                        <gmd:MD_KeywordTypeCode codeList="./resources/codeList.xml#MD_KeywordTypeCode" codeListValue="theme">theme</gmd:MD_KeywordTypeCode>
                    </gmd:type>
                </gmd:MD_Keywords>
            </gmd:descriptiveKeywords>
            <gmd:descriptiveKeywords>
                <gmd:MD_Keywords>
                    <gmd:keyword>
                        <gco:CharacterString>Dataset:OMI_O3</gco:CharacterString>
                    </gmd:keyword>
                    <gmd:type>
                        <gmd:MD_KeywordTypeCode codeList="./resources/codeList.xml#MD_KeywordTypeCode" codeListValue="theme">theme</gmd:MD_KeywordTypeCode>
                    </gmd:type>
                </gmd:MD_Keywords>
            </gmd:descriptiveKeywords>
            <gmd:descriptiveKeywords>
                <gmd:MD_Keywords>
                    <gmd:keyword>
                        <gco:CharacterString>DataType:Grid</gco:CharacterString>
                    </gmd:keyword>
                    <gmd:type>
                        <gmd:MD_KeywordTypeCode codeList="./resources/codeList.xml#MD_KeywordTypeCode" codeListValue="theme">theme</gmd:MD_KeywordTypeCode>
                    </gmd:type>
                </gmd:MD_Keywords>
            </gmd:descriptiveKeywords>
            <gmd:descriptiveKeywords>
                <gmd:MD_Keywords>
                    <gmd:keyword>
                        <gco:CharacterString>Vertical:Column</gco:CharacterString>
                    </gmd:keyword>
                    <gmd:type>
                        <gmd:MD_KeywordTypeCode codeList="./resources/codeList.xml#MD_KeywordTypeCode" codeListValue="theme">theme</gmd:MD_KeywordTypeCode>
                    </gmd:type>
                </gmd:MD_Keywords>
            </gmd:descriptiveKeywords>
            <gmd:descriptiveKeywords>
                <gmd:MD_Keywords>
                    <gmd:keyword>
                        <gco:CharacterString>Parameter:O3</gco:CharacterString>
                    </gmd:keyword>
                    <gmd:type>
                        <gmd:MD_KeywordTypeCode codeList="./resources/codeList.xml#MD_KeywordTypeCode" codeListValue="theme">theme</gmd:MD_KeywordTypeCode>
                    </gmd:type>
                </gmd:MD_Keywords>
            </gmd:descriptiveKeywords>
            <gmd:descriptiveKeywords>
                <gmd:MD_Keywords>
                    <gmd:keyword>
                        <gco:CharacterString>TimeRes:Day</gco:CharacterString>
                    </gmd:keyword>
                    <gmd:type>
                        <gmd:MD_KeywordTypeCode codeList="./resources/codeList.xml#MD_KeywordTypeCode" codeListValue="theme">theme</gmd:MD_KeywordTypeCode>
                    </gmd:type>
                </gmd:MD_Keywords>
            </gmd:descriptiveKeywords>
            <gmd:descriptiveKeywords>
                <gmd:MD_Keywords>
                    <gmd:keyword>
                        <gco:CharacterString>Units:Dobson Units</gco:CharacterString>
                    </gmd:keyword>
                    <gmd:type>
                        <gmd:MD_KeywordTypeCode codeList="./resources/codeList.xml#MD_KeywordTypeCode" codeListValue="theme">theme</gmd:MD_KeywordTypeCode>
                    </gmd:type>
                </gmd:MD_Keywords>
            </gmd:descriptiveKeywords>
            <gmd:descriptiveKeywords>
                <gmd:MD_Keywords>
                    <gmd:keyword>
                        <gco:CharacterString>AQCommunityCatalog</gco:CharacterString>
                    </gmd:keyword>
                    <gmd:type>
                        <gmd:MD_KeywordTypeCode codeList="./resources/codeList.xml#MD_KeywordTypeCode" codeListValue="theme">theme</gmd:MD_KeywordTypeCode>
                    </gmd:type>
                </gmd:MD_Keywords>
            </gmd:descriptiveKeywords>
            <gmd:resourceConstraints>
                <gmd:MD_Constraints>
                    <gmd:useLimitation>
                        <gco:CharacterString>no conditions apply</gco:CharacterString>
                    </gmd:useLimitation>
                    <!--List any use limitations if none no conditions apply-->
                </gmd:MD_Constraints>
            </gmd:resourceConstraints>
            <gmd:resourceConstraints>
                <gmd:MD_LegalConstraints>
                    <gmd:accessConstraints>
                        <gmd:MD_RestrictionCode codeList="http://standards.iso.org/ittf/PubliclyAvailableStandards/ISO_19139_Schemas/resources/Codelist/ML_gmxCodelists.xml#MD_RestrictionCode" codeListValue="otherRestrictions">otherRestrictions</gmd:MD_RestrictionCode>
                    </gmd:accessConstraints>
                    <gmd:otherConstraints>
                        <gco:CharacterString>no limitations</gco:CharacterString>
                    </gmd:otherConstraints>
                    <!--List any access constraints if none say No Limitations-->
                </gmd:MD_LegalConstraints>
            </gmd:resourceConstraints>
            <gmd:spatialRepresentationType>
                <gmd:MD_SpatialRepresentationTypeCode codeList="./resources/codeList.xml#MD_SpatialRepresentationTypeCode" codeListValue="grid">grid</gmd:MD_SpatialRepresentationTypeCode>
                <!--For WCS the spatial representation type is grid-->
            </gmd:spatialRepresentationType>
            <gmd:spatialResolution>
                <gmd:MD_Resolution>
                    <gmd:equivalentScale>
                        <gmd:MD_RepresentativeFraction>
                            <gmd:denominator>
                                <gco:Integer>555</gco:Integer>
                            </gmd:denominator>
                        </gmd:MD_RepresentativeFraction>
                    </gmd:equivalentScale>
                </gmd:MD_Resolution>
            </gmd:spatialResolution>
            <gmd:language>
                <gco:CharacterString>English</gco:CharacterString>
                <!--Dataset Language-->
            </gmd:language>
            <gmd:characterSet>
                <gmd:MD_CharacterSetCode codeList="./resources/codeList.xml#MD_CharacterSetCode" codeListValue="utf8">utf8</gmd:MD_CharacterSetCode>
            </gmd:characterSet>
            <gmd:topicCategory>
                <gmd:MD_TopicCategoryCode>climatologyMeteorologyAtmosphere</gmd:MD_TopicCategoryCode>
                <!--Topic categories required by ISO 19115 Core elements see: for list-->
            </gmd:topicCategory>
            <gmd:extent>
                <gmd:EX_Extent>
                    <gmd:geographicElement>
                        <gmd:EX_GeographicBoundingBox>
                            <gmd:westBoundLongitude>
                                <gco:Decimal>-179.875</gco:Decimal>
                            </gmd:westBoundLongitude>
                            <gmd:eastBoundLongitude>
                                <gco:Decimal>179.875</gco:Decimal>
                            </gmd:eastBoundLongitude>
                            <gmd:southBoundLatitude>
                                <gco:Decimal>-89.875</gco:Decimal>
                            </gmd:southBoundLatitude>
                            <gmd:northBoundLatitude>
                                <gco:Decimal>89.875</gco:Decimal>
                            </gmd:northBoundLatitude>
                        </gmd:EX_GeographicBoundingBox>
                        <!--Geographic bounding box for dataset-->
                    </gmd:geographicElement>
                    <gmd:temporalElement>
                        <gmd:EX_TemporalExtent>
                            <gmd:extent>
                                <gml:TimePeriod gml:id="tp_042947.08235">
                                    <gml:begin>
                                        <gml:TimeInstant gml:id="start_042947.08235">
                                            <gml:timePosition>2006-01-01</gml:timePosition>
                                        </gml:TimeInstant>
                                    </gml:begin>
                                    <gml:end>
                                        <gml:TimeInstant gml:id="end_042947.08235">
                                            <gml:timePosition>2011-03-17</gml:timePosition>
                                        </gml:TimeInstant>
                                        <!--<gml:timePosition indeterminatePosition="now">now</gml:timePosition>-->
                                    </gml:end>
                                </gml:TimePeriod>
                                <!--Temporal Extent for dataset-->
                            </gmd:extent>
                        </gmd:EX_TemporalExtent>
                    </gmd:temporalElement>
                    <!--Extent can includes: temporal, spatial and vertical extent of dataset. -->
                </gmd:EX_Extent>
            </gmd:extent>
        </gmd:MD_DataIdentification>
    </gmd:identificationInfo>
    <gmd:identificationInfo>
        <srv:SV_ServiceIdentification>
            <gmd:citation>
                <gmd:CI_Citation>
                    <gmd:title>
                        <gco:CharacterString>
                            NASA Goddard Space Flight Center
                            
                        </gco:CharacterString>
                        <!--Dataset Title - Human readable-->
                    </gmd:title>
                    <gmd:date>
                        <gmd:CI_Date>
                            <gmd:date>
                                <gco:Date>2006-01-01</gco:Date>
                            </gmd:date>
                            <gmd:dateType>
                                <gmd:CI_DateTypeCode codeList="./resources/codeList.xml#CI_DateTypeCode" codeListValue="creation">creation</gmd:CI_DateTypeCode>
                            </gmd:dateType>
                        </gmd:CI_Date>
                        <!--Publication or creation date for the Dataset (not temporal extent)-->
                    </gmd:date>
                </gmd:CI_Citation>
            </gmd:citation>
            <gmd:abstract>
                <gco:CharacterString>
                </gco:CharacterString>
                <!--Dataset description-->
            </gmd:abstract>
            <srv:serviceType>
                <gco:LocalName>urn:ogc:serviceType:WebCoverageService:1.1.2</gco:LocalName>
            </srv:serviceType>
            <srv:couplingType>
                <srv:SV_CouplingType codeList="http://www.tc211.org/ISO19139/resources/codeList.xml#SV_CouplingType" codeListValue="tight">
                </srv:SV_CouplingType>
            </srv:couplingType>
            <srv:containsOperations>
                <srv:SV_OperationMetadata>
                    <srv:operationName>
                        <gco:CharacterString>GetCapabilities</gco:CharacterString>
                    </srv:operationName>
                    <srv:DCP>
                    </srv:DCP>
                    <srv:connectPoint>
                        <gmd:CI_OnlineResource>
                            <gmd:linkage>
                                <gmd:URL>http://viper.cira.colostate.edu:8080/gsfc?Service=WCS&amp;Request=GetCapabilities&amp;AcceptVersions=1.1.2</gmd:URL>
                            </gmd:linkage>
                            <gmd:protocol>
                                <gco:CharacterString>http</gco:CharacterString>
                            </gmd:protocol>
                            <gmd:applicationProfile>
                                <gco:CharacterString>web browser</gco:CharacterString>
                            </gmd:applicationProfile>
                            <gmd:name>
                                <gco:CharacterString>NASA Goddard Space Flight Center</gco:CharacterString>
                            </gmd:name>
                            <gmd:description>
                                <gco:CharacterString>This is an OGC compliant Web Coverage Service. The engine used to serve this WCS is CIRA</gco:CharacterString>
                            </gmd:description>
                            <gmd:function>
                                <gmd:CI_OnLineFunctionCode codeList="http://www.isotc211.org/2005/resources/Codelist/gmxCodelists.xml#CI_OnLineFunctionCode" codeListValue="information">
                                </gmd:CI_OnLineFunctionCode>
                            </gmd:function>
                        </gmd:CI_OnlineResource>
                    </srv:connectPoint>
                </srv:SV_OperationMetadata>
            </srv:containsOperations>
            <srv:containsOperations>
                <srv:SV_OperationMetadata>
                    <srv:operationName>
                        <gco:CharacterString>DescribeCoverage</gco:CharacterString>
                    </srv:operationName>
                    <srv:DCP>
                    </srv:DCP>
                    <srv:connectPoint>
                        <gmd:CI_OnlineResource>
                            <gmd:linkage>
                                <gmd:URL>http://viper.cira.colostate.edu:8080/gsfc?service=WCS&amp;version=1.1.2&amp;request=DescribeCoverage&amp;Identifiers=ColumnAmountO3</gmd:URL>
                            </gmd:linkage>
                            <gmd:protocol>
                                <gco:CharacterString>http</gco:CharacterString>
                            </gmd:protocol>
                            <gmd:applicationProfile>
                                <gco:CharacterString>web browser</gco:CharacterString>
                            </gmd:applicationProfile>
                            <gmd:name>
                                <gco:CharacterString>ColumnAmountO3</gco:CharacterString>
                            </gmd:name>
                            <gmd:description>
                                <gco:CharacterString>This is an OGC compliant Web Coverage Service. The engine used to serve this WCS is CIRA</gco:CharacterString>
                            </gmd:description>
                            <gmd:function>
                                <gmd:CI_OnLineFunctionCode codeList="http://www.isotc211.org/2005/resources/Codelist/gmxCodelists.xml#CI_OnLineFunctionCode" codeListValue="information">
                                </gmd:CI_OnLineFunctionCode>
                            </gmd:function>
                        </gmd:CI_OnlineResource>
                    </srv:connectPoint>
                </srv:SV_OperationMetadata>
            </srv:containsOperations>
        </srv:SV_ServiceIdentification>
    </gmd:identificationInfo>
    <gmd:distributionInfo>
        <gmd:MD_Distribution>
            <gmd:distributionFormat>
                <!--Format for distribution - What would WCS distribution format be? HTML??-->
                <gmd:MD_Format>
                    <gmd:name>
                        <gco:CharacterString>HTTP</gco:CharacterString>
                    </gmd:name>
                    <gmd:version>
                        <gco:CharacterString>2008</gco:CharacterString>
                    </gmd:version>
                </gmd:MD_Format>
            </gmd:distributionFormat>
            <gmd:distributor>
                <!--Dataset distributor contact information-->
                <gmd:MD_Distributor>
                    <gmd:distributorContact>
                        <gmd:CI_ResponsibleParty>
                            <gmd:organisationName>
                                <gco:CharacterString>CIRA</gco:CharacterString>
                            </gmd:organisationName>
                            <gmd:contactInfo>
                                <gmd:CI_Contact>
                                    <gmd:address>
                                        <gmd:CI_Address>
                                            <gmd:deliveryPoint>
                                                <gco:CharacterString>Colorado State University Foothills Campus</gco:CharacterString>
                                            </gmd:deliveryPoint>
                                            <gmd:city>
                                                <gco:CharacterString>Fort Collins</gco:CharacterString>
                                            </gmd:city>
                                            <gmd:administrativeArea>
                                                <gco:CharacterString>CO</gco:CharacterString>
                                            </gmd:administrativeArea>
                                            <gmd:postalCode>
                                                <gco:CharacterString>80523-1375</gco:CharacterString>
                                            </gmd:postalCode>
                                            <gmd:country>
                                                <gco:CharacterString>USA</gco:CharacterString>
                                            </gmd:country>
                                        </gmd:CI_Address>
                                    </gmd:address>
                                    <gmd:onlineResource>
                                        <gmd:CI_OnlineResource>
                                            <gmd:linkage>
                                                <gmd:URL>http://vista.cira.colostate.edu/improve/Default.htm</gmd:URL>
                                            </gmd:linkage>
                                            <gmd:name>
                                                <gco:CharacterString>CIRA</gco:CharacterString>
                                            </gmd:name>
                                            <gmd:function>
                                                <gmd:CI_OnLineFunctionCode codeList="./resources/codeList.xml#CI_OnLineFunctionCode" codeListValue="search">search</gmd:CI_OnLineFunctionCode>
                                            </gmd:function>
                                        </gmd:CI_OnlineResource>
                                    </gmd:onlineResource>
                                </gmd:CI_Contact>
                            </gmd:contactInfo>
                            <gmd:role>
                                <gmd:CI_RoleCode codeList="./resources/codeList.xml#CI_RoleCode" codeListValue="distributor">distributor</gmd:CI_RoleCode>
                            </gmd:role>
                        </gmd:CI_ResponsibleParty>
                    </gmd:distributorContact>
                </gmd:MD_Distributor>
            </gmd:distributor>
            <gmd:transferOptions>
                <gmd:MD_DigitalTransferOptions>
                    <gmd:onLine>
                        <gmd:CI_OnlineResource>
                            <gmd:linkage>
                                <gmd:URL>http://webapps.datafed.net/datafed.aspx?wcs=http://viper.cira.colostate.edu:8080/gsfc&amp;coverage=ColumnAmountO3&amp;field=O3</gmd:URL>
                                <!--link to resource-->
                            </gmd:linkage>
                            <gmd:applicationProfile>
                                <gco:CharacterString>DataFed.net</gco:CharacterString>
                                <!--Application to view resource-->
                            </gmd:applicationProfile>
                            <gmd:function>
                                <gmd:CI_OnLineFunctionCode codeList="./resources/codeList.xml#CI_OnLineFunctionCode" codeListValue="search">search</gmd:CI_OnLineFunctionCode>
                                <!--Function of resource-->
                            </gmd:function>
                        </gmd:CI_OnlineResource>
                    </gmd:onLine>
                </gmd:MD_DigitalTransferOptions>
                <!--URL to GetCapabilities - This is the link where a user can 'bind' to the data. Other links to different views of data can also be included here - KML, datafed view, etc.-->
            </gmd:transferOptions>
        </gmd:MD_Distribution>
    </gmd:distributionInfo>
    <gmd:dataQualityInfo>
        <gmd:DQ_DataQuality>
            <gmd:scope>
                <gmd:DQ_Scope>
                    <gmd:level>
                        <gmd:MD_ScopeCode codeList="http://standards.iso.org/ittf/PubliclyAvailableStandards/ISO_19139_Schemas/resources/Codelist/ML_gmxCodelists.xml#MD_ScopeCode" codeListValue="attribute">attribute</gmd:MD_ScopeCode>
                    </gmd:level>
                </gmd:DQ_Scope>
            </gmd:scope>
            <gmd:lineage>
                <gmd:LI_Lineage>
                    <gmd:statement>
                        <gco:CharacterString>This dataset comes from OMI_O3, NASA_ACDISC through CIRA. </gco:CharacterString>
                    </gmd:statement>
                </gmd:LI_Lineage>
                <!--Lineage statement about dataset - this field also includes a scope, so different parts of dataset could be described. -->
            </gmd:lineage>
        </gmd:DQ_DataQuality>
    </gmd:dataQualityInfo>
</gmd:MD_Metadata>