<?xml version="1.0"?>
<!--<!DOCTYPE metadata SYSTEM "http://www.esri.com/metadata/esriprof80.dtd">-->
<metadata xml:lang="en"><Esri><CreaDate>20080304</CreaDate><CreaTime>10491500</CreaTime><SyncOnce>FALSE</SyncOnce><DataProperties><lineage><Process Name="Project_2" ToolSource="C:\Program Files\ArcGIS\ArcToolbox\Toolboxes\Data Management Tools.tbx\Project" Date="20071025" Time="154828">Project E:\2007_incidents\2007_poomacha\incident_data\20071024\20071024_poomacha_per_pol_1700.shp E:\2007_incidents\2007_poomacha\incident_data\20071024\20071024_poomacha_per_pol_17_tn27.shp PROJCS['NAD_1927_California_Teale_Albers',GEOGCS['GCS_North_American_1927',DATUM['D_North_American_1927',SPHEROID['Clarke_1866',6378206.4,294.9786982]],PRIMEM['Greenwich',0.0],UNIT['Degree',0.0174532925199433]],PROJECTION['Albers'],PARAMETER['False_Easting',0.0],PARAMETER['False_Northing',-4000000.0],PARAMETER['Central_Meridian',-120.0],PARAMETER['Standard_Parallel_1',34.0],PARAMETER['Standard_Parallel_2',40.5],PARAMETER['Latitude_Of_Origin',0.0],UNIT['Meter',1.0]] #</Process><Process Name="Project_1" ToolSource="C:\Program Files\ArcGIS\ArcToolbox\Toolboxes\Data Management Tools.tbx\Project" Date="20071102" Time="075740">Project 20071101_1800_per_pol_tn27 D:\Temp\Fire_Perimeters_by_Name\Poomacha\Most_Current\20071101_1800_poomacha_perimeter_AM1_taNAD83.shp PROJCS['NAD_1983_California_Teale_Albers',GEOGCS['GCS_North_American_1983',DATUM['D_North_American_1983',SPHEROID['GRS_1980',6378137.0,298.257222101]],PRIMEM['Greenwich',0.0],UNIT['Degree',0.0174532925199433]],PROJECTION['Albers'],PARAMETER['False_Easting',0.0],PARAMETER['False_Northing',-4000000.0],PARAMETER['Central_Meridian',-120.0],PARAMETER['Standard_Parallel_1',34.0],PARAMETER['Standard_Parallel_2',40.5],PARAMETER['Latitude_Of_Origin',0.0],UNIT['Meter',1.0]] NAD_1927_To_NAD_1983_NADCON</Process><Process Name="Merge_14" ToolSource="C:\Program Files\ArcGIS\ArcToolbox\Toolboxes\Data Management Tools.tbx\Merge" Date="20071102" Time="132754">Merge 20071101_1800_poomacha_perimeter_AM1_taNAD83_join;S_CA_Fire_Perims_Merged_20071102_PM1_1new D:\Temp\Fire_Perimeters_Temp\fire_perimeters_Nov_02_pm\S_CA_Fire_Perims_Merged_20071102_PM1_2nd.shp "Id Id true false false 6 Long 0 6 ,First,#,20071101_1800_poomacha_perimeter_AM1_taNAD83_join,Id,-1,-1;Perimeter Perimeter true false false 19 Double 11 18 ,First,#,20071101_1800_poomacha_perimeter_AM1_taNAD83_join,Perimeter,-1,-1;Area Area true false false 19 Double 11 18 ,First,#,20071101_1800_poomacha_perimeter_AM1_taNAD83_join,Area,-1,-1;Acres Acres true false false 19 Double 11 18 ,First,#,20071101_1800_poomacha_perimeter_AM1_taNAD83_join,Acres,-1,-1;Hectares Hectares true false false 19 Double 11 18 ,First,#,20071101_1800_poomacha_perimeter_AM1_taNAD83_join,Hectares,-1,-1,S_CA_Fire_Perims_Merged_20071102_PM1_1new,Hectares,-1,-1;Acreage Acreage true false false 17 Double 2 16 ,First,#,20071101_1800_poomacha_perimeter_AM1_taNAD83_join,Acreage,-1,-1,S_CA_Fire_Perims_Merged_20071102_PM1_1new,Acreage,-1,-1;New_area New_area true false false 19 Double 2 18 ,First,#,20071101_1800_poomacha_perimeter_AM1_taNAD83_join,New_area,-1,-1;Fire_name Fire_name true false false 30 Text 0 0 ,First,#,S_CA_Fire_Perims_Merged_20071102_PM1_1new,Fire_name,-1,-1;Date_ Date_ true true false 8 Date 0 0 ,First,#,S_CA_Fire_Perims_Merged_20071102_PM1_1new,Date_,-1,-1;Time Time true false false 10 Text 0 0 ,First,#,S_CA_Fire_Perims_Merged_20071102_PM1_1new,Time,-1,-1;Status Status true false false 25 Text 0 0 ,First,#,S_CA_Fire_Perims_Merged_20071102_PM1_1new,Status,-1,-1;Agency Agency true false false 30 Text 0 0 ,First,#,S_CA_Fire_Perims_Merged_20071102_PM1_1new,Agency,-1,-1;Source Source true false false 25 Text 0 0 ,First,#,S_CA_Fire_Perims_Merged_20071102_PM1_1new,Source,-1,-1;Area_ Area_ true false false 16 Double 4 15 ,First,#,S_CA_Fire_Perims_Merged_20071102_PM1_1new,Area_,-1,-1"</Process><Process Name="Merge_15" ToolSource="C:\Program Files\ArcGIS\ArcToolbox\Toolboxes\Data Management Tools.tbx\Merge" Date="20071102" Time="133256">Merge S_CA_Fire_Perims_Merged_20071102_PM1_2nd;20071101_1826_Santiago_CA-ORC_Poly_FirePolygon_ta83 D:\Temp\Fire_Perimeters_Temp\fire_perimeters_Nov_02_pm\S_CA_Fire_Perims_Merged_20071102_PM1_3rd.shp "Id Id true false false 6 Long 0 6 ,First,#,S_CA_Fire_Perims_Merged_20071102_PM1_2nd,Id,-1,-1,20071101_1826_Santiago_CA-ORC_Poly_FirePolygon_ta83,Id,-1,-1;Perimeter Perimeter true false false 19 Double 11 18 ,First,#,S_CA_Fire_Perims_Merged_20071102_PM1_2nd,Perimeter,-1,-1;Hectares Hectares true false false 19 Double 11 18 ,First,#,S_CA_Fire_Perims_Merged_20071102_PM1_2nd,Hectares,-1,-1;Acreage Acreage true false false 17 Double 2 16 ,First,#,S_CA_Fire_Perims_Merged_20071102_PM1_2nd,Acreage,-1,-1;Fire_name Fire_name true false false 30 Text 0 0 ,First,#,S_CA_Fire_Perims_Merged_20071102_PM1_2nd,Fire_name,-1,-1;Date_ Date_ true true false 8 Date 0 0 ,First,#,S_CA_Fire_Perims_Merged_20071102_PM1_2nd,Date_,-1,-1;Time Time true false false 10 Text 0 0 ,First,#,S_CA_Fire_Perims_Merged_20071102_PM1_2nd,Time,-1,-1;Status Status true false false 25 Text 0 0 ,First,#,S_CA_Fire_Perims_Merged_20071102_PM1_2nd,Status,-1,-1;Agency Agency true false false 30 Text 0 0 ,First,#,S_CA_Fire_Perims_Merged_20071102_PM1_2nd,Agency,-1,-1,20071101_1826_Santiago_CA-ORC_Poly_FirePolygon_ta83,Agency,-1,-1;Source Source true false false 25 Text 0 0 ,First,#,S_CA_Fire_Perims_Merged_20071102_PM1_2nd,Source,-1,-1,20071101_1826_Santiago_CA-ORC_Poly_FirePolygon_ta83,Source,-1,-1;Area_ Area_ true false false 16 Double 4 15 ,First,#,S_CA_Fire_Perims_Merged_20071102_PM1_2nd,Area_,-1,-1;Unit_ID Unit_ID true false false 7 Text 0 0 ,First,#,20071101_1826_Santiago_CA-ORC_Poly_FirePolygon_ta83,Unit_ID,-1,-1;FireNumber FireNumber true false false 12 Text 0 0 ,First,#,20071101_1826_Santiago_CA-ORC_Poly_FirePolygon_ta83,FireNumber,-1,-1;FireName FireName true false false 40 Text 0 0 ,First,#,20071101_1826_Santiago_CA-ORC_Poly_FirePolygon_ta83,FireName,-1,-1;Label Label true false false 50 Text 0 0 ,First,#,20071101_1826_Santiago_CA-ORC_Poly_FirePolygon_ta83,Label,-1,-1;CaptDate CaptDate true true false 8 Date 0 0 ,First,#,20071101_1826_Santiago_CA-ORC_Poly_FirePolygon_ta83,CaptDate,-1,-1;CaptTime CaptTime true false false 6 Text 0 0 ,First,#,20071101_1826_Santiago_CA-ORC_Poly_FirePolygon_ta83,CaptTime,-1,-1;Contact Contact true false false 40 Text 0 0 ,First,#,20071101_1826_Santiago_CA-ORC_Poly_FirePolygon_ta83,Contact,-1,-1;Phone Phone true false false 17 Text 0 0 ,First,#,20071101_1826_Santiago_CA-ORC_Poly_FirePolygon_ta83,Phone,-1,-1;Email Email true false false 35 Text 0 0 ,First,#,20071101_1826_Santiago_CA-ORC_Poly_FirePolygon_ta83,Email,-1,-1;SourceID SourceID true false false 9 Long 0 9 ,First,#,20071101_1826_Santiago_CA-ORC_Poly_FirePolygon_ta83,SourceID,-1,-1;ImageType ImageType true false false 50 Text 0 0 ,First,#,20071101_1826_Santiago_CA-ORC_Poly_FirePolygon_ta83,ImageType,-1,-1;ImgTypeID ImgTypeID true false false 9 Long 0 9 ,First,#,20071101_1826_Santiago_CA-ORC_Poly_FirePolygon_ta83,ImgTypeID,-1,-1;MapScale MapScale true false false 20 Text 0 0 ,First,#,20071101_1826_Santiago_CA-ORC_Poly_FirePolygon_ta83,MapScale,-1,-1;MapScaleID MapScaleID true false false 9 Long 0 9 ,First,#,20071101_1826_Santiago_CA-ORC_Poly_FirePolygon_ta83,MapScaleID,-1,-1;Projection Projection true false false 50 Text 0 0 ,First,#,20071101_1826_Santiago_CA-ORC_Poly_FirePolygon_ta83,Projection,-1,-1;Units Units true false false 15 Text 0 0 ,First,#,20071101_1826_Santiago_CA-ORC_Poly_FirePolygon_ta83,Units,-1,-1;Datum Datum true false false 25 Text 0 0 ,First,#,20071101_1826_Santiago_CA-ORC_Poly_FirePolygon_ta83,Datum,-1,-1;GPSType GPSType true false false 30 Text 0 0 ,First,#,20071101_1826_Santiago_CA-ORC_Poly_FirePolygon_ta83,GPSType,-1,-1;GPSTypeID GPSTypeID true false false 9 Long 0 9 ,First,#,20071101_1826_Santiago_CA-ORC_Poly_FirePolygon_ta83,GPSTypeID,-1,-1;TravMeth TravMeth true false false 30 Text 0 0 ,First,#,20071101_1826_Santiago_CA-ORC_Poly_FirePolygon_ta83,TravMeth,-1,-1;TravMethID TravMethID true false false 9 Long 0 9 ,First,#,20071101_1826_Santiago_CA-ORC_Poly_FirePolygon_ta83,TravMethID,-1,-1;DiffCorr DiffCorr true false false 20 Text 0 0 ,First,#,20071101_1826_Santiago_CA-ORC_Poly_FirePolygon_ta83,DiffCorr,-1,-1;DiffCorrID DiffCorrID true false false 9 Long 0 9 ,First,#,20071101_1826_Santiago_CA-ORC_Poly_FirePolygon_ta83,DiffCorrID,-1,-1;Accuracy Accuracy true false false 19 Double 11 18 ,First,#,20071101_1826_Santiago_CA-ORC_Poly_FirePolygon_ta83,Accuracy,-1,-1;ZoneName ZoneName true false false 20 Text 0 0 ,First,#,20071101_1826_Santiago_CA-ORC_Poly_FirePolygon_ta83,ZoneName,-1,-1;Branch Branch true false false 20 Text 0 0 ,First,#,20071101_1826_Santiago_CA-ORC_Poly_FirePolygon_ta83,Branch,-1,-1;BranchID BranchID true false false 9 Long 0 9 ,First,#,20071101_1826_Santiago_CA-ORC_Poly_FirePolygon_ta83,BranchID,-1,-1;Division Division true false false 20 Text 0 0 ,First,#,20071101_1826_Santiago_CA-ORC_Poly_FirePolygon_ta83,Division,-1,-1;DivisionID DivisionID true false false 9 Long 0 9 ,First,#,20071101_1826_Santiago_CA-ORC_Poly_FirePolygon_ta83,DivisionID,-1,-1;Sector Sector true false false 20 Text 0 0 ,First,#,20071101_1826_Santiago_CA-ORC_Poly_FirePolygon_ta83,Sector,-1,-1;SectorID SectorID true false false 9 Long 0 9 ,First,#,20071101_1826_Santiago_CA-ORC_Poly_FirePolygon_ta83,SectorID,-1,-1;AutoAcres AutoAcres true false false 19 Double 11 18 ,First,#,20071101_1826_Santiago_CA-ORC_Poly_FirePolygon_ta83,AutoAcres,-1,-1;AutoHect AutoHect true false false 19 Double 11 18 ,First,#,20071101_1826_Santiago_CA-ORC_Poly_FirePolygon_ta83,AutoHect,-1,-1;AutoFeet AutoFeet true false false 19 Double 11 18 ,First,#,20071101_1826_Santiago_CA-ORC_Poly_FirePolygon_ta83,AutoFeet,-1,-1;AutoMeters AutoMeters true false false 19 Double 11 18 ,First,#,20071101_1826_Santiago_CA-ORC_Poly_FirePolygon_ta83,AutoMeters,-1,-1;UnitID UnitID true false false 7 Text 0 0 ,First,#,20071101_1826_Santiago_CA-ORC_Poly_FirePolygon_ta83,UnitID,-1,-1;FireClass FireClass true false false 20 Text 0 0 ,First,#,20071101_1826_Santiago_CA-ORC_Poly_FirePolygon_ta83,FireClass,-1,-1;FireClsID FireClsID true false false 9 Long 0 9 ,First,#,20071101_1826_Santiago_CA-ORC_Poly_FirePolygon_ta83,FireClsID,-1,-1;BurnCode BurnCode true false false 6 Text 0 0 ,First,#,20071101_1826_Santiago_CA-ORC_Poly_FirePolygon_ta83,BurnCode,-1,-1;BurnCodeID BurnCodeID true false false 9 Long 0 9 ,First,#,20071101_1826_Santiago_CA-ORC_Poly_FirePolygon_ta83,BurnCodeID,-1,-1;BurnClass BurnClass true false false 20 Text 0 0 ,First,#,20071101_1826_Santiago_CA-ORC_Poly_FirePolygon_ta83,BurnClass,-1,-1;BurnClasID BurnClasID true false false 9 Long 0 9 ,First,#,20071101_1826_Santiago_CA-ORC_Poly_FirePolygon_ta83,BurnClasID,-1,-1;Comments Comments true false false 254 Text 0 0 ,First,#,20071101_1826_Santiago_CA-ORC_Poly_FirePolygon_ta83,Comments,-1,-1"</Process><Process Name="Merge_2" ToolSource="C:\Program Files\ArcGIS\ArcToolbox\Toolboxes\Data Management Tools.tbx\Merge" Date="20071102" Time="164818">Merge S_CA_Fire_Perims_Merged_20071102_PM1_ta83;20071021_sedgewick_perimeter_ta83 D:\Temp\Fire_Perimeters_Temp\fire_perimeters_Nov_02_pm\S_CA_Fire_Perims_Merged_20071102_PM2_ta83.shp "Perimeter Perimeter true false false 19 Double 11 18 ,First,#,S_CA_Fire_Perims_Merged_20071102_PM1_ta83,Perimeter,-1,-1;Hectares Hectares true false false 19 Double 11 18 ,First,#,S_CA_Fire_Perims_Merged_20071102_PM1_ta83,Hectares,-1,-1;Acreage Acreage true false false 19 Double 2 18 ,First,#,S_CA_Fire_Perims_Merged_20071102_PM1_ta83,Acreage,-1,-1;Fire_name Fire_name true false false 30 Text 0 0 ,First,#,S_CA_Fire_Perims_Merged_20071102_PM1_ta83,Fire_name,-1,-1,20071021_sedgewick_perimeter_ta83,Fire_Name,-1,-1;Date_ Date_ true true false 8 Date 0 0 ,First,#,S_CA_Fire_Perims_Merged_20071102_PM1_ta83,Date_,-1,-1;Time Time true false false 10 Text 0 0 ,First,#,S_CA_Fire_Perims_Merged_20071102_PM1_ta83,Time,-1,-1;Status Status true false false 25 Text 0 0 ,First,#,S_CA_Fire_Perims_Merged_20071102_PM1_ta83,Status,-1,-1;Agency Agency true false false 30 Text 0 0 ,First,#,S_CA_Fire_Perims_Merged_20071102_PM1_ta83,Agency,-1,-1;Source Source true false false 25 Text 0 0 ,First,#,S_CA_Fire_Perims_Merged_20071102_PM1_ta83,Source,-1,-1;Area_ Area_ true false false 19 Double 4 18 ,First,#,S_CA_Fire_Perims_Merged_20071102_PM1_ta83,Area_,-1,-1;Id Id true false false 6 Long 0 6 ,First,#,20071021_sedgewick_perimeter_ta83,Id,-1,-1"</Process><Process Name="Project_1" ToolSource="C:\Program Files\ArcGIS\ArcToolbox\Toolboxes\Data Management Tools.tbx\Project" Date="20080228" Time="155230">Project S_CA_Fire_Perims_Merged_20071103_AM2_ta83 C:\GIS\Data\2007Fires\S_CA_Fire_Perims_Merged_20071103.shp PROJCS['NAD_1983_StatePlane_California_VI_FIPS_0406_Feet',GEOGCS['GCS_North_American_1983',DATUM['D_North_American_1983',SPHEROID['GRS_1980',6378137.0,298.257222101]],PRIMEM['Greenwich',0.0],UNIT['Degree',0.0174532925199433]],PROJECTION['Lambert_Conformal_Conic'],PARAMETER['False_Easting',6561666.666666666],PARAMETER['False_Northing',1640416.666666667],PARAMETER['Central_Meridian',-116.25],PARAMETER['Standard_Parallel_1',32.78333333333333],PARAMETER['Standard_Parallel_2',33.88333333333333],PARAMETER['Latitude_Of_Origin',32.16666666666666],UNIT['Foot_US',0.3048006096012192]] # PROJCS['NAD_1983_California_Teale_Albers',GEOGCS['GCS_North_American_1983',DATUM['D_North_American_1983',SPHEROID['GRS_1980',6378137.0,298.257222101]],PRIMEM['Greenwich',0.0],UNIT['Degree',0.0174532925199433]],PROJECTION['Albers'],PARAMETER['False_Easting',0.0],PARAMETER['False_Northing',-4000000.0],PARAMETER['Central_Meridian',-120.0],PARAMETER['Standard_Parallel_1',34.0],PARAMETER['Standard_Parallel_2',40.5],PARAMETER['Latitude_Of_Origin',0.0],UNIT['Meter',1.0]]</Process><Process Name="Clip_1" ToolSource="C:\Program Files\ArcGIS\ArcToolbox\Toolboxes\Analysis Tools.tbx\Clip" Date="20080304" Time="093112">Clip San_Diego_Fire_Perims_Merged_20071103 jur_cnty C:\GIS\Data\2007Fires\2007_San_Diego_Fire_Perims_Clip.shp #</Process></lineage></DataProperties><SyncDate>20080304</SyncDate><SyncTime>14465300</SyncTime><ModDate>20080304</ModDate><ModTime>14465300</ModTime><MetaID>{F534FA07-AB30-401A-A2B7-64703A9D47ED}</MetaID></Esri><idinfo><citation><citeinfo><onlink Sync="TRUE">\\BLACK\C$\SDEUpdates\Firestorm_Perimeter_11_2007\3rd\FIRESTORM_2007_FIRE_PERIMETERS.shp</onlink><origin>USGS compiled layers from CalFIRE perimeter mapping</origin><pubdate>11 03 2007</pubdate><title Sync="TRUE">FIRESTORM_2007_FIRE_PERIMETERS</title><ftname Sync="TRUE">FIRESTORM_2007_FIRE_PERIMETERS</ftname><geoform Sync="TRUE">vector digital data</geoform></citeinfo></citation><native Sync="TRUE">Microsoft Windows 2000 Version 5.0 (Build 2195) Service Pack 3; ESRI ArcCatalog 9.2.2.1350</native><descript><langdata Sync="TRUE">en</langdata><abstract>San Diego County fire perimeters from the 2007 firestorm.</abstract><purpose>This data set was created to provide general perimeters/locations of the southern California 2007 wildfires within San Diego County.</purpose></descript><timeperd><current>Novemer 2007</current><timeinfo><sngdate><caldate>2007</caldate></sngdate></timeinfo></timeperd><status><progress>Complete</progress><update>None planned</update></status><spdom><bounding><westbc Sync="TRUE">-117.555893</westbc><eastbc Sync="TRUE">-116.566795</eastbc><northbc Sync="TRUE">33.430798</northbc><southbc Sync="TRUE">32.556184</southbc></bounding><lboundng><leftbc Sync="TRUE">6163229.885326</leftbc><rightbc Sync="TRUE">6464055.335079</rightbc><bottombc Sync="TRUE">1784616.422528</bottombc><topbc Sync="TRUE">2100525.190414</topbc></lboundng></spdom><keywords><theme><themekey>fire</themekey><themekey>Ammo</themekey><themekey>Harris</themekey><themekey>Horno</themekey><themekey>Poomacha</themekey><themekey>Rice</themekey><themekey>Witch</themekey><themekey>perimeter</themekey></theme><place><placekey>San Diego County</placekey></place><temporal><tempkey>2007</tempkey></temporal></keywords><accconst>NONE</accconst><useconst>These are general perimeters.</useconst><natvform Sync="TRUE">Shapefile</natvform><ptcontac><cntinfo><cntorgp><cntorg>County of San Diego Office of Emergency Services</cntorg></cntorgp><cntvoice>858-565-3490</cntvoice><cntaddr><addrtype>mailing and physical address</addrtype><address>5555 Overland Ave</address><city>San Diego </city><state>CA</state><postal>92123</postal><country>USA</country></cntaddr></cntinfo></ptcontac></idinfo><distInfo><distributor><distorTran><onLineSrc><linkage Sync="TRUE">file://\\BLACK\C$\SDEUpdates\Firestorm_Perimeter_11_2007\3rd\FIRESTORM_2007_FIRE_PERIMETERS.shp</linkage><protocol Sync="TRUE">Local Area Network</protocol><orDesc Sync="TRUE">002</orDesc></onLineSrc><transSize Sync="TRUE">0.141</transSize></distorTran><distorFormat><formatName Sync="TRUE">Shapefile</formatName></distorFormat></distributor></distInfo><dataqual><lineage><procstep><procdesc Sync="TRUE">Dataset copied.</procdesc><date Sync="TRUE">20071025</date><time Sync="TRUE">16345800</time></procstep><procstep><procdesc Sync="TRUE">Dataset copied.</procdesc><srcused Sync="TRUE"></srcused><date Sync="TRUE">20071026</date><time Sync="TRUE">19110700</time></procstep><procstep><procdesc Sync="TRUE">Dataset copied.</procdesc><srcused Sync="TRUE"></srcused><date Sync="TRUE">20071027</date><time Sync="TRUE">14063800</time></procstep><procstep><procdesc Sync="TRUE">Dataset moved.</procdesc><srcused Sync="TRUE">E:\2007_incidents\2007_poomacha\incident_data\20071025\20071027_1000_per_pol_tn27</srcused><date Sync="TRUE">20071027</date><time Sync="TRUE">14084200</time></procstep><procstep><procdesc Sync="TRUE">Dataset copied.</procdesc><srcused Sync="TRUE"></srcused><date Sync="TRUE">20071027</date><time Sync="TRUE">20075400</time></procstep><procstep><procdesc Sync="TRUE">Dataset copied.</procdesc><srcused Sync="TRUE"></srcused><date Sync="TRUE">20071028</date><time Sync="TRUE">19032100</time></procstep><procstep><procdesc Sync="TRUE">Dataset copied.</procdesc><srcused Sync="TRUE"></srcused><date Sync="TRUE">20071030</date><time Sync="TRUE">13360900</time></procstep><procstep><procdesc Sync="TRUE">Dataset copied.</procdesc><srcused Sync="TRUE"></srcused><date Sync="TRUE">20071031</date><time Sync="TRUE">16370800</time></procstep><procstep><procdesc Sync="TRUE">Dataset copied.</procdesc><srcused Sync="TRUE"></srcused><date Sync="TRUE">20071101</date><time Sync="TRUE">19354000</time></procstep><procstep><procdesc Sync="TRUE">Dataset copied.</procdesc><srcused Sync="TRUE"></srcused><date Sync="TRUE">20071102</date><time Sync="TRUE">07574000</time></procstep><procstep><procdesc Sync="TRUE">Dataset copied.</procdesc><srcused Sync="TRUE"></srcused><date Sync="TRUE">20071102</date><time Sync="TRUE">13252300</time></procstep><procstep><procdesc Sync="TRUE">Dataset copied.</procdesc><srcused Sync="TRUE"></srcused><date Sync="TRUE">20071102</date><time Sync="TRUE">13541900</time></procstep><procstep><procdesc Sync="TRUE">Dataset copied.</procdesc><srcused Sync="TRUE"></srcused><date Sync="TRUE">20071103</date><time Sync="TRUE">11005700</time></procstep><procstep><procdesc Sync="TRUE">Dataset copied.</procdesc><srcused Sync="TRUE"></srcused><date Sync="TRUE">20080228</date><time Sync="TRUE">15523000</time></procstep><procstep><procdesc Sync="TRUE">Dataset copied.</procdesc><srcused Sync="TRUE">C:\GIS\Data\2007Fires\S_CA_Fire_Perims_Merged_20071103</srcused><date Sync="TRUE">20080304</date><time Sync="TRUE">09053300</time></procstep><procstep><procdesc Sync="TRUE">Dataset copied.</procdesc><srcused Sync="TRUE"></srcused><date Sync="TRUE">20080304</date><time Sync="TRUE">10491600</time></procstep></lineage><logic>These are approximate fire perimeters</logic></dataqual><dataIdInfo><envirDesc Sync="TRUE">Microsoft Windows 2000 Version 5.0 (Build 2195) Service Pack 3; ESRI ArcCatalog 9.2.2.1350</envirDesc><dataLang><languageCode Sync="TRUE" value="en"></languageCode></dataLang><idCitation><resTitle Sync="TRUE">FIRESTORM_2007_FIRE_PERIMETERS</resTitle><presForm><PresFormCd Sync="TRUE" value="005"></PresFormCd></presForm></idCitation><spatRpType><SpatRepTypCd Sync="TRUE" value="001"></SpatRepTypCd></spatRpType><dataExt><geoEle><GeoBndBox esriExtentType="native"><westBL Sync="TRUE">6163229.885326</westBL><eastBL Sync="TRUE">6464055.335079</eastBL><northBL Sync="TRUE">2100525.190414</northBL><southBL Sync="TRUE">1784616.422528</southBL><exTypeCode Sync="TRUE">1</exTypeCode></GeoBndBox></geoEle></dataExt><geoBox esriExtentType="decdegrees"><westBL Sync="TRUE">-117.555893</westBL><eastBL Sync="TRUE">-116.566795</eastBL><northBL Sync="TRUE">33.430798</northBL><southBL Sync="TRUE">32.556184</southBL><exTypeCode Sync="TRUE">1</exTypeCode></geoBox></dataIdInfo><metainfo><langmeta Sync="TRUE">en</langmeta><metstdn Sync="TRUE">FGDC Content Standards for Digital Geospatial Metadata</metstdn><metstdv Sync="TRUE">FGDC-STD-001-1998</metstdv><mettc Sync="TRUE">local time</mettc><metc><cntinfo><cntorgp><cntorg>Office of Emergency Services</cntorg></cntorgp><cntaddr><addrtype>mailing and physical address</addrtype><city>San Diego</city><state>CA</state><postal>92123</postal><address>5555 Overland Ave</address><country>USA</country></cntaddr><cntvoice>858-565-3490</cntvoice></cntinfo></metc><metd Sync="TRUE">20080304</metd><metextns><onlink Sync="TRUE">http://www.esri.com/metadata/esriprof80.html</onlink><metprof Sync="TRUE">ESRI Metadata Profile</metprof></metextns></metainfo><mdLang><languageCode Sync="TRUE" value="en"></languageCode></mdLang><mdStanName Sync="TRUE">ISO 19115 Geographic Information - Metadata</mdStanName><mdStanVer Sync="TRUE">DIS_ESRI1.0</mdStanVer><mdChar><CharSetCd Sync="TRUE" value="004"></CharSetCd></mdChar><mdHrLv><ScopeCd Sync="TRUE" value="005"></ScopeCd></mdHrLv><mdHrLvName Sync="TRUE">dataset</mdHrLvName><distinfo><resdesc Sync="TRUE">Downloadable Data</resdesc><stdorder><digform><digtinfo><transize Sync="TRUE">0.141</transize><dssize Sync="TRUE">0.141</dssize></digtinfo></digform></stdorder></distinfo><spdoinfo><direct Sync="TRUE">Vector</direct><ptvctinf><esriterm Name="FIRESTORM_2007_FIRE_PERIMETERS"><efeatyp Sync="TRUE">Simple</efeatyp><efeageom Sync="TRUE">Polygon</efeageom><esritopo Sync="TRUE">FALSE</esritopo><efeacnt Sync="TRUE">6</efeacnt><spindex Sync="TRUE">TRUE</spindex><linrefer Sync="TRUE">FALSE</linrefer></esriterm><sdtsterm Name="FIRESTORM_2007_FIRE_PERIMETERS"><sdtstype Sync="TRUE">G-polygon</sdtstype><ptvctcnt Sync="TRUE">6</ptvctcnt></sdtsterm></ptvctinf></spdoinfo><spref><horizsys><cordsysn><geogcsn Sync="TRUE">GCS_North_American_1983</geogcsn><projcsn Sync="TRUE">NAD_1983_StatePlane_California_VI_FIPS_0406_Feet</projcsn></cordsysn><planar><planci><plance Sync="TRUE">coordinate pair</plance><plandu Sync="TRUE">survey feet</plandu><coordrep><absres Sync="TRUE">0.000000</absres><ordres Sync="TRUE">0.000000</ordres></coordrep></planci><mapproj><mapprojn Sync="TRUE">Lambert Conformal Conic</mapprojn><lambertc><stdparll Sync="TRUE">32.783333</stdparll><stdparll Sync="TRUE">33.883333</stdparll><longcm Sync="TRUE">-116.250000</longcm><latprjo Sync="TRUE">32.166667</latprjo><feast Sync="TRUE">6561666.666667</feast><fnorth Sync="TRUE">1640416.666667</fnorth></lambertc></mapproj></planar><geodetic><horizdn Sync="TRUE">North American Datum of 1983</horizdn><ellips Sync="TRUE">Geodetic Reference System 80</ellips><semiaxis Sync="TRUE">6378137.000000</semiaxis><denflat Sync="TRUE">298.257222</denflat></geodetic></horizsys></spref><refSysInfo><RefSystem><refSysID><identCode Sync="TRUE">NAD_1983_StatePlane_California_VI_FIPS_0406_Feet</identCode></refSysID></RefSystem></refSysInfo><spatRepInfo><VectSpatRep><topLvl><TopoLevCd Sync="TRUE" value="001"></TopoLevCd></topLvl><geometObjs Name="FIRESTORM_2007_FIRE_PERIMETERS"><geoObjTyp><GeoObjTypCd Sync="TRUE" value="001"></GeoObjTypCd></geoObjTyp><geoObjCnt Sync="TRUE">6</geoObjCnt></geometObjs></VectSpatRep></spatRepInfo><eainfo><detailed Name="FIRESTORM_2007_FIRE_PERIMETERS"><enttyp><enttypl Sync="TRUE">FIRESTORM_2007_FIRE_PERIMETERS</enttypl><enttypt Sync="TRUE">Feature Class</enttypt><enttypc Sync="TRUE">6</enttypc><enttypd>Fire perimeters from 2007 firestorm in San Diego County</enttypd></enttyp><attr><attrlabl Sync="TRUE">PERIMETER</attrlabl><attalias Sync="TRUE">PERIMETER</attalias><attrtype Sync="TRUE">Number</attrtype><attwidth Sync="TRUE">19</attwidth><atnumdec Sync="TRUE">11</atnumdec><attrdef>Length of perimter in feet</attrdef></attr><attr><attrlabl Sync="TRUE">FIRE_NAME</attrlabl><attalias Sync="TRUE">FIRE_NAME</attalias><attrtype Sync="TRUE">String</attrtype><attwidth Sync="TRUE">30</attwidth><attrdef>Name of Fire</attrdef></attr><attr><attrlabl Sync="TRUE">DATE_</attrlabl><attalias Sync="TRUE">DATE_</attalias><attrtype Sync="TRUE">Number</attrtype><attwidth Sync="TRUE">19</attwidth><attrdef>Date when final perimeter of the fire was determined</attrdef><atnumdec Sync="TRUE">11</atnumdec></attr><attr><attrlabl Sync="TRUE">AGENCY</attrlabl><attalias Sync="TRUE">AGENCY</attalias><attrtype Sync="TRUE">String</attrtype><attwidth Sync="TRUE">30</attwidth><attrdef>Fire agency</attrdef></attr><attr><attrlabl Sync="TRUE">SOURCE</attrlabl><attalias Sync="TRUE">SOURCE</attalias><attrtype Sync="TRUE">Date</attrtype><attwidth Sync="TRUE">8</attwidth><attrdef>Source of fire perimeter</attrdef></attr><attr><attrlabl Sync="TRUE">FID</attrlabl><attalias Sync="TRUE">FID</attalias><attrtype Sync="TRUE">String</attrtype><attwidth Sync="TRUE">30</attwidth><attrdef Sync="TRUE">Internal feature number.</attrdef><attrdefs Sync="TRUE">ESRI</attrdefs><attrdomv><udom Sync="TRUE">Sequential unique whole numbers that are automatically generated.</udom></attrdomv></attr><attr><attrlabl Sync="TRUE">Shape</attrlabl><attalias Sync="TRUE">Shape</attalias><attrtype Sync="TRUE">String</attrtype><attwidth Sync="TRUE">25</attwidth><attrdef Sync="TRUE">Feature geometry.</attrdef><attrdefs Sync="TRUE">ESRI</attrdefs><attrdomv><udom Sync="TRUE">Coordinates defining the features.</udom></attrdomv></attr><attr><attrlabl Sync="TRUE">ACRE</attrlabl><attalias Sync="TRUE">ACRE</attalias><attrtype Sync="TRUE">Number</attrtype><attwidth Sync="TRUE">19</attwidth><attrdef>Calculated acreage of perimeter</attrdef><atnumdec Sync="TRUE">3</atnumdec></attr></detailed></eainfo><mdDateSt Sync="TRUE">20080304</mdDateSt></metadata>
