<?xml version="1.0"?>
<!--<!DOCTYPE metadata SYSTEM "http://www.esri.com/metadata/esriprof80.dtd">-->
<metadata xml:lang="en"><Esri><CreaDate>20071102</CreaDate><CreaTime>13123100</CreaTime><SyncOnce>FALSE</SyncOnce><RematchLocator>ROADS_ALL<Category Locator="Review">Address</Category><Description Locator="Review">US Streets with Zone</Description><BuildVersion Locator="Review">$Revision: 1.25 $, $Date: 2004/01/16 01:14:47 $</BuildVersion><CLSID Locator="Review">{04FCADCF-ED3B-11D2-9F48-00C04F8ED1C4}</CLSID><ConfigKeyword Locator="Review">WEEKLY</ConfigKeyword><DBEnv.CLSID Locator="Review">{78E9FDDC-001A-11d4-AB58-00C04FA379E3}</DBEnv.CLSID><DBEnv.Library Locator="Review">mtchloc</DBEnv.Library><EndOffset Locator="Review">3</EndOffset><Fallback Locator="Review">FALSE</Fallback><FieldAliases Locator="Review">Street or Intersection</FieldAliases><FieldAliases Locator="Review">Zone</FieldAliases><FieldNames.0 Locator="Review">Address</FieldNames.0><FieldNames.0 Locator="Review">Addr</FieldNames.0><FieldNames.0 Locator="Review">Street</FieldNames.0><FieldNames.1 Locator="Review">Zip</FieldNames.1><FieldNames.1 Locator="Review">Zipcode</FieldNames.1><FieldNames.1 Locator="Review">City</FieldNames.1><FieldNames.1 Locator="Review">Zone</FieldNames.1><Fields Locator="Review">Street</Fields><Fields Locator="Review">Zone</Fields><FieldSizes Locator="Review">60</FieldSizes><FieldSizes Locator="Review">20</FieldSizes><FieldsRequired Locator="Review">TRUE</FieldsRequired><FieldsRequired Locator="Review">FALSE</FieldsRequired><FileMAT Locator="Review">us_addr1.mat</FileMAT><FileSTN Locator="Review">us_addr.stn</FileSTN><Interpolate Locator="Review">TRUE</Interpolate><IntersectionConnectors Locator="Review">&amp; | @</IntersectionConnectors><IntFileMAT Locator="Review">us_intsc1.mat</IntFileMAT><IntFileSTN Locator="Review">us_intsc.stn</IntFileSTN><Locator.CLSID Locator="Review">{D9052385-AB46-11d2-AADA-00C04FA379E3}</Locator.CLSID><Locator.FactoryCLSID Locator="Review">{68F5E953-06FF-11d3-AAFD-00C04FA379E3}</Locator.FactoryCLSID><Locator.FactoryLibrary Locator="Review">mtchloc</Locator.FactoryLibrary><Locator.Library Locator="Review">mtchloc</Locator.Library><MatchIfScoresTie Locator="Review">True</MatchIfScoresTie><MinimumCandidateScore Locator="Review">10</MinimumCandidateScore><MinimumMatchScore Locator="Review">60</MinimumMatchScore><MKeyAlias.D1 Locator="Review">SufDir1</MKeyAlias.D1><MKeyAlias.D2 Locator="Review">SufDir2</MKeyAlias.D2><MKeyAlias.E1 Locator="Review">PreType1</MKeyAlias.E1><MKeyAlias.E2 Locator="Review">PreType2</MKeyAlias.E2><MKeyAlias.HN Locator="Review">HouseNum</MKeyAlias.HN><MKeyAlias.P1 Locator="Review">PreDir1</MKeyAlias.P1><MKeyAlias.P2 Locator="Review">PreDir2</MKeyAlias.P2><MKeyAlias.PD Locator="Review">PreDir</MKeyAlias.PD><MKeyAlias.PT Locator="Review">PreType</MKeyAlias.PT><MKeyAlias.S1 Locator="Review">StreetName1</MKeyAlias.S1><MKeyAlias.S2 Locator="Review">StreetName2</MKeyAlias.S2><MKeyAlias.SD Locator="Review">SufDir</MKeyAlias.SD><MKeyAlias.SN Locator="Review">StreetName</MKeyAlias.SN><MKeyAlias.ST Locator="Review">SufType</MKeyAlias.ST><MKeyAlias.T1 Locator="Review">SufType1</MKeyAlias.T1><MKeyAlias.T2 Locator="Review">SufType2</MKeyAlias.T2><MKeyAlias.ZN Locator="Review">Zone</MKeyAlias.ZN><MKeyField Locator="Review">XX</MKeyField><MKeyField Locator="Review">ZN</MKeyField><Query.CLSID Locator="Review">{1845B140-FC3B-11d2-AAFA-00C04FA379E3}</Query.CLSID><Query.Library Locator="Review">mtchloc</Query.Library><RD.Func Locator="Review">SDEX,mtchloc,SX,""</RD.Func><RD.Func Locator="Review">ZNSX,mtchloc,ZoneSX,""</RD.Func><RD.Func Locator="Review">SpellSens,mtchloc,SpellSens,""</RD.Func><RD.IdxTable Locator="Review">IdxTable1,"IndexTable for Primary table"</RD.IdxTable><RD.IdxTable1.IdxColumn Locator="Review">XID,"Soundex foreign key column",Y,$Table1.ID</RD.IdxTable1.IdxColumn><RD.IdxTable1.IdxColumn Locator="Review">SX,"Soundex code column",Y,@SDEX($Table1.StreetName)</RD.IdxTable1.IdxColumn><RD.IdxTable1.IdxColumn Locator="Review">ZoneL,"Left zone column",Y,@ZNSX($Table1.LeftZone)</RD.IdxTable1.IdxColumn><RD.IdxTable1.IdxColumn Locator="Review">ZoneR,"Right zone column",Y,@ZNSX($Table1.RightZone)</RD.IdxTable1.IdxColumn><RD.IdxTable1.Prefix Locator="Review">GC_SZS</RD.IdxTable1.Prefix><RD.ILQuery.ConditionalWhere Locator="Review">ZN, " AND ($IdxTable1.ZoneL = '@ZNSX(%ZN%)' OR $IdxTable1.ZoneR = '@ZNSX(%ZN%)')"</RD.ILQuery.ConditionalWhere><RD.ILQuery.Filter Locator="Review">@SpellSens(%S1%, $Table1.StreetName)</RD.ILQuery.Filter><RD.ILQuery.InvariantWhere Locator="Review">: AND $Table1.ID = $IdxTable1.XID:</RD.ILQuery.InvariantWhere><RD.ILQuery.MF Locator="Review">PreDir1,Table1.PreDir</RD.ILQuery.MF><RD.ILQuery.MF Locator="Review">PreType1,Table1.PreType</RD.ILQuery.MF><RD.ILQuery.MF Locator="Review">StreetName1,Table1.StreetName</RD.ILQuery.MF><RD.ILQuery.MF Locator="Review">Type1,Table1.StreetType</RD.ILQuery.MF><RD.ILQuery.MF Locator="Review">SufDir1,Table1.SufDir</RD.ILQuery.MF><RD.ILQuery.MF Locator="Review">LeftZone1,Table1.LeftZone</RD.ILQuery.MF><RD.ILQuery.MF Locator="Review">RightZone1,Table1.RightZone</RD.ILQuery.MF><RD.ILQuery.MF Locator="Review">Shape,Table1.Shape</RD.ILQuery.MF><RD.ILQuery.MF Locator="Review">ID,Table1.ID</RD.ILQuery.MF><RD.ILQuery.Where Locator="Review">$IdxTable1.Sx = '@SDEX(%S1%)'</RD.ILQuery.Where><RD.IRQuery.ConditionalWhere Locator="Review">ZN, " AND ($IdxTable1.ZoneL = '@ZNSX(%ZN%)' OR $IdxTable1.ZoneR = '@ZNSX(%ZN%)')"</RD.IRQuery.ConditionalWhere><RD.IRQuery.Filter Locator="Review">@SpellSens(%S2%, $Table1.StreetName)</RD.IRQuery.Filter><RD.IRQuery.InvariantWhere Locator="Review">: AND $Table1.ID = $IdxTable1.XID:</RD.IRQuery.InvariantWhere><RD.IRQuery.MF Locator="Review">PreDir2,Table1.PreDir</RD.IRQuery.MF><RD.IRQuery.MF Locator="Review">PreType2,Table1.PreType</RD.IRQuery.MF><RD.IRQuery.MF Locator="Review">StreetName2,Table1.StreetName</RD.IRQuery.MF><RD.IRQuery.MF Locator="Review">Type2,Table1.StreetType</RD.IRQuery.MF><RD.IRQuery.MF Locator="Review">SufDir2,Table1.SufDir</RD.IRQuery.MF><RD.IRQuery.MF Locator="Review">LeftZone2,Table1.LeftZone</RD.IRQuery.MF><RD.IRQuery.MF Locator="Review">RightZone2,Table1.RightZone</RD.IRQuery.MF><RD.IRQuery.MF Locator="Review">Shape,Table1.Shape</RD.IRQuery.MF><RD.IRQuery.MF Locator="Review">ID,Table1.ID</RD.IRQuery.MF><RD.IRQuery.Where Locator="Review">$IdxTable1.Sx = '@SDEX(%S2%)'</RD.IRQuery.Where><RD.LeftIntsecQuery Locator="Review">ILQuery,"Left Intersection Query"</RD.LeftIntsecQuery><RD.Query Locator="Review">Query1,"Main query"</RD.Query><RD.Query1.ConditionalWhere Locator="Review">ZN, " AND ($IdxTable1.ZoneL = '@ZNSX(%ZN%)' OR $IdxTable1.ZoneR = '@ZNSX(%ZN%)')"</RD.Query1.ConditionalWhere><RD.Query1.FallbackWhere Locator="Review">SN, $IdxTable1.SX = '@SDEX(%SN%)'</RD.Query1.FallbackWhere><RD.Query1.Filter Locator="Review">@SpellSens(%SN%, $Table1.StreetName)</RD.Query1.Filter><RD.Query1.InvariantWhere Locator="Review">: AND $Table1.ID = $IdxTable1.XID:</RD.Query1.InvariantWhere><RD.Query1.MF Locator="Review">LeftFrom,Table1.LeftFrom</RD.Query1.MF><RD.Query1.MF Locator="Review">LeftTo,Table1.LeftTo</RD.Query1.MF><RD.Query1.MF Locator="Review">RightFrom,Table1.RightFrom</RD.Query1.MF><RD.Query1.MF Locator="Review">RightTo,Table1.RightTo</RD.Query1.MF><RD.Query1.MF Locator="Review">PreDir,Table1.PreDir</RD.Query1.MF><RD.Query1.MF Locator="Review">PreType,Table1.PreType</RD.Query1.MF><RD.Query1.MF Locator="Review">StreetName,Table1.StreetName</RD.Query1.MF><RD.Query1.MF Locator="Review">StreetType,Table1.StreetType</RD.Query1.MF><RD.Query1.MF Locator="Review">SufDir,Table1.SufDir</RD.Query1.MF><RD.Query1.MF Locator="Review">LeftZone,Table1.LeftZone</RD.Query1.MF><RD.Query1.MF Locator="Review">RightZone,Table1.RightZone</RD.Query1.MF><RD.Query1.MF Locator="Review">Shape,Table1.Shape</RD.Query1.MF><RD.Query1.MF Locator="Review">ID,Table1.ID</RD.Query1.MF><RD.Query1.Where Locator="Review">$IdxTable1.SX = '@SDEX(%SN%)'</RD.Query1.Where><RD.RightIntsecQuery Locator="Review">IRQuery,"Right Intersection Query"</RD.RightIntsecQuery><RD.Table Locator="Review">Table1,"Primary table"</RD.Table><RD.Table1.Column Locator="Review">LeftFrom,"House From Left",N,TRUE</RD.Table1.Column><RD.Table1.Column Locator="Review">LeftTo,"House To Left",N,TRUE</RD.Table1.Column><RD.Table1.Column Locator="Review">RightFrom,"House From Right",N,TRUE</RD.Table1.Column><RD.Table1.Column Locator="Review">RightTo,"House To Right",N,TRUE</RD.Table1.Column><RD.Table1.Column Locator="Review">PreDir,"Prefix Direction",N,FALSE</RD.Table1.Column><RD.Table1.Column Locator="Review">PreType,"Prefix Type",N,FALSE</RD.Table1.Column><RD.Table1.Column Locator="Review">StreetName,"Street Name",N,TRUE</RD.Table1.Column><RD.Table1.Column Locator="Review">StreetType,"Street Type",N,FALSE</RD.Table1.Column><RD.Table1.Column Locator="Review">SufDir,"Suffix Direction",N,FALSE</RD.Table1.Column><RD.Table1.Column Locator="Review">LeftZone,"Left Zone",N,TRUE</RD.Table1.Column><RD.Table1.Column Locator="Review">RightZone,"Right Zone",N,TRUE</RD.Table1.Column><RD.Table1.Column Locator="Review">ID,"Record ID for the Primary table",N,TRUE</RD.Table1.Column><RD.Table1.Column Locator="Review">Shape,"Shape column",N,TRUE</RD.Table1.Column><RD.Table1.Filter Locator="Review">esriCatalog.GxFilterSDEFeatureClasses</RD.Table1.Filter><RD.Val.IdxTable1 Locator="Review">SANGIS.GC_SZS771</RD.Val.IdxTable1><RD.Val.IdxTable1.SX Locator="Review">SX</RD.Val.IdxTable1.SX><RD.Val.IdxTable1.XID Locator="Review">XID</RD.Val.IdxTable1.XID><RD.Val.IdxTable1.ZoneL Locator="Review">LZONE</RD.Val.IdxTable1.ZoneL><RD.Val.IdxTable1.ZoneR Locator="Review">RZONE</RD.Val.IdxTable1.ZoneR><RD.Val.Table1 Locator="Review">SANGIS.ROADS_ALL</RD.Val.Table1><RD.Val.Table1.ID Locator="Review">OBJECTID</RD.Val.Table1.ID><RD.Val.Table1.LeftFrom Locator="Review">LLOWADDR</RD.Val.Table1.LeftFrom><RD.Val.Table1.LeftTo Locator="Review">LHIGHADDR</RD.Val.Table1.LeftTo><RD.Val.Table1.LeftZone Locator="Review">L_ZIP</RD.Val.Table1.LeftZone><RD.Val.Table1.PreDir Locator="Review">::</RD.Val.Table1.PreDir><RD.Val.Table1.PreType Locator="Review">RD20PRED</RD.Val.Table1.PreType><RD.Val.Table1.RightFrom Locator="Review">RLOWADDR</RD.Val.Table1.RightFrom><RD.Val.Table1.RightTo Locator="Review">RHIGHADDR</RD.Val.Table1.RightTo><RD.Val.Table1.RightZone Locator="Review">R_ZIP</RD.Val.Table1.RightZone><RD.Val.Table1.Shape Locator="Review">SHP_ID</RD.Val.Table1.Shape><RD.Val.Table1.StreetName Locator="Review">RD20NAME</RD.Val.Table1.StreetName><RD.Val.Table1.StreetType Locator="Review">RD20SFX</RD.Val.Table1.StreetType><RD.Val.Table1.SufDir Locator="Review">::</RD.Val.Table1.SufDir><SideOffset Locator="Review">0</SideOffset><SideOffsetUnits Locator="Review">ReferenceDataUnits</SideOffsetUnits><SpellingSensitivity Locator="Review">80</SpellingSensitivity><SupportIntersections Locator="Review">TRUE</SupportIntersections><UICLSID Locator="Review">{AE5A3A0E-F756-11D2-9F4F-00C04F8ED1C4}</UICLSID><Version Locator="Review">9.0</Version><WritePercentAlongField Locator="Review">False</WritePercentAlongField><WriteReferenceIDField Locator="Review">False</WriteReferenceIDField><WriteStandardizedAddressField Locator="Review">False</WriteStandardizedAddressField><WriteXYCoordFields Locator="Review">False</WriteXYCoordFields><LocatorWorkspaceString Locator="Review">ProgID = esriDataSourcesGDB.SdeWorkspaceFactory.1; Conn = (ENCRYPTED_PASSWORD=0002821ee4725429d27524c94af3973feb5300;SERVER=sangis;INSTANCE=5150;USER=aperry;VERSION=SDE.DEFAULT;AUTHENTICATION_MODE=DBMS)</LocatorWorkspaceString><SafeLocatorName Locator="Review">SANGIS.ROADS_ALL</SafeLocatorName><RD.WorkspaceString Locator="Review">ProgID = esriDataSourcesGDB.SdeWorkspaceFactory.1; Conn = (ENCRYPTED_PASSWORD=0002821ee4725429d27524c94af3973feb5300;SERVER=sangis;INSTANCE=5150;USER=aperry;VERSION=SDE.DEFAULT;AUTHENTICATION_MODE=DBMS)</RD.WorkspaceString><InTable Locator="Review">::</InTable><InKeyColumns Locator="Review">::</InKeyColumns><InColumns Locator="Review">ARC_Street</InColumns><InColumns Locator="Review">ARC_Zone</InColumns><OutTable Locator="Review">::</OutTable><OutKeyColumns Locator="Review">::</OutKeyColumns><OutColumns Locator="Review">Shape</OutColumns><OutColumns Locator="Review">Status</OutColumns><OutColumns Locator="Review">Score</OutColumns><OutColumns Locator="Review">Side</OutColumns></RematchLocator><SyncDate>20071102</SyncDate><SyncTime>11363400</SyncTime><ModDate>20071102</ModDate><ModTime>11363400</ModTime><MetaID>{97988E42-4CB1-4B66-89F5-107C2AD1FF5B}</MetaID></Esri><idinfo><native Sync="TRUE">Microsoft Windows XP Version 5.1 (Build 2600) Service Pack 2; ESRI ArcCatalog 9.2.2.1350</native><descript><langdata Sync="TRUE">en</langdata><abstract>The County and City of San Diego have opened Assistance Centers to help residents reclaim their lives after the devastating fires: a joint City-County center in Rancho Bernardo and three County centers in the communities of Fallbrook, Ramona, and Rancho San Diego.   

</abstract><purpose>This layer was created to enhance spatial reference through reference mapping, proximity analysis and/or routing to each center</purpose></descript><citation><citeinfo><origin>County of San Diego Health and Human Services Agency</origin><pubdate>10/26/07</pubdate><title Sync="TRUE">SANGIS.FIRESTORM_2007_ASSIST_CENTER</title><ftname Sync="TRUE">SANGIS.FIRESTORM_2007_ASSIST_CENTER</ftname><geoform Sync="TRUE">vector digital data</geoform><onlink Sync="TRUE"></onlink></citeinfo></citation><timeperd><current>publication date</current><timeinfo><sngdate><caldate>10/26/07</caldate></sngdate></timeinfo></timeperd><status><progress>Complete</progress><update>None planned</update></status><spdom><bounding><westbc Sync="TRUE">-117.235465</westbc><eastbc Sync="TRUE">-116.881209</eastbc><northbc Sync="TRUE">33.379762</northbc><southbc Sync="TRUE">32.744248</southbc></bounding><lboundng><leftbc Sync="TRUE">6260830.105957</leftbc><rightbc Sync="TRUE">6367583.749051</rightbc><bottombc Sync="TRUE">1851983.928003</bottombc><topbc Sync="TRUE">2082397.022997</topbc></lboundng></spdom><keywords><theme><themekt>County of San Diego - Emergency Recovery Term</themekt><themekey>Local Assistance Center</themekey><themekey>LAC</themekey></theme><place><placekey>San Diego</placekey></place></keywords><accconst>This data is publicly available and as such has no access restrictions pertaining to any department, division or individual. </accconst><useconst>The data provided are collected from various sources and will change over time without notice.  In using the data, users should be aware that some of these data are generalized and not parcel based, and were created for use in regional projects.  While the County of San Diego believes the data is accurate and properly functioning, the County of San Diego disclaims any responsibility for the accuracy or correctness of the data.  The data is provided on an "AS IS", "AS AVAILABLE" and "WITH ALL FAULTS" basis.  County of San Diego makes no warranties, express or implied, including but not limited to any warranties of merchantability or fitness for a particular purpose, nor shall the distribution of this information constitute any warranty. </useconst><natvform Sync="TRUE">SDE Feature Class</natvform><ptcontac><cntinfo><cntperp><cntper>Adrienne M Perry</cntper><cntorg>County of San Diego - Health and Human Services Agency</cntorg></cntperp><cntpos>GIS Coordinator</cntpos><cntvoice>619.515.4294</cntvoice><hours>M-F 8:30-5:30</hours><cntemail>adrienne.perry@sdcounty.ca.gov</cntemail></cntinfo></ptcontac><secinfo><secclass>Unclassified</secclass><sechandl>none</sechandl></secinfo></idinfo><dataIdInfo><envirDesc Sync="TRUE">Microsoft Windows XP Version 5.1 (Build 2600) Service Pack 2; ESRI ArcCatalog 9.2.2.1350</envirDesc><dataLang><languageCode Sync="TRUE" value="en"></languageCode></dataLang><idCitation><resTitle Sync="TRUE">SANGIS.FIRESTORM_2007_ASSIST_CENTER</resTitle><presForm><PresFormCd Sync="TRUE" value="005"></PresFormCd></presForm></idCitation><spatRpType><SpatRepTypCd Sync="TRUE" value="001"></SpatRepTypCd></spatRpType><dataExt><geoEle><GeoBndBox esriExtentType="native"><westBL Sync="TRUE">6260830.105957</westBL><eastBL Sync="TRUE">6367583.749051</eastBL><northBL Sync="TRUE">2082397.022997</northBL><southBL Sync="TRUE">1851983.928003</southBL><exTypeCode Sync="TRUE">1</exTypeCode></GeoBndBox></geoEle></dataExt><geoBox esriExtentType="decdegrees"><westBL Sync="TRUE">-117.235465</westBL><eastBL Sync="TRUE">-116.881209</eastBL><northBL Sync="TRUE">33.379762</northBL><southBL Sync="TRUE">32.744248</southBL><exTypeCode Sync="TRUE">1</exTypeCode></geoBox></dataIdInfo><metainfo><langmeta Sync="TRUE">en</langmeta><metstdn Sync="TRUE">FGDC Content Standards for Digital Geospatial Metadata</metstdn><metstdv Sync="TRUE">FGDC-STD-001-1998</metstdv><mettc Sync="TRUE">local time</mettc><metc><cntinfo><cntaddr><addrtype>REQUIRED: The mailing and/or physical address for the organization or individual.</addrtype><city>REQUIRED: The city of the address.</city><state>REQUIRED: The state or province of the address.</state><postal>REQUIRED: The ZIP or other postal code of the address.</postal></cntaddr><cntvoice>619.515.4294</cntvoice><cntperp><cntper>Adrienne M Perry</cntper><cntorg>County of San Diego - Health and Human Services Agency</cntorg></cntperp><cntpos>GIS Coord</cntpos></cntinfo></metc><metd Sync="TRUE">20071102</metd><metrd>none</metrd><metfrd>none</metfrd><metextns><onlink Sync="TRUE">http://www.esri.com/metadata/esriprof80.html</onlink><metprof Sync="TRUE">ESRI Metadata Profile</metprof></metextns></metainfo><mdLang><languageCode Sync="TRUE" value="en"></languageCode></mdLang><mdStanName Sync="TRUE">ISO 19115 Geographic Information - Metadata</mdStanName><mdStanVer Sync="TRUE">DIS_ESRI1.0</mdStanVer><mdChar><CharSetCd Sync="TRUE" value="004"></CharSetCd></mdChar><mdHrLv><ScopeCd Sync="TRUE" value="005"></ScopeCd></mdHrLv><mdHrLvName Sync="TRUE">dataset</mdHrLvName><distinfo><resdesc Sync="TRUE">Downloadable Data</resdesc><stdorder><digform><digtinfo><transize Sync="TRUE">0.000</transize><dssize Sync="TRUE">0.000</dssize></digtinfo></digform></stdorder><distrib><cntinfo><cntperp><cntper>Adrienne M Perry</cntper><cntorg>County of San Diego - Health and Human Services Agency</cntorg></cntperp><cntpos>GIS Coord</cntpos><cntvoice>619.515.4294</cntvoice></cntinfo></distrib><distliab>The data provided are collected from various sources and will change over time without notice.  In using the data, users should be aware that some of these data are generalized and not parcel based, and were created for use in regional projects.  While the County of San Diego believes the data is accurate and properly functioning, the County of San Diego disclaims any responsibility for the accuracy or correctness of the data.  The data is provided on an "AS IS", "AS AVAILABLE" and "WITH ALL FAULTS" basis.  County of San Diego makes no warranties, express or implied, including but not limited to any warranties of merchantability or fitness for a particular purpose, nor shall the distribution of this information constitute any warranty. 

In no event shall County of San Diego become liable to users of these data, or any other party, for any loss or damages, consequential or otherwise, including but not limited to time, money, or goodwill, arising from the use, operation or modification of the data. In using these data, you further agree to indemnify, defend, and hold harmless and release County of San Diego for any and all liability of any nature arising out of or resulting from the lack of accuracy or correctness of the data, or the use of the data.</distliab><techpreq>ability to view shp and/or dbf</techpreq></distinfo><distInfo><distributor><distorTran><onLineSrc><orDesc Sync="TRUE">002</orDesc><linkage Sync="TRUE">file://</linkage><protocol Sync="TRUE">Local Area Network</protocol></onLineSrc><transSize Sync="TRUE">0.000</transSize></distorTran><distorFormat><formatName Sync="TRUE">SDE Feature Class</formatName></distorFormat></distributor></distInfo><spdoinfo><direct Sync="TRUE">Vector</direct><ptvctinf><esriterm Name="SANGIS.FIRESTORM_2007_ASSIST_CENTER"><efeatyp Sync="TRUE">Simple</efeatyp><efeageom Sync="TRUE">Point</efeageom><esritopo Sync="TRUE">FALSE</esritopo><efeacnt Sync="TRUE">4</efeacnt><spindex Sync="TRUE">FALSE</spindex><linrefer Sync="TRUE">FALSE</linrefer></esriterm><sdtsterm Name="SANGIS.FIRESTORM_2007_ASSIST_CENTER"><sdtstype Sync="TRUE">Entity point</sdtstype><ptvctcnt Sync="TRUE">4</ptvctcnt></sdtsterm></ptvctinf></spdoinfo><spref><horizsys><cordsysn><geogcsn Sync="TRUE">GCS_North_American_1983</geogcsn><projcsn Sync="TRUE">NAD_1983_StatePlane_California_VI_FIPS_0406_Feet</projcsn></cordsysn><planar><planci><plance Sync="TRUE">coordinate pair</plance><plandu Sync="TRUE">survey feet</plandu><coordrep><absres Sync="TRUE">0.000113</absres><ordres Sync="TRUE">0.000113</ordres></coordrep></planci><mapproj><mapprojn Sync="TRUE">Lambert Conformal Conic</mapprojn><lambertc><stdparll Sync="TRUE">32.783333</stdparll><stdparll Sync="TRUE">33.883333</stdparll><longcm Sync="TRUE">-116.250000</longcm><latprjo Sync="TRUE">32.166667</latprjo><feast Sync="TRUE">6561666.666667</feast><fnorth Sync="TRUE">1640416.666667</fnorth></lambertc></mapproj></planar><geodetic><horizdn Sync="TRUE">North American Datum of 1983</horizdn><ellips Sync="TRUE">Geodetic Reference System 80</ellips><semiaxis Sync="TRUE">6378137.000000</semiaxis><denflat Sync="TRUE">298.257222</denflat></geodetic></horizsys><vertdef><altsys><altenc Sync="TRUE">Explicit elevation coordinate included with horizontal coordinates</altenc><altres Sync="TRUE">1.000000</altres></altsys></vertdef></spref><refSysInfo><RefSystem><refSysID><identCode Sync="TRUE">NAD_1983_StatePlane_California_VI_FIPS_0406_Feet</identCode></refSysID></RefSystem></refSysInfo><spatRepInfo><VectSpatRep><topLvl><TopoLevCd Sync="TRUE" value="001"></TopoLevCd></topLvl><geometObjs Name="SANGIS.FIRESTORM_2007_ASSIST_CENTER"><geoObjTyp><GeoObjTypCd Sync="TRUE" value="004"></GeoObjTypCd></geoObjTyp><geoObjCnt Sync="TRUE">4</geoObjCnt></geometObjs></VectSpatRep></spatRepInfo><eainfo><detailed Name="SANGIS.FIRESTORM_2007_ASSIST_CENTER"><attr><attrlabl Sync="TRUE">Label</attrlabl><attalias Sync="TRUE">Label</attalias><attrtype Sync="TRUE">String</attrtype><attwidth Sync="TRUE">1</attwidth><attrdef>LAC label #</attrdef><attrdefs>GIS Coord</attrdefs></attr><enttyp><enttypl Sync="TRUE">SANGIS.FIRESTORM_2007_ASSIST_CENTER</enttypl><enttypt Sync="TRUE">Feature Class</enttypt><enttypc Sync="TRUE">4</enttypc></enttyp><attr><attrlabl Sync="TRUE">Shape</attrlabl><attalias Sync="TRUE">Shape</attalias><attrtype Sync="TRUE">Geometry</attrtype><attwidth Sync="TRUE">0</attwidth><atprecis Sync="TRUE">0</atprecis><attscale Sync="TRUE">0</attscale><attrdef Sync="TRUE">Feature geometry.</attrdef><attrdefs Sync="TRUE">ESRI</attrdefs><attrdomv><udom Sync="TRUE">Coordinates defining the features.</udom></attrdomv></attr><attr><attrlabl Sync="TRUE">LAC</attrlabl><attalias Sync="TRUE">LAC</attalias><attrtype Sync="TRUE">String</attrtype><attwidth Sync="TRUE">44</attwidth><attrdef>LAC Name</attrdef><attrdefs>County of San Diego</attrdefs></attr><attr><attrlabl Sync="TRUE">ADDRESS</attrlabl><attalias Sync="TRUE">ADDRESS</attalias><attrtype Sync="TRUE">String</attrtype><attwidth Sync="TRUE">31</attwidth><attrdef>LAC Address</attrdef><attrdefs>name of the structure</attrdefs></attr><attr><attrlabl Sync="TRUE">OBJECTID</attrlabl><attalias Sync="TRUE">OBJECTID</attalias><attrtype Sync="TRUE">OID</attrtype><attwidth Sync="TRUE">4</attwidth><atprecis Sync="TRUE">10</atprecis><attscale Sync="TRUE">0</attscale><attrdef Sync="TRUE">Internal feature number.</attrdef><attrdefs Sync="TRUE">ESRI</attrdefs><attrdomv><udom Sync="TRUE">Sequential unique whole numbers that are automatically generated.</udom></attrdomv></attr><attr><attrlabl Sync="TRUE">LABEL</attrlabl><attalias Sync="TRUE">LABEL</attalias><attrtype Sync="TRUE">String</attrtype><attwidth Sync="TRUE">1</attwidth><atprecis Sync="TRUE">0</atprecis><attscale Sync="TRUE">0</attscale></attr><attr><attrlabl Sync="TRUE">CITY</attrlabl><attalias Sync="TRUE">CITY</attalias><attrtype Sync="TRUE">String</attrtype><attwidth Sync="TRUE">14</attwidth><attrdef>LAC City</attrdef><attrdefs>City name</attrdefs></attr><attr><attrlabl Sync="TRUE">ZIP_CODE</attrlabl><attalias Sync="TRUE">ZIP_CODE</attalias><attrtype Sync="TRUE">Number</attrtype><attwidth Sync="TRUE">9</attwidth><attrdef>zip code of LAC</attrdef><attrdefs>USPS</attrdefs></attr><attr><attrlabl Sync="TRUE">SHAPE</attrlabl><attalias Sync="TRUE">Shape</attalias><attrtype Sync="TRUE">Geometry</attrtype><attwidth Sync="TRUE">4</attwidth><atprecis Sync="TRUE">0</atprecis><attscale Sync="TRUE">0</attscale><attrdef Sync="TRUE">Feature geometry.</attrdef><attrdefs Sync="TRUE">ESRI</attrdefs><attrdomv><udom Sync="TRUE">Coordinates defining the features.</udom></attrdomv></attr></detailed><overview><dsoverv>The Local Assistance Center Data set includes information on site name, address, city and zip code. An add'tl  field called "label" was added for easy identification of the sites</dsoverv><eaover>lac - lac name
address - street address of lacd
city - city where lac is located
zip code - lac's zip</eaover><eadetcit>lac - lac name
address - street address of lacd
city - city where lac is located
zip code - lac's zip</eadetcit></overview></eainfo><mdDateSt Sync="TRUE">20071102</mdDateSt><dataqual><lineage><srcinfo><typesrc>electronic mail system</typesrc><srccitea>County of San Diego</srccitea><srccontr>County of San Diego</srccontr></srcinfo><procstep><procdesc Sync="TRUE">Dataset copied.</procdesc><srcused Sync="TRUE"></srcused><date Sync="TRUE">20071101</date><time Sync="TRUE">10190000</time></procstep><procstep><procdesc Sync="TRUE">Metadata imported.</procdesc><srcused Sync="TRUE">Z:\Review\Firestorm\Firestorm_2007_Assistance_Centers.shp.xml</srcused><date Sync="TRUE">20071102</date><time Sync="TRUE">11363300</time></procstep><procstep><procdesc Sync="TRUE">Dataset copied.</procdesc><srcused Sync="TRUE">Server=sangis; Service=esri_sde; User=cctv; Version=SDE.DEFAULT</srcused><date Sync="TRUE">20071102</date><time Sync="TRUE">13123100</time></procstep></lineage></dataqual></metadata>
