st;en;duration;height;Rmax;Rmax10;st;en;duration;height;Rmax;Rmax10;st;en;duration;height;Rmax;Rmax10;st;en;duration;height;Rmax;Rmax10
2013-06-09 16:40:00;2013-06-09 18:54:00;134;29,7;131,9;100,8;2013-06-09 16:41:00;2013-06-09 18:54:00;133;24,4;145,3;73,8;2013-06-09 16:40:00;2013-06-09 18:48:00;128;34,9;194,2;135,7;NA;NA;0;0;0;0
2013-06-10 00:17:00;2013-06-10 00:33:00;16;0,1;3,2;0,3;2013-06-10 00:30:00;2013-06-10 00:33:00;3;0,1;5,9;0,6;2013-06-10 00:17:00;2013-06-10 00:20:00;3;0,1;6,4;0,6;NA;NA;0;0;0;0
2013-06-10 13:57:00;2013-06-10 17:42:00;225;4,6;6,2;3;2013-06-10 14:22:00;2013-06-10 17:39:00;197;4,5;6;3;2013-06-10 13:57:00;2013-06-10 17:42:00;225;4,6;6,4;3,7;NA;NA;0;0;0;0
2013-06-11 07:57:00;2013-06-11 08:00:00;3;0,1;3,2;0,3;NA;NA;0;0;0;0;2013-06-11 07:57:00;2013-06-11 08:00:00;3;0,1;6,4;0,6;NA;NA;0;0;0;0
2013-06-14 06:31:00;2013-06-14 08:38:00;127;1,4;6,2;2,7;2013-06-14 06:34:00;2013-06-14 08:27:00;113;1,4;6;3;2013-06-14 06:31:00;2013-06-14 08:38:00;127;1,5;6,4;2,5;NA;NA;0;0;0;0
2013-06-14 12:11:00;2013-06-14 12:14:00;3;0,1;4,2;0,4;NA;NA;0;0;0;0;NA;NA;0;0;0;0;2013-06-14 12:11:00;2013-06-14 12:14:00;3;0,2;12,6;1,3
2013-06-20 23:10:00;2013-06-20 23:24:00;14;0,3;4,1;1,4;2013-06-20 23:10:00;2013-06-20 23:24:00;14;0,5;6;2,4;2013-06-20 23:10:00;2013-06-20 23:22:00;12;0,3;6,4;1,9;2013-06-20 23:20:00;2013-06-20 23:23:00;3;0,1;6,1;0,6
2013-06-21 02:05:00;2013-06-21 02:33:00;28;3,2;16,5;10,7;2013-06-21 02:06:00;2013-06-21 02:30:00;24;3,3;19;10,5;2013-06-21 02:05:00;2013-06-21 02:29:00;24;3,9;25,1;14,2;2013-06-21 02:08:00;2013-06-21 02:33:00;25;2,5;12,9;7,9
2013-06-21 09:18:00;2013-06-21 09:21:00;3;0;2,1;0,2;NA;NA;0;0;0;0;2013-06-21 09:18:00;2013-06-21 09:21:00;3;0,1;6,4;0,6;NA;NA;0;0;0;0
2013-06-23 01:10:00;2013-06-23 01:21:00;11;0,5;10,6;2,9;2013-06-23 01:18:00;2013-06-23 01:21:00;3;0,1;5,9;0,6;NA;NA;0;0;0;0;2013-06-23 01:10:00;2013-06-23 01:16:00;6;1,4;31,9;8,2
2013-06-23 02:27:00;2013-06-23 03:10:00;43;0,3;6,1;1,4;2013-06-23 02:31:00;2013-06-23 02:35:00;4;0,2;6;1,2;2013-06-23 02:27:00;2013-06-23 03:10:00;43;0,2;6,4;0,6;2013-06-23 02:30:00;2013-06-23 02:36:00;6;0,4;12,3;2,4
2013-06-23 12:14:00;2013-06-23 13:08:00;54;0,2;4,2;0,6;2013-06-23 12:14:00;2013-06-23 12:40:00;26;0,2;5,9;0,6;2013-06-23 12:17:00;2013-06-23 13:06:00;49;0,3;6,4;0,6;2013-06-23 12:43:00;2013-06-23 13:08:00;25;0,2;6,1;0,6
2013-06-24 04:51:00;2013-06-24 05:54:00;63;0,2;2,1;0,4;2013-06-24 04:51:00;2013-06-24 05:54:00;63;0,3;5,9;0,6;2013-06-24 04:52:00;2013-06-24 05:35:00;43;0,2;6,4;0,6;2013-06-24 05:07:00;2013-06-24 05:10:00;3;0,1;6,1;0,6
2013-06-24 07:18:00;2013-06-24 07:33:00;15;0,3;6,2;1,8;2013-06-24 07:22:00;2013-06-24 07:33:00;11;0,3;5,9;1,8;2013-06-24 07:21:00;2013-06-24 07:33:00;12;0,3;6,4;1,9;2013-06-24 07:18:00;2013-06-24 07:33:00;15;0,4;6,1;1,8
2013-06-24 08:42:00;2013-06-24 09:16:00;34;0,4;4,2;1;2013-06-24 08:43:00;2013-06-24 09:06:00;23;0,4;5,9;1,2;2013-06-24 08:42:00;2013-06-24 09:08:00;26;0,3;6,4;0,6;2013-06-24 08:44:00;2013-06-24 09:16:00;32;0,5;6,1;1,8
2013-06-24 10:59:00;2013-06-24 11:27:00;28;0,1;2,1;0,4;2013-06-24 10:59:00;2013-06-24 11:27:00;28;0,2;5,9;0,6;2013-06-24 11:19:00;2013-06-24 11:22:00;3;0,1;6,4;0,6;2013-06-24 11:05:00;2013-06-24 11:08:00;3;0,1;6,1;0,6
2013-06-24 13:09:00;2013-06-25 13:19:00;1450;51,1;8,1;5,9;2013-06-24 13:21:00;2013-06-25 13:16:00;1435;51,8;12,2;6,6;2013-06-24 13:48:00;2013-06-25 13:19:00;1411;51,9;6,4;6,1;2013-06-24 13:09:00;2013-06-25 13:11:00;1442;49,6;12,1;6,1
2013-06-25 14:21:00;2013-06-25 18:51:00;270;2;6,2;2,2;2013-06-25 14:21:00;2013-06-25 18:51:00;270;2,4;6;3;2013-06-25 14:23:00;2013-06-25 18:37:00;254;1,8;6,4;1,9;2013-06-25 14:28:00;2013-06-25 18:39:00;251;1,8;6,1;3
2013-06-25 20:14:00;2013-06-25 21:25:00;71;0,3;4,2;0,6;2013-06-25 20:14:00;2013-06-25 21:25:00;71;0,3;5,9;0,6;2013-06-25 20:18:00;2013-06-25 21:01:00;43;0,3;6,4;0,6;2013-06-25 20:22:00;2013-06-25 21:01:00;39;0,2;6,1;0,6
2013-06-26 03:37:00;2013-06-26 04:05:00;28;0,1;2,1;0,2;2013-06-26 04:02:00;2013-06-26 04:05:00;3;0,1;5,9;0,6;2013-06-26 03:37:00;2013-06-26 03:40:00;3;0,1;6,4;0,6;NA;NA;0;0;0;0
2013-06-26 05:10:00;2013-06-26 09:09:00;239;1,1;4,2;0,8;2013-06-26 05:10:00;2013-06-26 09:09:00;239;1,3;5,9;1,2;2013-06-26 05:23:00;2013-06-26 08:40:00;197;1,2;6,4;0,6;2013-06-26 05:14:00;2013-06-26 08:15:00;181;0,8;6,1;0,6
2013-06-29 22:15:00;2013-06-30 00:17:00;122;0,8;4,2;1,2;2013-06-29 22:52:00;2013-06-30 00:13:00;81;0,8;5,9;1,2;2013-06-29 22:15:00;2013-06-30 00:17:00;122;1,1;6,4;2,5;2013-06-29 23:14:00;2013-06-30 00:17:00;63;0,5;6,1;1,2
2013-06-30 06:20:00;2013-06-30 06:23:00;3;0;2;0,2;2013-06-30 06:20:00;2013-06-30 06:23:00;3;0,1;5,9;0,6;NA;NA;0;0;0;0;NA;NA;0;0;0;0
2013-07-03 06:11:00;2013-07-03 06:14:00;3;0;2;0,2;2013-07-03 06:11:00;2013-07-03 06:14:00;3;0,1;5,9;0,6;NA;NA;0;0;0;0;NA;NA;0;0;0;0
2013-07-03 07:24:00;2013-07-03 09:16:00;112;1,4;4,1;2,3;2013-07-03 07:27:00;2013-07-03 09:16:00;109;2;12,4;3,6;2013-07-03 07:24:00;2013-07-03 09:16:00;112;1,2;6,4;1,9;2013-07-03 07:36:00;2013-07-03 09:12:00;96;1;6,1;2,4
2013-07-03 17:00:00;2013-07-03 17:30:00;30;9;88,3;44;2013-07-03 17:00:00;2013-07-03 17:29:00;29;14,5;117,4;74,1;2013-07-03 17:27:00;2013-07-03 17:30:00;3;0,1;6,4;0,6;2013-07-03 17:11:00;2013-07-03 17:30:00;19;12,5;147,7;73,9
2013-07-03 23:38:00;2013-07-04 01:01:00;83;0,9;6,2;2,7;2013-07-03 23:38:00;2013-07-04 01:00:00;82;0,8;5,9;1,8;2013-07-03 23:39:00;2013-07-04 00:55:00;76;0,7;6,4;1,9;2013-07-03 23:40:00;2013-07-04 01:01:00;81;1,2;12,2;4,3
2013-07-24 21:41:00;2013-07-25 02:30:00;289;4,1;12,2;5,2;NA;NA;0;0;0;0;2013-07-24 21:41:00;2013-07-25 02:30:00;289;4,2;18,3;6,1;2013-07-24 22:05:00;2013-07-25 02:27:00;262;4,1;6,1;4,9
2013-07-29 03:32:00;2013-07-29 03:35:00;3;0,1;3,1;0,3;NA;NA;0;0;0;0;NA;NA;0;0;0;0;2013-07-29 03:32:00;2013-07-29 03:35:00;3;0,1;6,1;0,6
2013-07-29 18:21:00;2013-07-29 23:01:00;280;37,8;143,9;127,1;NA;NA;0;0;0;0;2013-07-29 18:21:00;2013-07-29 22:27:00;246;36;140,5;120,7;2013-07-29 18:23:00;2013-07-29 23:01:00;278;39,6;168,1;139
2013-07-30 00:29:00;2013-07-30 03:28:00;179;2;6,2;2,8;NA;NA;0;0;0;0;2013-07-30 00:29:00;2013-07-30 03:28:00;179;2,4;6,4;3,1;2013-07-30 01:12:00;2013-07-30 03:17:00;125;1,6;6,1;2,4
2013-07-30 06:42:00;2013-07-30 06:45:00;3;0,1;3,2;0,3;NA;NA;0;0;0;0;2013-07-30 06:42:00;2013-07-30 06:45:00;3;0,1;6,4;0,6;NA;NA;0;0;0;0
2013-07-30 12:29:00;2013-07-30 12:32:00;3;0,1;3,1;0,3;NA;NA;0;0;0;0;NA;NA;0;0;0;0;2013-07-30 12:29:00;2013-07-30 12:32:00;3;0,1;6,1;0,6
2013-07-30 13:35:00;2013-07-30 13:50:00;15;0,2;3,2;0,6;NA;NA;0;0;0;0;2013-07-30 13:35:00;2013-07-30 13:41:00;6;0,2;6,4;1,3;2013-07-30 13:47:00;2013-07-30 13:50:00;3;0,1;6,1;0,6
2013-07-30 15:37:00;2013-07-30 15:40:00;3;0,1;3,1;0,3;NA;NA;0;0;0;0;NA;NA;0;0;0;0;2013-07-30 15:37:00;2013-07-30 15:40:00;3;0,1;6,1;0,6
2013-08-04 03:02:00;2013-08-04 05:56:00;174;20,1;61,4;45,6;NA;NA;0;0;0;0;2013-08-04 03:02:00;2013-08-04 05:47:00;165;21,9;64,3;51,1;2013-08-04 03:04:00;2013-08-04 05:56:00;172;18,4;58,6;40,7
2013-08-04 16:57:00;2013-08-04 19:09:00;132;7,3;15,5;11,4;NA;NA;0;0;0;0;2013-08-04 16:57:00;2013-08-04 19:09:00;132;7,9;25;14,2;2013-08-04 16:59:00;2013-08-04 18:58:00;119;6,7;12,2;9,1
2013-08-05 01:23:00;2013-08-05 01:26:00;3;0,1;3,1;0,3;NA;NA;0;0;0;0;NA;NA;0;0;0;0;2013-08-05 01:23:00;2013-08-05 01:26:00;3;0,1;6,1;0,6
2013-08-05 02:54:00;2013-08-05 02:57:00;3;0,1;3,2;0,3;NA;NA;0;0;0;0;2013-08-05 02:54:00;2013-08-05 02:57:00;3;0,1;6,4;0,6;NA;NA;0;0;0;0
2013-08-05 04:55:00;2013-08-05 05:17:00;22;0,1;3,2;0,3;NA;NA;0;0;0;0;2013-08-05 05:14:00;2013-08-05 05:17:00;3;0,1;6,4;0,6;2013-08-05 04:55:00;2013-08-05 04:58:00;3;0,1;6,1;0,6
2013-08-06 22:26:00;2013-08-07 02:29:00;243;9,1;15,8;11,9;NA;NA;0;0;0;0;2013-08-06 22:26:00;2013-08-07 02:27:00;241;8,2;12,5;7,3;2013-08-06 22:30:00;2013-08-07 02:29:00;239;10,1;25,6;20,2
2013-08-07 08:55:00;2013-08-07 09:08:00;13;0,6;22,4;3,3;2013-08-07 08:55:00;2013-08-07 08:59:00;4;NA;NA;NA;NA;NA;0;0;0;0;2013-08-07 09:05:00;2013-08-07 09:08:00;3;0,1;6,1;0,6
2013-08-09 13:38:00;2013-08-09 19:54:00;376;9,3;36,1;13,8;2013-08-09 13:38:00;2013-08-09 19:44:00;366;9,9;50,6;17,6;2013-08-09 13:38:00;2013-08-09 18:56:00;318;9,3;50,8;12,5;2013-08-09 13:38:00;2013-08-09 19:54:00;376;8,6;38,9;11,3
2013-08-10 10:55:00;2013-08-10 10:58:00;3;0;2;0,2;2013-08-10 10:55:00;2013-08-10 10:58:00;3;0,1;5,9;0,6;NA;NA;0;0;0;0;NA;NA;0;0;0;0
2013-08-10 19:40:00;2013-08-10 21:05:00;85;4;10,1;6,1;2013-08-10 19:40:00;2013-08-10 20:49:00;69;3,3;6,1;4,8;2013-08-10 19:42:00;2013-08-10 20:53:00;71;4,5;12,4;7,9;2013-08-10 19:43:00;2013-08-10 21:05:00;82;4,3;12,2;7,3
2013-08-11 00:18:00;2013-08-11 00:21:00;3;0;2;0,2;2013-08-11 00:18:00;2013-08-11 00:21:00;3;0,1;5,9;0,6;NA;NA;0;0;0;0;NA;NA;0;0;0;0
2013-08-11 03:30:00;2013-08-11 03:33:00;3;0;2;0,2;NA;NA;0;0;0;0;NA;NA;0;0;0;0;2013-08-11 03:30:00;2013-08-11 03:33:00;3;0,1;6,1;0,6
2013-08-11 05:29:00;2013-08-11 05:32:00;3;0;2;0,2;2013-08-11 05:29:00;2013-08-11 05:32:00;3;0,1;5,9;0,6;NA;NA;0;0;0;0;NA;NA;0;0;0;0
2013-08-11 10:58:00;2013-08-11 11:01:00;3;0;2,1;0,2;NA;NA;0;0;0;0;2013-08-11 10:58:00;2013-08-11 11:01:00;3;0,1;6,4;0,6;NA;NA;0;0;0;0
2013-08-13 12:21:00;2013-08-13 12:24:00;3;0;2,1;0,2;NA;NA;0;0;0;0;2013-08-13 12:21:00;2013-08-13 12:24:00;3;0,1;6,4;0,6;NA;NA;0;0;0;0
2013-08-19 07:52:00;2013-08-19 09:38:00;106;0,4;4,1;1,5;2013-08-19 07:52:00;2013-08-19 09:38:00;106;0,3;5,9;0,6;2013-08-19 08:38:00;2013-08-19 09:20:00;42;0,4;6,4;1,9;2013-08-19 08:39:00;2013-08-19 09:38:00;59;0,4;6,1;1,8
2013-08-19 13:41:00;2013-08-19 16:27:00;166;7,2;29,7;9,8;2013-08-19 13:43:00;2013-08-19 16:20:00;157;8,1;57,7;14,4;2013-08-19 13:41:00;2013-08-19 16:27:00;166;6,9;24,7;11,1;2013-08-19 13:43:00;2013-08-19 16:19:00;156;6,6;25,4;9,1
2013-08-19 18:28:00;2013-08-19 19:57:00;89;1,5;6,1;3,4;2013-08-19 18:37:00;2013-08-19 19:42:00;65;1,3;6;3;2013-08-19 18:28:00;2013-08-19 19:36:00;68;1,8;6,4;4,9;2013-08-19 18:29:00;2013-08-19 19:57:00;88;1,5;6,1;3,6
2013-08-20 09:15:00;2013-08-20 09:18:00;3;0;2,1;0,2;NA;NA;0;0;0;0;2013-08-20 09:15:00;2013-08-20 09:18:00;3;0,1;6,4;0,6;NA;NA;0;0;0;0
2013-08-20 10:27:00;2013-08-20 11:10:00;43;0,3;4,1;1,2;2013-08-20 10:27:00;2013-08-20 10:39:00;12;0,3;6;1,8;2013-08-20 10:33:00;2013-08-20 11:10:00;37;0,4;6,4;1,9;2013-08-20 10:35:00;2013-08-20 10:38:00;3;0,1;6,1;0,6
2013-08-20 17:20:00;2013-08-20 17:49:00;29;1,6;10,3;5,9;2013-08-20 17:20:00;2013-08-20 17:47:00;27;1,5;12,5;5,5;2013-08-20 17:27:00;2013-08-20 17:46:00;19;1,8;24,9;8,6;2013-08-20 17:26:00;2013-08-20 17:49:00;23;1,3;12,2;5,5
2013-08-21 00:17:00;2013-08-21 00:20:00;3;0;2;0,2;2013-08-21 00:17:00;2013-08-21 00:20:00;3;0,1;5,9;0,6;NA;NA;0;0;0;0;NA;NA;0;0;0;0
2013-08-21 01:32:00;2013-08-21 01:35:00;3;0;2,1;0,2;NA;NA;0;0;0;0;2013-08-21 01:32:00;2013-08-21 01:35:00;3;0,1;6,4;0,6;NA;NA;0;0;0;0
2013-08-21 03:11:00;2013-08-21 03:14:00;3;0;2;0,2;NA;NA;0;0;0;0;NA;NA;0;0;0;0;2013-08-21 03:11:00;2013-08-21 03:14:00;3;0,1;6,1;0,6
2013-08-21 05:03:00;2013-08-21 06:02:00;59;0,1;2,1;0,2;2013-08-21 05:59:00;2013-08-21 06:02:00;3;0,1;5,9;0,6;2013-08-21 05:03:00;2013-08-21 05:06:00;3;0,1;6,4;0,6;NA;NA;0;0;0;0
2013-08-21 09:58:00;2013-08-21 10:01:00;3;0;2;0,2;NA;NA;0;0;0;0;NA;NA;0;0;0;0;2013-08-21 09:58:00;2013-08-21 10:01:00;3;0,1;6,1;0,6
2013-08-25 10:02:00;2013-08-25 10:09:00;7;0,2;2,1;1;2013-08-25 10:03:00;2013-08-25 10:09:00;6;0,4;6,2;2,4;NA;NA;0;0;0;0;2013-08-25 10:02:00;2013-08-25 10:05:00;3;0,1;6,1;0,6
2013-08-25 12:50:00;2013-08-26 04:29:00;939;16;6,2;3;2013-08-25 12:52:00;2013-08-26 04:29:00;937;15,3;6,2;3;2013-08-25 13:20:00;2013-08-26 04:10:00;890;18,2;12,4;3,7;2013-08-25 12:50:00;2013-08-26 03:36:00;886;14,7;6,1;3
2013-08-26 05:48:00;2013-08-26 06:19:00;31;0,1;2,1;0,4;2013-08-26 06:08:00;2013-08-26 06:11:00;3;0,1;5,9;0,6;2013-08-26 06:16:00;2013-08-26 06:19:00;3;0,1;6,4;0,6;2013-08-26 05:48:00;2013-08-26 05:51:00;3;0,1;6,1;0,6
2013-08-27 17:34:00;2013-08-27 17:37:00;3;0;2;0,2;2013-08-27 17:34:00;2013-08-27 17:37:00;3;0,1;5,9;0,6;NA;NA;0;0;0;0;NA;NA;0;0;0;0
2013-08-27 18:41:00;2013-08-28 02:04:00;443;4,1;6,2;3;2013-08-27 18:56:00;2013-08-28 02:04:00;428;3,6;6;3,6;2013-08-27 18:41:00;2013-08-28 00:57:00;376;3,6;6,4;4,3;2013-08-27 18:43:00;2013-08-28 01:41:00;418;5,1;6,1;4,2
2013-08-29 07:42:00;2013-08-29 07:45:00;3;0;2;0,2;2013-08-29 07:42:00;2013-08-29 07:45:00;3;0,1;5,9;0,6;NA;NA;0;0;0;0;NA;NA;0;0;0;0
2013-08-29 16:08:00;2013-08-29 17:25:00;77;2,3;10,5;5,2;2013-08-29 16:08:00;2013-08-29 17:20:00;72;3,1;25,4;10,5;2013-08-29 16:19:00;2013-08-29 17:24:00;65;0,8;12,2;3,1;2013-08-29 16:10:00;2013-08-29 17:25:00;75;3,1;25,7;10
2013-08-30 05:01:00;2013-08-30 05:04:00;3;0;2;0,2;2013-08-30 05:01:00;2013-08-30 05:04:00;3;0,1;5,9;0,6;NA;NA;0;0;0;0;NA;NA;0;0;0;0
2013-08-31 21:56:00;2013-09-01 05:22:00;446;7,3;12,7;8,3;2013-08-31 22:05:00;2013-09-01 04:19:00;374;10,4;37,9;15,7;2013-08-31 21:56:00;2013-09-01 04:26:00;390;5,1;6,4;4,3;2013-08-31 22:11:00;2013-09-01 05:22:00;431;6,3;25,7;7,5
2013-09-02 17:05:00;2013-09-02 18:39:00;94;0,6;4;1,4;2013-09-02 17:05:00;2013-09-02 18:29:00;84;0,7;6;1,8;2013-09-02 17:14:00;2013-09-02 18:34:00;80;0,6;6,4;1,3;2013-09-02 17:19:00;2013-09-02 18:39:00;80;0,6;6,1;1,2
2013-09-03 05:39:00;2013-09-03 05:42:00;3;0;2;0,2;2013-09-03 05:39:00;2013-09-03 05:42:00;3;0,1;5,9;0,6;NA;NA;0;0;0;0;NA;NA;0;0;0;0
2013-09-03 11:16:00;2013-09-03 11:53:00;37;0,2;4;1;2013-09-03 11:16:00;2013-09-03 11:24:00;8;0,2;5,9;1,2;2013-09-03 11:20:00;2013-09-03 11:23:00;3;0,1;6,4;0,6;2013-09-03 11:16:00;2013-09-03 11:53:00;37;0,3;6,1;1,2
2013-09-04 02:35:00;2013-09-04 03:12:00;37;0,4;2,1;1,4;2013-09-04 02:35:00;2013-09-04 03:12:00;37;0,6;5,9;2,4;2013-09-04 02:44:00;2013-09-04 03:00:00;16;0,3;6,4;1,3;2013-09-04 02:39:00;2013-09-04 03:02:00;23;0,4;6,1;1,2
2013-09-05 03:21:00;2013-09-05 03:59:00;38;0,1;2,1;0,2;NA;NA;0;0;0;0;2013-09-05 03:56:00;2013-09-05 03:59:00;3;0,1;6,4;0,6;2013-09-05 03:21:00;2013-09-05 03:24:00;3;0,1;6,1;0,6
2013-09-09 04:55:00;2013-09-09 08:22:00;207;9,7;38,3;28,5;2013-09-09 04:58:00;2013-09-09 08:17:00;199;10,3;44,5;29,8;2013-09-09 04:55:00;2013-09-09 08:22:00;207;10,2;38;28,8;2013-09-09 04:59:00;2013-09-09 08:19:00;200;8,7;58,4;32
2013-09-10 13:35:00;2013-09-10 18:39:00;304;8,7;8,1;4,8;2013-09-10 13:35:00;2013-09-10 18:30:00;295;8,7;6,1;4,8;2013-09-10 13:49:00;2013-09-10 18:39:00;290;9,1;12,2;5,5;2013-09-10 13:39:00;2013-09-10 18:29:00;290;8,2;6,1;4,8
2013-09-10 21:31:00;2013-09-10 21:34:00;3;0;2;0,2;NA;NA;0;0;0;0;NA;NA;0;0;0;0;2013-09-10 21:31:00;2013-09-10 21:34:00;3;0,1;6,1;0,6
2013-09-11 08:36:00;2013-09-11 08:39:00;3;0;2,1;0,2;NA;NA;0;0;0;0;2013-09-11 08:36:00;2013-09-11 08:39:00;3;0,1;6,4;0,6;NA;NA;0;0;0;0
2013-09-11 11:19:00;2013-09-11 11:22:00;3;0;2;0,2;2013-09-11 11:19:00;2013-09-11 11:22:00;3;0,1;5,9;0,6;NA;NA;0;0;0;0;NA;NA;0;0;0;0
2013-09-12 07:29:00;2013-09-12 07:42:00;13;0,1;2,1;0,4;2013-09-12 07:35:00;2013-09-12 07:38:00;3;0,1;5,9;0,6;2013-09-12 07:29:00;2013-09-12 07:32:00;3;0,1;6,4;0,6;2013-09-12 07:39:00;2013-09-12 07:42:00;3;0,1;6,1;0,6
2013-09-12 16:41:00;2013-09-12 18:39:00;118;3,3;8,3;3,8;2013-09-12 17:34:00;2013-09-12 18:33:00;59;1,9;6;4,8;2013-09-12 16:41:00;2013-09-12 18:39:00;118;4,9;24,9;9,3;2013-09-12 17:04:00;2013-09-12 18:23:00;79;3;6,1;4,9
2013-09-13 00:14:00;2013-09-13 01:41:00;87;0,6;4,1;2,4;2013-09-13 00:14:00;2013-09-13 01:35:00;81;0,8;6,1;3,6;2013-09-13 00:22:00;2013-09-13 01:41:00;79;0,3;6,4;0,6;2013-09-13 00:27:00;2013-09-13 01:36:00;69;0,8;6,1;3,7
2013-09-13 04:01:00;2013-09-13 04:04:00;3;0;2;0,2;NA;NA;0;0;0;0;NA;NA;0;0;0;0;2013-09-13 04:01:00;2013-09-13 04:04:00;3;0,1;6,1;0,6
2013-09-13 05:17:00;2013-09-13 05:55:00;38;1,3;12,5;5,7;2013-09-13 05:17:00;2013-09-13 05:42:00;25;1,2;18,7;6,1;2013-09-13 05:28:00;2013-09-13 05:52:00;24;1;12,2;4,3;2013-09-13 05:23:00;2013-09-13 05:55:00;32;1,7;18,7;9,2
2013-09-13 12:34:00;2013-09-13 12:43:00;9;0,1;2,1;0,4;2013-09-13 12:34:00;2013-09-13 12:37:00;3;0,1;5,9;0,6;2013-09-13 12:40:00;2013-09-13 12:43:00;3;0,1;6,4;0,6;NA;NA;0;0;0;0
2013-09-15 14:03:00;2013-09-15 15:33:00;90;0,6;4,2;2;2013-09-15 14:03:00;2013-09-15 15:33:00;90;1,3;12,6;5,5;2013-09-15 15:11:00;2013-09-15 15:22:00;11;0,2;6,4;1,3;2013-09-15 14:07:00;2013-09-15 15:30:00;83;0,4;6,1;1,2
2013-09-15 17:41:00;2013-09-15 19:08:00;87;2,4;36,9;11,7;2013-09-15 17:41:00;2013-09-15 19:04:00;83;4,3;110,7;24,4;2013-09-15 17:56:00;2013-09-15 18:05:00;9;0,7;12,4;4,3;2013-09-15 18:02:00;2013-09-15 19:08:00;66;2,2;38,8;10,8
2013-09-15 21:44:00;2013-09-15 21:47:00;3;0;2;0,2;2013-09-15 21:44:00;2013-09-15 21:47:00;3;0,1;5,9;0,6;NA;NA;0;0;0;0;NA;NA;0;0;0;0
2013-09-15 23:37:00;2013-09-15 23:40:00;3;0;2,1;0,2;NA;NA;0;0;0;0;2013-09-15 23:37:00;2013-09-15 23:40:00;3;0,1;6,4;0,6;NA;NA;0;0;0;0
2013-09-16 08:53:00;2013-09-16 10:55:00;122;1;4,2;1;2013-09-16 08:54:00;2013-09-16 10:55:00;121;1;5,9;1,2;2013-09-16 08:59:00;2013-09-16 10:37:00;98;1,1;6,4;1,3;2013-09-16 08:53:00;2013-09-16 10:44:00;111;1;6,1;1,2
2013-09-16 12:53:00;2013-09-16 13:18:00;25;0,1;2,1;0,4;2013-09-16 13:15:00;2013-09-16 13:18:00;3;0,1;5,9;0,6;2013-09-16 12:53:00;2013-09-16 12:56:00;3;0,1;6,4;0,6;2013-09-16 13:08:00;2013-09-16 13:11:00;3;0,1;6,1;0,6
2013-09-16 16:30:00;2013-09-16 17:42:00;72;2,8;8,1;4,9;2013-09-16 16:30:00;2013-09-16 17:36:00;66;3;12,2;6;2013-09-16 16:30:00;2013-09-16 17:42:00;72;2,9;12,1;4,3;2013-09-16 16:34:00;2013-09-16 17:34:00;60;2,6;6,1;4,9
2013-09-16 19:47:00;2013-09-16 20:27:00;40;0,4;4;1,2;2013-09-16 19:52:00;2013-09-16 20:25:00;33;0,3;5,9;1,2;2013-09-16 19:54:00;2013-09-16 20:27:00;33;0,5;6,4;1,9;2013-09-16 19:47:00;2013-09-16 20:13:00;26;0,4;6,1;1,2
2013-09-16 23:37:00;2013-09-17 02:05:00;148;2,6;4,2;2,2;2013-09-16 23:43:00;2013-09-17 02:05:00;142;2,6;6;2,4;2013-09-16 23:37:00;2013-09-17 02:01:00;144;2,8;6,4;3,1;2013-09-16 23:38:00;2013-09-17 01:57:00;139;2,4;6,1;2,4
2013-09-18 07:18:00;2013-09-18 20:10:00;772;6,3;6,2;1,8;2013-09-18 07:23:00;2013-09-18 19:47:00;744;5,9;5,9;1,8;2013-09-18 07:26:00;2013-09-18 20:10:00;764;6,8;6,4;1,9;2013-09-18 07:18:00;2013-09-18 20:07:00;769;6;6,1;1,8
2013-09-18 21:58:00;2013-09-18 22:57:00;59;0,1;2,1;0,2;2013-09-18 21:58:00;2013-09-18 22:01:00;3;0,1;5,9;0,6;2013-09-18 22:54:00;2013-09-18 22:57:00;3;0,1;6,4;0,6;NA;NA;0;0;0;0
2013-09-19 04:54:00;2013-09-19 04:57:00;3;0;2;0,2;NA;NA;0;0;0;0;NA;NA;0;0;0;0;2013-09-19 04:54:00;2013-09-19 04:57:00;3;0,1;6,1;0,6
2013-09-19 09:29:00;2013-09-19 10:01:00;32;1,1;6,2;2,6;2013-09-19 09:29:00;2013-09-19 09:59:00;30;1,5;6,1;3,6;2013-09-19 09:33:00;2013-09-19 09:58:00;25;0,5;6,4;1,9;2013-09-19 09:31:00;2013-09-19 10:01:00;30;1,4;6,1;3
2013-09-19 12:11:00;2013-09-19 12:14:00;3;0;2;0,2;NA;NA;0;0;0;0;NA;NA;0;0;0;0;2013-09-19 12:11:00;2013-09-19 12:14:00;3;0,1;6,1;0,6
2013-09-20 11:25:00;2013-09-20 13:38:00;133;0,3;2,1;0,4;2013-09-20 12:05:00;2013-09-20 12:08:00;3;0,1;5,9;0,6;2013-09-20 11:25:00;2013-09-20 13:00:00;95;0,4;6,4;0,6;2013-09-20 11:28:00;2013-09-20 13:38:00;130;0,3;6,1;0,6
2013-09-26 06:09:00;2013-09-26 07:53:00;104;0,6;4,2;1,2;2013-09-26 06:09:00;2013-09-26 07:53:00;104;0,6;5,9;1,2;2013-09-26 06:12:00;2013-09-26 07:30:00;78;0,6;6,4;1,3;2013-09-26 06:10:00;2013-09-26 07:36:00;86;0,5;6,1;1,2
2013-09-26 09:47:00;2013-09-26 09:50:00;3;0;2,1;0,2;NA;NA;0;0;0;0;2013-09-26 09:47:00;2013-09-26 09:50:00;3;0,1;6,4;0,6;NA;NA;0;0;0;0
2013-09-26 13:35:00;2013-09-26 14:32:00;57;1,6;10,3;4,3;2013-09-26 13:35:00;2013-09-26 14:32:00;57;1,8;18,7;4,9;2013-09-26 13:38:00;2013-09-26 14:32:00;54;1,1;6,4;3,1;2013-09-26 13:36:00;2013-09-26 14:31:00;55;1,7;12,1;4,9
2013-09-27 05:06:00;2013-09-27 05:09:00;3;0;2;0,2;NA;NA;0;0;0;0;NA;NA;0;0;0;0;2013-09-27 05:06:00;2013-09-27 05:09:00;3;0,1;6,1;0,6
2013-09-27 06:23:00;2013-09-27 06:36:00;13;0,1;2,1;0,2;2013-09-27 06:33:00;2013-09-27 06:36:00;3;0,1;5,9;0,6;2013-09-27 06:23:00;2013-09-27 06:26:00;3;0,1;6,4;0,6;NA;NA;0;0;0;0
2013-09-28 02:09:00;2013-09-28 02:12:00;3;0;2;0,2;NA;NA;0;0;0;0;NA;NA;0;0;0;0;2013-09-28 02:09:00;2013-09-28 02:12:00;3;0,1;6,1;0,6
2013-09-28 05:12:00;2013-09-28 05:15:00;3;0;2,1;0,2;NA;NA;0;0;0;0;2013-09-28 05:12:00;2013-09-28 05:15:00;3;0,1;6,4;0,6;NA;NA;0;0;0;0
2013-09-28 06:21:00;2013-09-28 06:24:00;3;0;2;0,2;NA;NA;0;0;0;0;NA;NA;0;0;0;0;2013-09-28 06:21:00;2013-09-28 06:24:00;3;0,1;6,1;0,6
2013-09-28 07:30:00;2013-09-28 07:33:00;3;0;2;0,2;2013-09-28 07:30:00;2013-09-28 07:33:00;3;0,1;5,9;0,6;NA;NA;0;0;0;0;NA;NA;0;0;0;0
2013-09-29 04:38:00;2013-09-29 04:41:00;3;0;2;0,2;NA;NA;0;0;0;0;NA;NA;0;0;0;0;2013-09-29 04:38:00;2013-09-29 04:41:00;3;0,1;6,1;0,6
2013-09-29 09:01:00;2013-09-29 09:04:00;3;0;2,1;0,2;NA;NA;0;0;0;0;2013-09-29 09:01:00;2013-09-29 09:04:00;3;0,1;6,4;0,6;NA;NA;0;0;0;0
2013-10-01 06:43:00;2013-10-01 07:38:00;55;0,1;2;0,2;2013-10-01 07:35:00;2013-10-01 07:38:00;3;0,1;5,9;0,6;NA;NA;0;0;0;0;2013-10-01 06:43:00;2013-10-01 06:46:00;3;0,1;6,1;0,6
2013-10-03 07:17:00;2013-10-03 07:44:00;27;0,1;2;0,2;2013-10-03 07:41:00;2013-10-03 07:44:00;3;0,1;5,9;0,6;NA;NA;0;0;0;0;2013-10-03 07:17:00;2013-10-03 07:20:00;3;0,1;6,1;0,6
2013-10-03 11:24:00;2013-10-03 11:27:00;3;0;2,1;0,2;NA;NA;0;0;0;0;2013-10-03 11:24:00;2013-10-03 11:27:00;3;0,1;6,4;0,6;NA;NA;0;0;0;0
2013-10-08 02:07:00;2013-10-08 02:10:00;3;0;2;0,2;NA;NA;0;0;0;0;NA;NA;0;0;0;0;2013-10-08 02:07:00;2013-10-08 02:10:00;3;0,1;6,1;0,6
2013-10-08 03:41:00;2013-10-08 03:44:00;3;0;2,1;0,2;NA;NA;0;0;0;0;2013-10-08 03:41:00;2013-10-08 03:44:00;3;0,1;6,4;0,6;NA;NA;0;0;0;0
2013-10-08 05:36:00;2013-10-08 05:39:00;3;0;2;0,2;NA;NA;0;0;0;0;NA;NA;0;0;0;0;2013-10-08 05:36:00;2013-10-08 05:39:00;3;0,1;6,1;0,6
2013-10-08 06:59:00;2013-10-08 07:02:00;3;0;2,1;0,2;NA;NA;0;0;0;0;2013-10-08 06:59:00;2013-10-08 07:02:00;3;0,1;6,4;0,6;NA;NA;0;0;0;0
2013-10-09 06:07:00;2013-10-09 06:10:00;3;0;2;0,2;NA;NA;0;0;0;0;NA;NA;0;0;0;0;2013-10-09 06:07:00;2013-10-09 06:10:00;3;0,1;6,1;0,6
2013-10-09 08:11:00;2013-10-09 08:14:00;3;0;2;0,2;2013-10-09 08:11:00;2013-10-09 08:14:00;3;0,1;5,9;0,6;NA;NA;0;0;0;0;NA;NA;0;0;0;0
2013-10-10 16:54:00;2013-10-11 01:11:00;497;18,9;12,3;8,8;2013-10-10 17:00:00;2013-10-11 01:02:00;482;20;12,6;9,8;2013-10-10 16:54:00;2013-10-11 00:57:00;483;18,6;24,8;11,1;2013-10-10 16:57:00;2013-10-11 01:11:00;494;18,1;12,3;10,4
2013-10-11 03:59:00;2013-10-11 04:02:00;3;0;2,1;0,2;NA;NA;0;0;0;0;2013-10-11 03:59:00;2013-10-11 04:02:00;3;0,1;6,4;0,6;NA;NA;0;0;0;0
2013-10-11 06:13:00;2013-10-11 06:16:00;3;0;2;0,2;2013-10-11 06:13:00;2013-10-11 06:16:00;3;0,1;5,9;0,6;NA;NA;0;0;0;0;NA;NA;0;0;0;0
2013-10-11 11:00:00;2013-10-11 17:53:00;413;6,9;12,2;7,9;2013-10-11 11:06:00;2013-10-11 17:46:00;400;6,7;18,8;8,6;2013-10-11 11:00:00;2013-10-11 17:34:00;394;7,4;18,4;7,9;2013-10-11 11:08:00;2013-10-11 17:53:00;405;6,6;18,5;8,5
2013-10-12 13:31:00;2013-10-12 14:53:00;82;1;4,1;1,8;2013-10-12 13:31:00;2013-10-12 14:53:00;82;1,1;5,9;1,8;2013-10-12 13:31:00;2013-10-12 14:52:00;81;1,1;6,4;1,9;2013-10-12 13:44:00;2013-10-12 14:46:00;62;0,9;6,1;1,8
2013-10-12 16:35:00;2013-10-12 18:04:00;89;0,6;4;1;2013-10-12 16:35:00;2013-10-12 17:57:00;82;0,6;5,9;1,2;2013-10-12 16:42:00;2013-10-12 17:56:00;74;0,5;6,4;0,6;2013-10-12 16:39:00;2013-10-12 18:04:00;85;0,6;6,1;1,2
2013-10-12 22:55:00;2013-10-12 22:58:00;3;0;2;0,2;2013-10-12 22:55:00;2013-10-12 22:58:00;3;0,1;5,9;0,6;NA;NA;0;0;0;0;NA;NA;0;0;0;0
2013-10-14 01:48:00;2013-10-14 01:59:00;11;0,1;2,1;0,4;NA;NA;0;0;0;0;2013-10-14 01:56:00;2013-10-14 01:59:00;3;0,1;6,4;0,6;2013-10-14 01:48:00;2013-10-14 01:51:00;3;0,1;6,1;0,6
2013-10-14 04:23:00;2013-10-14 05:05:00;42;0,1;2,1;0,2;2013-10-14 05:02:00;2013-10-14 05:05:00;3;0,1;5,9;0,6;2013-10-14 04:39:00;2013-10-14 04:42:00;3;0,1;6,4;0,6;2013-10-14 04:23:00;2013-10-14 04:26:00;3;0,1;6,1;0,6
2013-10-14 06:51:00;2013-10-14 06:54:00;3;0;2;0,2;NA;NA;0;0;0;0;NA;NA;0;0;0;0;2013-10-14 06:51:00;2013-10-14 06:54:00;3;0,1;6,1;0,6
2013-10-14 08:11:00;2013-10-14 08:14:00;3;0;2,1;0,2;NA;NA;0;0;0;0;2013-10-14 08:11:00;2013-10-14 08:14:00;3;0,1;6,4;0,6;NA;NA;0;0;0;0
2013-10-15 01:59:00;2013-10-15 02:02:00;3;0;2;0,2;NA;NA;0;0;0;0;NA;NA;0;0;0;0;2013-10-15 01:59:00;2013-10-15 02:02:00;3;0,1;6,1;0,6
2013-10-15 04:23:00;2013-10-15 04:26:00;3;0;2;0,2;2013-10-15 04:23:00;2013-10-15 04:26:00;3;0,1;5,9;0,6;NA;NA;0;0;0;0;NA;NA;0;0;0;0
2013-10-15 08:29:00;2013-10-15 08:32:00;3;0;2,1;0,2;NA;NA;0;0;0;0;2013-10-15 08:29:00;2013-10-15 08:32:00;3;0,1;6,4;0,6;NA;NA;0;0;0;0
2013-10-15 17:46:00;2013-10-15 17:49:00;3;0;2;0,2;NA;NA;0;0;0;0;NA;NA;0;0;0;0;2013-10-15 17:46:00;2013-10-15 17:49:00;3;0,1;6,1;0,6
2013-10-17 00:03:00;2013-10-17 00:06:00;3;0;2;0,2;NA;NA;0;0;0;0;NA;NA;0;0;0;0;2013-10-17 00:03:00;2013-10-17 00:06:00;3;0,1;6,1;0,6
2013-10-17 01:34:00;2013-10-17 01:37:00;3;0;2;0,2;2013-10-17 01:34:00;2013-10-17 01:37:00;3;0,1;5,9;0,6;NA;NA;0;0;0;0;NA;NA;0;0;0;0
2013-10-17 04:52:00;2013-10-17 04:59:00;7;0,1;2,1;0,4;NA;NA;0;0;0;0;2013-10-17 04:52:00;2013-10-17 04:55:00;3;0,1;6,4;0,6;2013-10-17 04:56:00;2013-10-17 04:59:00;3;0,1;6,1;0,6
2013-10-17 06:34:00;2013-10-17 08:33:00;119;2,2;6,1;4,4;2013-10-17 06:34:00;2013-10-17 08:29:00;115;2,2;6,1;4,8;2013-10-17 07:35:00;2013-10-17 08:33:00;58;2,4;6,4;4,3;2013-10-17 07:36:00;2013-10-17 08:31:00;55;2,1;6,1;4,2
2013-10-17 10:01:00;2013-10-17 10:04:00;3;0;2;0,2;2013-10-17 10:01:00;2013-10-17 10:04:00;3;0,1;5,9;0,6;NA;NA;0;0;0;0;NA;NA;0;0;0;0
2013-10-17 14:34:00;2013-10-17 14:37:00;3;0;2,1;0,2;NA;NA;0;0;0;0;2013-10-17 14:34:00;2013-10-17 14:37:00;3;0,1;6,4;0,6;NA;NA;0;0;0;0
2013-10-17 23:35:00;2013-10-18 00:33:00;58;0,8;6,4;3,7;2013-10-17 23:35:00;2013-10-18 00:08:00;33;0,8;12,1;4,2;2013-10-17 23:38:00;2013-10-18 00:33:00;55;0,9;6,4;3,7;2013-10-17 23:39:00;2013-10-18 00:17:00;38;0,7;13,2;3,8
2013-10-19 03:52:00;2013-10-19 03:55:00;3;0;2;0,2;NA;NA;0;0;0;0;NA;NA;0;0;0;0;2013-10-19 03:52:00;2013-10-19 03:55:00;3;0,1;6,1;0,6
2013-10-19 05:05:00;2013-10-19 05:08:00;3;0;2,1;0,2;NA;NA;0;0;0;0;2013-10-19 05:05:00;2013-10-19 05:08:00;3;0,1;6,4;0,6;NA;NA;0;0;0;0
2013-10-19 07:32:00;2013-10-19 07:44:00;12;0,1;2;0,4;2013-10-19 07:32:00;2013-10-19 07:35:00;3;0,1;5,9;0,6;NA;NA;0;0;0;0;2013-10-19 07:41:00;2013-10-19 07:44:00;3;0,1;6,1;0,6
2013-10-19 14:06:00;2013-10-19 14:09:00;3;0;2,1;0,2;NA;NA;0;0;0;0;2013-10-19 14:06:00;2013-10-19 14:09:00;3;0,1;6,4;0,6;NA;NA;0;0;0;0
2013-10-20 17:05:00;2013-10-20 18:45:00;100;5,8;16,6;11,1;2013-10-20 17:05:00;2013-10-20 18:05:00;60;5,3;12,6;9,2;2013-10-20 17:08:00;2013-10-20 18:45:00;97;6,1;31,3;13,6;2013-10-20 17:07:00;2013-10-20 18:17:00;70;5,9;18,9;11,7
2013-10-20 19:49:00;2013-10-20 19:52:00;3;0;2;0,2;2013-10-20 19:49:00;2013-10-20 19:52:00;3;0,1;5,9;0,6;NA;NA;0;0;0;0;NA;NA;0;0;0;0
2013-10-21 03:05:00;2013-10-21 04:02:00;57;0,1;2,1;0,2;2013-10-21 03:59:00;2013-10-21 04:02:00;3;0,1;5,9;0,6;2013-10-21 03:05:00;2013-10-21 03:08:00;3;0,1;6,4;0,6;2013-10-21 03:37:00;2013-10-21 03:40:00;3;0,1;6,1;0,6
2013-10-23 00:30:00;2013-10-23 00:33:00;3;0;2;0,2;2013-10-23 00:30:00;2013-10-23 00:33:00;3;0,1;5,9;0,6;NA;NA;0;0;0;0;NA;NA;0;0;0;0
2013-10-23 02:29:00;2013-10-23 02:32:00;3;0;2,1;0,2;NA;NA;0;0;0;0;2013-10-23 02:29:00;2013-10-23 02:32:00;3;0,1;6,4;0,6;NA;NA;0;0;0;0
2013-10-23 04:03:00;2013-10-23 04:46:00;43;0,1;4,4;0,4;2013-10-23 04:03:00;2013-10-23 04:06:00;3;0,1;5,9;0,6;2013-10-23 04:43:00;2013-10-23 04:46:00;3;0,1;6,4;0,6;2013-10-23 04:18:00;2013-10-23 04:21:00;3;0,2;13,2;1,3
2013-10-23 06:49:00;2013-10-23 07:35:00;46;0,1;2,1;0,4;2013-10-23 07:24:00;2013-10-23 07:27:00;3;0,1;5,9;0,6;2013-10-23 07:32:00;2013-10-23 07:35:00;3;0,1;6,4;0,6;2013-10-23 06:49:00;2013-10-23 06:52:00;3;0,1;6,1;0,6
2013-10-23 20:08:00;2013-10-23 21:07:00;59;0,1;2,1;0,2;2013-10-23 21:04:00;2013-10-23 21:07:00;3;0,1;5,9;0,6;2013-10-23 20:08:00;2013-10-23 20:10:00;2;0,1;6,4;0,6;NA;NA;0;0;0;0
2013-10-23 23:22:00;2013-10-24 02:03:00;161;0,9;4,2;1,6;2013-10-23 23:29:00;2013-10-24 02:03:00;154;0,8;5,9;1,8;2013-10-23 23:29:00;2013-10-24 01:11:00;102;0,9;6,4;1,9;2013-10-23 23:22:00;2013-10-24 01:12:00;110;0,9;6,1;1,8
2013-10-25 04:01:00;2013-10-25 04:36:00;35;0,1;2,1;0,2;NA;NA;0;0;0;0;2013-10-25 04:01:00;2013-10-25 04:04:00;3;0,1;6,4;0,6;2013-10-25 04:33:00;2013-10-25 04:36:00;3;0,1;6,1;0,6
2013-10-25 06:15:00;2013-10-25 06:47:00;32;0,1;2,1;0,4;2013-10-25 06:44:00;2013-10-25 06:47:00;3;0,1;5,9;0,6;2013-10-25 06:15:00;2013-10-25 06:18:00;3;0,1;6,4;0,6;2013-10-25 06:21:00;2013-10-25 06:24:00;3;0,1;6,1;0,6
2013-10-26 00:20:00;2013-10-26 00:42:00;22;0,1;2,1;0,2;NA;NA;0;0;0;0;2013-10-26 00:20:00;2013-10-26 00:23:00;3;0,1;6,4;0,6;2013-10-26 00:39:00;2013-10-26 00:42:00;3;0,1;6,1;0,6
2013-10-26 03:04:00;2013-10-26 03:07:00;3;0;2;0,2;2013-10-26 03:04:00;2013-10-26 03:07:00;3;0,1;5,9;0,6;NA;NA;0;0;0;0;NA;NA;0;0;0;0
2013-10-27 11:27:00;2013-10-27 11:30:00;3;0;2,1;0,2;NA;NA;0;0;0;0;2013-10-27 11:27:00;2013-10-27 11:30:00;3;0,1;6,4;0,6;NA;NA;0;0;0;0
2013-10-29 09:37:00;2013-10-29 10:07:00;30;0,2;6,2;1,2;2013-10-29 09:39:00;2013-10-29 10:07:00;28;0,3;5,9;1,2;2013-10-29 09:40:00;2013-10-29 09:49:00;9;0,2;6,4;1,3;2013-10-29 09:37:00;2013-10-29 09:49:00;12;0,2;6,1;1,2
2013-10-29 11:59:00;2013-10-29 12:02:00;3;0;2,1;0,2;NA;NA;0;0;0;0;2013-10-29 11:59:00;2013-10-29 12:02:00;3;0,1;6,4;0,6;NA;NA;0;0;0;0
2013-10-31 08:40:00;2013-10-31 08:43:00;3;0;2;0,2;NA;NA;0;0;0;0;NA;NA;0;0;0;0;2013-10-31 08:40:00;2013-10-31 08:43:00;3;0,1;6,1;0,6
2013-11-02 06:11:00;2013-11-02 11:39:00;328;1,6;4;1,4;2013-11-02 06:11:00;2013-11-02 11:21:00;310;1,8;5,9;1,2;2013-11-02 06:22:00;2013-11-02 11:39:00;317;1,6;6,4;1,9;2013-11-02 06:23:00;2013-11-02 11:26:00;303;1,4;6,1;1,2
2013-11-03 08:39:00;2013-11-03 11:19:00;160;4,2;6,1;3,1;2013-11-03 08:39:00;2013-11-03 11:17:00;158;3,9;6;3;2013-11-03 08:41:00;2013-11-03 11:18:00;157;4,6;12,2;5,5;2013-11-03 08:45:00;2013-11-03 11:19:00;154;4,1;6,1;3
2013-11-04 11:21:00;2013-11-04 11:24:00;3;0;2;0,2;2013-11-04 11:21:00;2013-11-04 11:24:00;3;0,1;5,9;0,6;NA;NA;0;0;0;0;NA;NA;0;0;0;0
2013-11-05 02:35:00;2013-11-05 04:15:00;100;0,5;2,1;1;2013-11-05 02:35:00;2013-11-05 04:11:00;96;0,5;5,9;1,2;2013-11-05 02:38:00;2013-11-05 04:10:00;92;0,6;6,4;1,3;2013-11-05 02:40:00;2013-11-05 04:15:00;95;0,4;6,1;1,2
2013-11-06 01:43:00;2013-11-06 06:29:00;286;4,1;6,2;3,5;2013-11-06 01:43:00;2013-11-06 06:28:00;285;4,4;6,1;5,4;2013-11-06 01:43:00;2013-11-06 06:26:00;283;3,7;6,4;3,1;2013-11-06 01:52:00;2013-11-06 06:29:00;277;4,1;6,1;3,6
2013-11-06 11:04:00;2013-11-06 11:34:00;30;0,2;4,1;1,2;2013-11-06 11:04:00;2013-11-06 11:10:00;6;0,2;5,9;1,2;2013-11-06 11:04:00;2013-11-06 11:34:00;30;0,3;6,4;1,3;2013-11-06 11:07:00;2013-11-06 11:11:00;4;0,2;6,1;1,2
2013-11-06 21:10:00;2013-11-07 02:40:00;330;3,2;6,1;2,1;2013-11-06 21:11:00;2013-11-07 02:40:00;329;2,9;5,9;1,8;2013-11-06 21:18:00;2013-11-07 02:38:00;320;3,8;6,4;2,5;2013-11-06 21:10:00;2013-11-07 02:23:00;313;2,9;6,1;2,4
2013-11-07 03:54:00;2013-11-07 03:57:00;3;0;2;0,2;NA;NA;0;0;0;0;NA;NA;0;0;0;0;2013-11-07 03:54:00;2013-11-07 03:57:00;3;0,1;6,1;0,6
2013-11-08 17:53:00;2013-11-08 19:18:00;85;0,7;4,2;1,4;2013-11-08 17:53:00;2013-11-08 19:18:00;85;0,9;5,9;1,2;2013-11-08 17:54:00;2013-11-08 19:00:00;66;0,5;6,4;1,3;2013-11-08 17:54:00;2013-11-08 19:06:00;72;0,7;6,1;1,8
2013-11-09 04:14:00;2013-11-09 07:17:00;183;2,4;4,2;2,6;2013-11-09 04:18:00;2013-11-09 06:32:00;134;2,3;6;2,4;2013-11-09 04:14:00;2013-11-09 07:17:00;183;2,2;6,4;2,5;2013-11-09 04:32:00;2013-11-09 06:35:00;123;2,6;6,1;3,6
2013-11-10 13:06:00;2013-11-10 20:27:00;441;8,1;6,2;2,5;2013-11-10 13:07:00;2013-11-10 20:22:00;435;7,6;5,9;2,4;2013-11-10 13:06:00;2013-11-10 20:24:00;438;8,5;6,4;3,1;2013-11-10 13:07:00;2013-11-10 20:27:00;440;8,2;6,1;2,4
2013-11-11 10:34:00;2013-11-11 11:04:00;30;0,1;2,1;0,6;2013-11-11 10:34:00;2013-11-11 11:04:00;30;0,2;5,9;0,6;2013-11-11 10:35:00;2013-11-11 10:38:00;3;0,1;6,4;0,6;2013-11-11 10:38:00;2013-11-11 10:41:00;3;0,1;6,1;0,6
2013-11-13 07:15:00;2013-11-13 07:33:00;18;0,1;2,1;0,4;2013-11-13 07:29:00;2013-11-13 07:32:00;3;0,1;5,9;0,6;2013-11-13 07:15:00;2013-11-13 07:18:00;3;0,1;6,4;0,6;2013-11-13 07:30:00;2013-11-13 07:33:00;3;0,1;6,1;0,6
2013-11-13 22:46:00;2013-11-13 22:48:00;2;0;2;0,2;NA;NA;0;0;0;0;NA;NA;0;0;0;0;2013-11-13 22:46:00;2013-11-13 22:48:00;2;0,1;6,1;0,6
2013-11-14 02:17:00;2013-11-14 02:20:00;3;0;2;0,2;NA;NA;0;0;0;0;NA;NA;0;0;0;0;2013-11-14 02:17:00;2013-11-14 02:20:00;3;0,1;6,1;0,6
2013-11-14 08:31:00;2013-11-14 09:12:00;41;0,1;2,1;0,4;2013-11-14 08:31:00;2013-11-14 08:34:00;3;0,1;5,9;0,6;2013-11-14 09:05:00;2013-11-14 09:08:00;3;0,1;6,4;0,6;2013-11-14 09:09:00;2013-11-14 09:12:00;3;0,1;6,1;0,6
2013-11-15 06:32:00;2013-11-15 10:01:00;209;1,4;4,1;1,4;2013-11-15 06:37:00;2013-11-15 10:01:00;204;1,5;5,9;1,8;2013-11-15 06:32:00;2013-11-15 09:32:00;180;1,5;6,4;1,3;2013-11-15 06:40:00;2013-11-15 09:46:00;186;1,1;6,1;1,2
2013-11-16 23:35:00;2013-11-16 23:48:00;13;0,1;2,1;0,2;NA;NA;0;0;0;0;2013-11-16 23:35:00;2013-11-16 23:38:00;3;0,1;6,4;0,6;2013-11-16 23:45:00;2013-11-16 23:48:00;3;0,1;6,1;0,6
2013-11-17 02:47:00;2013-11-17 02:50:00;3;0;2,1;0,2;NA;NA;0;0;0;0;2013-11-17 02:47:00;2013-11-17 02:50:00;3;0,1;6,4;0,6;NA;NA;0;0;0;0
2013-11-17 06:43:00;2013-11-17 08:58:00;135;0,2;2,1;0,2;2013-11-17 06:43:00;2013-11-17 08:58:00;135;0,2;5,9;0,6;2013-11-17 08:21:00;2013-11-17 08:24:00;3;0,1;6,4;0,6;2013-11-17 07:22:00;2013-11-17 08:44:00;82;0,2;6,1;0,6
2013-11-17 16:04:00;2013-11-17 16:07:00;3;0;2,1;0,2;NA;NA;0;0;0;0;2013-11-17 16:04:00;2013-11-17 16:07:00;3;0,1;6,4;0,6;NA;NA;0;0;0;0
2013-11-17 21:43:00;2013-11-17 21:46:00;3;0;2,1;0,2;NA;NA;0;0;0;0;2013-11-17 21:43:00;2013-11-17 21:46:00;3;0,1;6,4;0,6;NA;NA;0;0;0;0
2013-11-17 22:54:00;2013-11-17 23:14:00;20;0,1;2;0,2;2013-11-17 22:54:00;2013-11-17 22:57:00;3;0,1;5,9;0,6;NA;NA;0;0;0;0;2013-11-17 23:11:00;2013-11-17 23:14:00;3;0,1;6,1;0,6
2013-11-20 00:49:00;2013-11-20 03:42:00;173;0,9;4;1,2;2013-11-20 00:50:00;2013-11-20 03:38:00;168;0,8;5,9;0,6;2013-11-20 00:49:00;2013-11-20 02:39:00;110;1;6,4;1,9;2013-11-20 00:51:00;2013-11-20 03:42:00;171;0,8;6,1;1,2
2013-11-20 04:59:00;2013-11-20 05:20:00;21;0,1;2,1;0,4;2013-11-20 05:17:00;2013-11-20 05:20:00;3;0,1;5,9;0,6;2013-11-20 05:02:00;2013-11-20 05:05:00;3;0,1;6,4;0,6;2013-11-20 04:59:00;2013-11-20 05:02:00;3;0,1;6,1;0,6
2013-11-20 07:03:00;2013-11-20 09:42:00;159;2;4,2;2,1;2013-11-20 07:20:00;2013-11-20 09:42:00;142;1,7;5,9;1,8;2013-11-20 07:09:00;2013-11-20 09:39:00;150;2,3;6,4;2,5;2013-11-20 07:03:00;2013-11-20 09:42:00;159;2;6,1;2,4
2013-11-21 21:30:00;2013-11-21 21:44:00;14;0,1;2,1;0,4;2013-11-21 21:30:00;2013-11-21 21:33:00;3;0,1;5,9;0,6;2013-11-21 21:41:00;2013-11-21 21:44:00;3;0,1;6,4;0,6;2013-11-21 21:38:00;2013-11-21 21:41:00;3;0,1;6,1;0,6
2013-11-21 23:00:00;2013-11-21 23:03:00;3;0;2;0,2;2013-11-21 23:00:00;2013-11-21 23:03:00;3;0,1;5,9;0,6;NA;NA;0;0;0;0;NA;NA;0;0;0;0
2013-11-22 00:16:00;2013-11-22 01:09:00;53;0,1;2,1;0,2;NA;NA;0;0;0;0;2013-11-22 01:06:00;2013-11-22 01:09:00;3;0,1;6,4;0,6;2013-11-22 00:16:00;2013-11-22 00:19:00;3;0,1;6,1;0,6
2013-11-22 02:23:00;2013-11-22 02:26:00;3;0;2;0,2;2013-11-22 02:23:00;2013-11-22 02:26:00;3;0,1;5,9;0,6;NA;NA;0;0;0;0;NA;NA;0;0;0;0
2013-11-23 14:23:00;2013-11-23 14:26:00;3;0;2;0,2;NA;NA;0;0;0;0;NA;NA;0;0;0;0;2013-11-23 14:23:00;2013-11-23 14:26:00;3;0,1;6,1;0,6
2013-11-24 08:11:00;2013-11-24 08:14:00;3;0;2,1;0,2;NA;NA;0;0;0;0;2013-11-24 08:11:00;2013-11-24 08:14:00;3;0,1;6,4;0,6;NA;NA;0;0;0;0
2013-11-24 18:39:00;2013-11-24 18:47:00;8;0,1;2,1;0,6;2013-11-24 18:43:00;2013-11-24 18:46:00;3;0,1;5,9;0,6;2013-11-24 18:44:00;2013-11-24 18:47:00;3;0,1;6,4;0,6;2013-11-24 18:39:00;2013-11-24 18:42:00;3;0,1;6,1;0,6
2013-11-24 20:08:00;2013-11-24 21:14:00;66;0,3;4;1,4;2013-11-24 20:10:00;2013-11-24 20:17:00;7;0,3;6;1,8;2013-11-24 20:15:00;2013-11-24 21:14:00;59;0,3;6,4;1,3;2013-11-24 20:08:00;2013-11-24 20:27:00;19;0,4;6,1;1,8
2013-11-27 10:00:00;2013-11-27 10:03:00;3;0;2;0,2;2013-11-27 10:00:00;2013-11-27 10:03:00;3;0,1;5,9;0,6;NA;NA;0;0;0;0;NA;NA;0;0;0;0
2013-11-28 22:22:00;2013-11-28 22:31:00;9;0,1;2,1;0,8;NA;NA;0;0;0;0;2013-11-28 22:22:00;2013-11-28 22:31:00;9;0,4;6,4;2,5;NA;NA;0;0;0;0
2013-11-29 00:55:00;2013-11-29 00:58:00;3;0;2;0,2;2013-11-29 00:55:00;2013-11-29 00:58:00;3;0,1;5,9;0,6;NA;NA;0;0;0;0;NA;NA;0;0;0;0
2013-11-29 06:09:00;2013-11-29 06:12:00;3;0;2,1;0,2;NA;NA;0;0;0;0;2013-11-29 06:09:00;2013-11-29 06:12:00;3;0,1;6,4;0,6;NA;NA;0;0;0;0
2013-11-29 07:19:00;2013-11-29 08:39:00;80;0,3;2,1;0,8;2013-11-29 07:44:00;2013-11-29 08:39:00;55;0,3;5,9;0,6;2013-11-29 08:03:00;2013-11-29 08:34:00;31;0,3;6,4;0,6;2013-11-29 07:19:00;2013-11-29 08:28:00;69;0,3;6,1;1,2
2013-11-29 10:34:00;2013-11-29 10:58:00;24;0,2;4,2;0,8;2013-11-29 10:34:00;2013-11-29 10:58:00;24;0,3;5,9;1,2;2013-11-29 10:45:00;2013-11-29 10:48:00;3;0,1;6,4;0,6;2013-11-29 10:38:00;2013-11-29 10:55:00;17;0,3;6,1;1,2
2013-11-29 19:31:00;2013-11-29 20:21:00;50;0,9;4,1;2,2;2013-11-29 19:33:00;2013-11-29 20:21:00;48;0,9;5,9;2,4;2013-11-29 19:31:00;2013-11-29 20:14:00;43;1;6,4;2,5;2013-11-29 19:33:00;2013-11-29 20:08:00;35;0,8;6,1;2,4
2013-11-29 23:35:00;2013-11-30 00:35:00;60;1,2;6,2;3,1;2013-11-29 23:35:00;2013-11-30 00:31:00;56;1,1;6;3;2013-11-29 23:35:00;2013-11-30 00:32:00;57;1,3;6,4;3,1;2013-11-29 23:37:00;2013-11-30 00:35:00;58;1,2;6,1;3
2013-11-30 14:11:00;2013-11-30 14:14:00;3;0;2,1;0,2;NA;NA;0;0;0;0;2013-11-30 14:11:00;2013-11-30 14:14:00;3;0,1;6,4;0,6;NA;NA;0;0;0;0
2013-11-30 17:20:00;2013-11-30 17:23:00;3;0;2;0,2;NA;NA;0;0;0;0;NA;NA;0;0;0;0;2013-11-30 17:20:00;2013-11-30 17:23:00;3;0,1;6,1;0,6
2013-12-01 09:02:00;2013-12-01 09:05:00;3;0;2;0,2;2013-12-01 09:02:00;2013-12-01 09:05:00;3;0,1;5,9;0,6;NA;NA;0;0;0;0;NA;NA;0;0;0;0
2013-12-01 21:04:00;2013-12-01 22:23:00;79;0,1;2,1;0,4;2013-12-01 21:32:00;2013-12-01 22:18:00;46;0,2;5,9;0,6;2013-12-01 21:04:00;2013-12-01 22:23:00;79;0,2;6,4;0,6;NA;NA;0;0;0;0
2013-12-02 09:44:00;2013-12-02 09:47:00;3;0;2;0,2;NA;NA;0;0;0;0;NA;NA;0;0;0;0;2013-12-02 09:44:00;2013-12-02 09:47:00;3;0,1;6,1;0,6
2013-12-03 10:17:00;2013-12-03 10:36:00;19;0,1;2,1;0,4;2013-12-03 10:17:00;2013-12-03 10:20:00;3;0,1;5,9;0,6;2013-12-03 10:25:00;2013-12-03 10:28:00;3;0,1;6,4;0,6;2013-12-03 10:33:00;2013-12-03 10:36:00;3;0,1;6,1;0,6
2013-12-05 11:08:00;2013-12-05 11:11:00;3;0;2,1;0,2;NA;NA;0;0;0;0;2013-12-05 11:08:00;2013-12-05 11:11:00;3;0,1;6,4;0,6;NA;NA;0;0;0;0
2013-12-05 16:10:00;2013-12-05 16:13:00;3;0;2;0,2;2013-12-05 16:10:00;2013-12-05 16:13:00;3;0,1;5,9;0,6;NA;NA;0;0;0;0;NA;NA;0;0;0;0
2013-12-05 20:13:00;2013-12-05 20:16:00;3;0;2;0,2;NA;NA;0;0;0;0;NA;NA;0;0;0;0;2013-12-05 20:13:00;2013-12-05 20:16:00;3;0,1;6,1;0,6
2013-12-05 21:53:00;2013-12-06 00:45:00;172;2,8;12,1;7,9;2013-12-05 21:58:00;2013-12-06 00:42:00;164;3,5;12,5;11,1;2013-12-05 21:53:00;2013-12-06 00:06:00;133;2,4;12,2;9,2;2013-12-05 22:02:00;2013-12-06 00:45:00;163;2,4;12,3;7,9
2013-12-06 02:26:00;2013-12-06 02:29:00;3;0;2,1;0,2;NA;NA;0;0;0;0;2013-12-06 02:26:00;2013-12-06 02:29:00;3;0,1;6,4;0,6;NA;NA;0;0;0;0
2013-12-06 09:46:00;2013-12-06 09:56:00;10;0,1;2;0,6;2013-12-06 09:46:00;2013-12-06 09:56:00;10;0,3;5,9;1,8;NA;NA;0;0;0;0;NA;NA;0;0;0;0
2013-12-06 10:59:00;2013-12-06 11:02:00;3;0;2;0,2;2013-12-06 10:59:00;2013-12-06 11:02:00;3;0,1;5,9;0,6;NA;NA;0;0;0;0;NA;NA;0;0;0;0
2013-12-06 21:50:00;2013-12-06 21:53:00;3;0;2;0,2;NA;NA;0;0;0;0;NA;NA;0;0;0;0;2013-12-06 21:50:00;2013-12-06 21:53:00;3;0,1;6,1;0,6
2013-12-06 22:57:00;2013-12-06 23:00:00;3;0;2,1;0,2;NA;NA;0;0;0;0;2013-12-06 22:57:00;2013-12-06 23:00:00;3;0,1;6,4;0,6;NA;NA;0;0;0;0
2013-12-07 10:42:00;2013-12-07 13:32:00;170;0,7;2,1;0,6;2013-12-07 10:42:00;2013-12-07 13:32:00;170;2,1;6;1,8;2013-12-07 11:24:00;2013-12-07 11:27:00;3;0,1;6,4;0,6;NA;NA;0;0;0;0
2013-12-07 17:42:00;2013-12-07 17:56:00;14;0,1;2,1;0,2;2013-12-07 17:53:00;2013-12-07 17:56:00;3;0,1;5,9;0,6;2013-12-07 17:42:00;2013-12-07 17:45:00;3;0,1;6,4;0,6;NA;NA;0;0;0;0
2013-12-08 06:19:00;2013-12-08 08:25:00;126;0,3;4;0,6;2013-12-08 07:38:00;2013-12-08 08:25:00;47;0,3;5,9;0,6;2013-12-08 06:35:00;2013-12-08 08:16:00;101;0,4;6,4;1,3;2013-12-08 06:19:00;2013-12-08 07:58:00;99;0,3;6,1;0,6
2013-12-08 10:12:00;2013-12-08 10:23:00;11;0,1;2,1;0,6;2013-12-08 10:20:00;2013-12-08 10:23:00;3;0,1;5,9;0,6;2013-12-08 10:12:00;2013-12-08 10:15:00;3;0,1;6,4;0,6;2013-12-08 10:13:00;2013-12-08 10:16:00;3;0,1;6,1;0,6
2013-12-09 02:53:00;2013-12-09 03:48:00;55;0,4;2,1;1;2013-12-09 02:59:00;2013-12-09 03:48:00;49;0,4;5,9;1,2;2013-12-09 02:58:00;2013-12-09 03:32:00;34;0,4;6,4;1,3;2013-12-09 02:53:00;2013-12-09 03:34:00;41;0,5;6,1;1,2
2013-12-09 05:11:00;2013-12-09 11:52:00;401;1,7;4,2;1,4;2013-12-09 05:12:00;2013-12-09 11:52:00;400;1,8;5,9;1,2;2013-12-09 05:17:00;2013-12-09 11:12:00;355;1,8;6,4;1,9;2013-12-09 05:11:00;2013-12-09 11:00:00;349;1,5;6,1;1,2
2013-12-12 22:04:00;2013-12-12 22:07:00;3;0;2,1;0,2;NA;NA;0;0;0;0;2013-12-12 22:04:00;2013-12-12 22:07:00;3;0,1;6,4;0,6;NA;NA;0;0;0;0
2013-12-12 23:25:00;2013-12-12 23:28:00;3;0;2;0,2;NA;NA;0;0;0;0;NA;NA;0;0;0;0;2013-12-12 23:25:00;2013-12-12 23:28:00;3;0,1;6,1;0,6
2013-12-13 01:52:00;2013-12-13 01:55:00;3;0;2;0,2;2013-12-13 01:52:00;2013-12-13 01:55:00;3;0,1;5,9;0,6;NA;NA;0;0;0;0;NA;NA;0;0;0;0
2013-12-13 04:14:00;2013-12-13 05:03:00;49;0,1;2,1;0,2;NA;NA;0;0;0;0;2013-12-13 05:00:00;2013-12-13 05:03:00;3;0,1;6,4;0,6;2013-12-13 04:14:00;2013-12-13 04:17:00;3;0,1;6,1;0,6
2013-12-13 08:07:00;2013-12-13 08:10:00;3;0;2;0,2;2013-12-13 08:07:00;2013-12-13 08:10:00;3;0,1;5,9;0,6;NA;NA;0;0;0;0;NA;NA;0;0;0;0
2013-12-14 10:15:00;2013-12-14 10:18:00;3;0;2;0,2;NA;NA;0;0;0;0;NA;NA;0;0;0;0;2013-12-14 10:15:00;2013-12-14 10:18:00;3;0,1;6,1;0,6
2013-12-15 00:00:00;2013-12-15 01:45:00;105;0,2;4;0,6;2013-12-15 00:32:00;2013-12-15 01:26:00;54;0,2;5,9;0,6;2013-12-15 00:00:00;2013-12-15 01:45:00;105;0,3;6,4;0,6;2013-12-15 01:23:00;2013-12-15 01:26:00;3;0,1;6,1;0,6
2013-12-17 10:35:00;2013-12-17 10:56:00;21;0,2;4;0,6;2013-12-17 10:53:00;2013-12-17 10:56:00;3;0,1;5,9;0,6;2013-12-17 10:41:00;2013-12-17 10:44:00;3;0,1;6,4;0,6;2013-12-17 10:35:00;2013-12-17 10:56:00;21;0,3;6,1;1,2
2013-12-20 15:14:00;2013-12-20 17:42:00;148;0,3;4,4;0,6;2013-12-20 15:14:00;2013-12-20 17:42:00;148;0,4;12,7;1,3;2013-12-20 15:23:00;2013-12-20 16:25:00;62;0,2;6,4;0,6;2013-12-20 15:21:00;2013-12-20 16:45:00;84;0,3;13,2;1,3
2013-12-21 09:55:00;2013-12-21 10:05:00;10;0,1;2;0,4;2013-12-21 10:02:00;2013-12-21 10:05:00;3;0,1;5,9;0,6;NA;NA;0;0;0;0;2013-12-21 09:55:00;2013-12-21 09:58:00;3;0,1;6,1;0,6
2013-12-22 17:17:00;2013-12-22 17:20:00;3;0;2;0,2;NA;NA;0;0;0;0;NA;NA;0;0;0;0;2013-12-22 17:17:00;2013-12-22 17:20:00;3;0,1;6,1;0,6
2013-12-22 19:57:00;2013-12-22 20:00:00;3;0;2,1;0,2;NA;NA;0;0;0;0;2013-12-22 19:57:00;2013-12-22 20:00:00;3;0,1;6,4;0,6;NA;NA;0;0;0;0
2013-12-23 00:53:00;2013-12-23 00:56:00;3;0;2;0,2;2013-12-23 00:53:00;2013-12-23 00:56:00;3;0,1;5,9;0,6;NA;NA;0;0;0;0;NA;NA;0;0;0;0
2013-12-25 00:16:00;2013-12-25 00:19:00;3;0;2;0,2;NA;NA;0;0;0;0;NA;NA;0;0;0;0;2013-12-25 00:16:00;2013-12-25 00:19:00;3;0,1;6,1;0,6
2013-12-25 04:35:00;2013-12-25 05:13:00;38;0,1;2,1;0,2;2013-12-25 05:10:00;2013-12-25 05:13:00;3;0,1;5,9;0,6;2013-12-25 04:35:00;2013-12-25 04:38:00;3;0,1;6,4;0,6;NA;NA;0;0;0;0
2013-12-25 08:21:00;2013-12-25 08:24:00;3;0;2;0,2;NA;NA;0;0;0;0;NA;NA;0;0;0;0;2013-12-25 08:21:00;2013-12-25 08:24:00;3;0,1;6,1;0,6
2013-12-27 00:07:00;2013-12-27 00:40:00;33;0,1;2,1;0,4;2013-12-27 00:14:00;2013-12-27 00:17:00;3;0,1;5,9;0,6;2013-12-27 00:07:00;2013-12-27 00:10:00;3;0,1;6,4;0,6;2013-12-27 00:37:00;2013-12-27 00:40:00;3;0,1;6,1;0,6
2013-12-28 08:56:00;2013-12-28 09:11:00;15;0,1;2;0,2;2013-12-28 09:08:00;2013-12-28 09:11:00;3;0,1;5,9;0,6;NA;NA;0;0;0;0;2013-12-28 08:56:00;2013-12-28 08:59:00;3;0,1;6,1;0,6
