<?xml version="1.0"?>
<!--<!DOCTYPE metadata SYSTEM "http://www.esri.com/metadata/esriprof80.dtd">-->
<metadata xml:lang="en"><Esri><CreaDate>20071109</CreaDate><CreaTime>15462800</CreaTime><SyncOnce>FALSE</SyncOnce><SyncDate>20071024</SyncDate><SyncTime>09451600</SyncTime><ModDate>20071024</ModDate><ModTime>09451600</ModTime><DataProperties><lineage><Process Name="Project_1" ToolSource="C:\Documents and Settings\dpwrlp.LUEG-GIS\Application Data\ESRI\ArcToolbox\My Toolboxes\Toolbox (2).tbx\Project" Date="20071005" Time="070102">Project X:\dpwfiles\shape\GAMING\CasinoSites.shp X:\dpwfiles\shape\GAMING\CasinoSites_Project.shp PROJCS['NAD_1983_StatePlane_California_VI_FIPS_0406_Feet',GEOGCS['GCS_North_American_1983',DATUM['D_North_American_1983',SPHEROID['GRS_1980',6378137.0,298.257222101]],PRIMEM['Greenwich',0.0],UNIT['Degree',0.0174532925199433]],PROJECTION['Lambert_Conformal_Conic'],PARAMETER['False_Easting',6561666.666666666],PARAMETER['False_Northing',1640416.666666667],PARAMETER['Central_Meridian',-116.25],PARAMETER['Standard_Parallel_1',32.78333333333333],PARAMETER['Standard_Parallel_2',33.88333333333333],PARAMETER['Latitude_Of_Origin',32.16666666666666],UNIT['Foot_US',0.3048006096012192]] # PROJCS['NAD_1983_StatePlane_California_VI_FIPS_0406_Feet',GEOGCS['GCS_North_American_1983',DATUM['D_North_American_1983',SPHEROID['GRS_1980',6378137.0,298.257222101]],PRIMEM['Greenwich',0.0],UNIT['Degree',0.0174532925199433]],PROJECTION['Lambert_Conformal_Conic'],PARAMETER['False_Easting',6561666.666666666],PARAMETER['False_Northing',1640416.666666667],PARAMETER['Central_Meridian',-116.25],PARAMETER['Standard_Parallel_1',32.78333333333333],PARAMETER['Standard_Parallel_2',33.88333333333333],PARAMETER['Latitude_Of_Origin',32.16666666666666],UNIT['Foot_US',0.3048006096012192]]</Process></lineage></DataProperties><MetaID>{27047E6E-579C-427D-B2AD-AC06C011E052}</MetaID></Esri><idinfo><native Sync="TRUE">Microsoft Windows 2000 Version 5.0 (Build 2195) Service Pack 3; ESRI ArcCatalog 9.2.2.1350</native><descript><langdata Sync="TRUE">en</langdata><abstract>Indian Gaming Locations in San Diego County</abstract><purpose>To show the location of Indian Reservation Gaming locations in San Diego County</purpose></descript><citation><citeinfo><origin>Roy Pickering</origin><pubdate>July 18, 2007</pubdate><title Sync="TRUE">CasinoSites</title><ftname Sync="TRUE">CasinoSites</ftname><geoform Sync="TRUE">vector digital data</geoform><onlink Sync="TRUE"></onlink></citeinfo></citation><timeperd><current>publication date</current><timeinfo><sngdate><caldate>July 18, 2007</caldate></sngdate></timeinfo></timeperd><status><progress>Complete</progress><update>As needed</update></status><spdom><bounding><westbc Sync="TRUE">-117.084435</westbc><eastbc Sync="TRUE">-116.354465</eastbc><northbc Sync="TRUE">33.365884</northbc><southbc Sync="TRUE">32.699284</southbc></bounding><lboundng><leftbc Sync="TRUE">6306892.787694</leftbc><rightbc Sync="TRUE">6529529.602744</rightbc><bottombc Sync="TRUE">1835224.291270</bottombc><topbc Sync="TRUE">2076771.885216</topbc></lboundng></spdom><keywords><theme><themekt>Gaming</themekt><themekey>Casino</themekey><themekey>Indian</themekey><themekey>Reservation</themekey><themekey>Gambling</themekey><themekey>Casino</themekey></theme><theme><themekt>Casino</themekt></theme><theme><themekt>Indian</themekt></theme><theme><themekt>Reservation</themekt></theme><theme><themekey>Gaming</themekey><themekey>Reservation</themekey><themekey>Indian</themekey><themekey>Casino</themekey></theme><place><placekey>Jamul</placekey><placekey>CA</placekey></place></keywords><accconst>None</accconst><useconst>None</useconst><natvform Sync="TRUE">Shapefile</natvform><ptcontac><cntinfo><cntvoice>(858)571-4237</cntvoice><cntfax>(858)505-6356</cntfax><cntemail>roy.pickering@sdcounty.ca.gov</cntemail><cntaddr><address>5201 Ruffin Rd, Suite D</address><addrtype>mailing and physical address</addrtype><city>San Diego</city><state>CA</state><postal>92123</postal><country>USA</country></cntaddr><cntperp><cntper>Roy Pickering</cntper><cntorg>San Diego County Department of Public Works</cntorg></cntperp><cntpos>GIS Analyst</cntpos><hours>8-4 pm M-F</hours></cntinfo></ptcontac></idinfo><dataIdInfo><envirDesc Sync="TRUE">Microsoft Windows 2000 Version 5.0 (Build 2195) Service Pack 3; ESRI ArcCatalog 9.2.2.1350</envirDesc><dataLang><languageCode Sync="TRUE" value="en"></languageCode></dataLang><idCitation><resTitle Sync="TRUE">CasinoSites</resTitle><presForm><PresFormCd Sync="TRUE" value="005"></PresFormCd></presForm></idCitation><spatRpType><SpatRepTypCd Sync="TRUE" value="001"></SpatRepTypCd></spatRpType><dataExt><geoEle><GeoBndBox esriExtentType="native"><westBL Sync="TRUE">6306892.787694</westBL><eastBL Sync="TRUE">6529529.602744</eastBL><northBL Sync="TRUE">2076771.885216</northBL><southBL Sync="TRUE">1835224.29127</southBL><exTypeCode Sync="TRUE">1</exTypeCode></GeoBndBox></geoEle></dataExt><geoBox esriExtentType="decdegrees"><westBL Sync="TRUE">-117.084435</westBL><eastBL Sync="TRUE">-116.354465</eastBL><northBL Sync="TRUE">33.365884</northBL><southBL Sync="TRUE">32.699284</southBL><exTypeCode Sync="TRUE">1</exTypeCode></geoBox></dataIdInfo><metainfo><langmeta Sync="TRUE">en</langmeta><metstdn Sync="TRUE">FGDC Content Standards for Digital Geospatial Metadata</metstdn><metstdv Sync="TRUE">FGDC-STD-001-1998</metstdv><mettc Sync="TRUE">local time</mettc><metc><cntinfo><cntorgp><cntper>REQUIRED: The person responsible for the metadata information.</cntper><cntorg>REQUIRED: The organization responsible for the metadata information.</cntorg></cntorgp><cntaddr><addrtype>REQUIRED: The mailing and/or physical address for the organization or individual.</addrtype><city>REQUIRED: The city of the address.</city><state>REQUIRED: The state or province of the address.</state><postal>REQUIRED: The ZIP or other postal code of the address.</postal></cntaddr><cntvoice>REQUIRED: The telephone number by which individuals can speak to the organization or individual.</cntvoice></cntinfo></metc><metd Sync="TRUE">20071024</metd><metextns><onlink Sync="TRUE">http://www.esri.com/metadata/esriprof80.html</onlink><metprof Sync="TRUE">ESRI Metadata Profile</metprof></metextns></metainfo><mdLang><languageCode Sync="TRUE" value="en"></languageCode></mdLang><mdStanName Sync="TRUE">ISO 19115 Geographic Information - Metadata</mdStanName><mdStanVer Sync="TRUE">DIS_ESRI1.0</mdStanVer><mdChar><CharSetCd Sync="TRUE" value="004"></CharSetCd></mdChar><mdHrLv><ScopeCd Sync="TRUE" value="005"></ScopeCd></mdHrLv><mdHrLvName Sync="TRUE">dataset</mdHrLvName><distinfo><resdesc Sync="TRUE">Downloadable Data</resdesc><stdorder><digform><digtinfo><transize Sync="TRUE">0.000</transize><dssize Sync="TRUE">0.000</dssize></digtinfo></digform></stdorder></distinfo><distInfo><distributor><distorTran><onLineSrc><orDesc Sync="TRUE">002</orDesc><linkage Sync="TRUE">file://</linkage><protocol Sync="TRUE">Local Area Network</protocol></onLineSrc><transSize Sync="TRUE">0.000</transSize></distorTran><distorFormat><formatName Sync="TRUE">Shapefile</formatName></distorFormat></distributor></distInfo><spdoinfo><direct Sync="TRUE">Vector</direct><ptvctinf><esriterm Name="CasinoSites"><efeatyp Sync="TRUE">Simple</efeatyp><efeageom Sync="TRUE">Point</efeageom><esritopo Sync="TRUE">FALSE</esritopo><efeacnt Sync="TRUE">10</efeacnt><spindex Sync="TRUE">TRUE</spindex><linrefer Sync="TRUE">FALSE</linrefer></esriterm><sdtsterm Name="CasinoSites"><sdtstype Sync="TRUE">Entity point</sdtstype><ptvctcnt Sync="TRUE">10</ptvctcnt></sdtsterm></ptvctinf></spdoinfo><spref><horizsys><cordsysn><geogcsn Sync="TRUE">GCS_North_American_1983</geogcsn><projcsn Sync="TRUE">NAD_1983_StatePlane_California_VI_FIPS_0406_Feet</projcsn></cordsysn><planar><planci><plance Sync="TRUE">coordinate pair</plance><plandu Sync="TRUE">survey feet</plandu><coordrep><absres Sync="TRUE">0.000000</absres><ordres Sync="TRUE">0.000000</ordres></coordrep></planci><mapproj><mapprojn Sync="TRUE">Lambert Conformal Conic</mapprojn><lambertc><stdparll Sync="TRUE">32.783333</stdparll><stdparll Sync="TRUE">33.883333</stdparll><longcm Sync="TRUE">-116.250000</longcm><latprjo Sync="TRUE">32.166667</latprjo><feast Sync="TRUE">6561666.666667</feast><fnorth Sync="TRUE">1640416.666667</fnorth></lambertc></mapproj></planar><geodetic><horizdn Sync="TRUE">North American Datum of 1983</horizdn><ellips Sync="TRUE">Geodetic Reference System 80</ellips><semiaxis Sync="TRUE">6378137.000000</semiaxis><denflat Sync="TRUE">298.257222</denflat></geodetic></horizsys></spref><refSysInfo><RefSystem><refSysID><identCode Sync="TRUE">NAD_1983_StatePlane_California_VI_FIPS_0406_Feet</identCode></refSysID></RefSystem></refSysInfo><spatRepInfo><VectSpatRep><topLvl><TopoLevCd Sync="TRUE" value="001"></TopoLevCd></topLvl><geometObjs Name="CasinoSites"><geoObjTyp><GeoObjTypCd Sync="TRUE" value="004"></GeoObjTypCd></geoObjTyp><geoObjCnt Sync="TRUE">10</geoObjCnt></geometObjs></VectSpatRep></spatRepInfo><eainfo><detailed Name="CasinoSites"><enttyp><enttypl Sync="TRUE">CasinoSites</enttypl><enttypt Sync="TRUE">Feature Class</enttypt><enttypc Sync="TRUE">10</enttypc><enttypd>Indian Casino Locations in San Diego County, CA</enttypd></enttyp><attr><attrlabl Sync="TRUE">FID</attrlabl><attalias Sync="TRUE">FID</attalias><attrtype Sync="TRUE">OID</attrtype><attwidth Sync="TRUE">4</attwidth><atprecis Sync="TRUE">0</atprecis><attscale Sync="TRUE">0</attscale><attrdef Sync="TRUE">Internal feature number.</attrdef><attrdefs Sync="TRUE">ESRI</attrdefs><attrdomv><udom Sync="TRUE">Sequential unique whole numbers that are automatically generated.</udom></attrdomv></attr><attr><attrlabl Sync="TRUE">Shape</attrlabl><attalias Sync="TRUE">Shape</attalias><attrtype Sync="TRUE">Geometry</attrtype><attwidth Sync="TRUE">0</attwidth><atprecis Sync="TRUE">0</atprecis><attscale Sync="TRUE">0</attscale><attrdef Sync="TRUE">Feature geometry.</attrdef><attrdefs Sync="TRUE">ESRI</attrdefs><attrdomv><udom Sync="TRUE">Coordinates defining the features.</udom></attrdomv></attr><attr><attrlabl Sync="TRUE">Id</attrlabl><attalias Sync="TRUE">Id</attalias><attrtype Sync="TRUE">Number</attrtype><attwidth Sync="TRUE">6</attwidth><attrdef>Feature ID number</attrdef></attr><attr><attrlabl Sync="TRUE">NAME</attrlabl><attalias Sync="TRUE">NAME</attalias><attrtype Sync="TRUE">String</attrtype><attwidth Sync="TRUE">75</attwidth><attrdef>Name of Casino</attrdef></attr><attr><attrlabl Sync="TRUE">ADDRESS</attrlabl><attalias Sync="TRUE">ADDRESS</attalias><attrtype Sync="TRUE">String</attrtype><attwidth Sync="TRUE">75</attwidth><attrdef>Address number and street name</attrdef></attr><attr><attrlabl Sync="TRUE">STREET</attrlabl><attalias Sync="TRUE">STREET</attalias><attrtype Sync="TRUE">String</attrtype><attwidth Sync="TRUE">75</attwidth><attrdef>Street name and suffix</attrdef></attr><attr><attrlabl Sync="TRUE">CITY</attrlabl><attalias Sync="TRUE">CITY</attalias><attrtype Sync="TRUE">String</attrtype><attwidth Sync="TRUE">50</attwidth><attrdef>Name of city/town where casino is located</attrdef></attr><attr><attrlabl Sync="TRUE">STATE</attrlabl><attalias Sync="TRUE">STATE</attalias><attrtype Sync="TRUE">String</attrtype><attwidth Sync="TRUE">50</attwidth><attrdef>State where casino is located</attrdef></attr><attr><attrlabl Sync="TRUE">ZIP</attrlabl><attalias Sync="TRUE">ZIP</attalias><attrtype Sync="TRUE">String</attrtype><attwidth Sync="TRUE">50</attwidth><attrdef>Zip code for casino's location</attrdef></attr><attr><attrlabl Sync="TRUE">PHONE</attrlabl><attalias Sync="TRUE">PHONE</attalias><attrtype Sync="TRUE">String</attrtype><attwidth Sync="TRUE">50</attwidth><attrdef>Phone number for casino</attrdef></attr><attr><attrlabl Sync="TRUE">RESERVAT</attrlabl><attalias Sync="TRUE">RESERVAT</attalias><attrtype Sync="TRUE">String</attrtype><attwidth Sync="TRUE">75</attwidth><attrdef>Name of Indian Reservation where casino is located</attrdef></attr></detailed></eainfo><mdDateSt Sync="TRUE">20071024</mdDateSt><dataqual><lineage><procstep><procdesc Sync="TRUE">Dataset copied.</procdesc><srcused Sync="TRUE"></srcused><date Sync="TRUE">20071005</date><time Sync="TRUE">07010100</time></procstep><procstep><procdesc Sync="TRUE">Dataset copied.</procdesc><srcused Sync="TRUE"></srcused><date Sync="TRUE">20071024</date><time Sync="TRUE">09491400</time></procstep><procstep><procdesc Sync="TRUE">Dataset copied.</procdesc><srcused Sync="TRUE"></srcused><date Sync="TRUE">20071109</date><time Sync="TRUE">15462900</time></procstep></lineage></dataqual></metadata>
