<?xml version="1.0"?>
<!--<!DOCTYPE metadata SYSTEM "http://www.esri.com/metadata/esriprof80.dtd">-->
<metadata xml:lang="en"><Esri><CreaDate>20070518</CreaDate><CreaTime>09033600</CreaTime><SyncOnce>FALSE</SyncOnce><SyncDate>20070518</SyncDate><SyncTime>08550200</SyncTime><ModDate>20070518</ModDate><ModTime>08550200</ModTime><DataProperties><lineage><Process ToolSource="C:\Program Files\ArcGIS\ArcToolbox\Toolboxes\Data Management Tools.tbx\CopyFeatures" Date="20070426" Time="120503">CopyFeatures "C:\gis\data\projects\Gas Stations\GAS_STATIONS.mdb\Stations\GasStations" "C:\gis\data\projects\Gas Stations\GasStations.shp" # 0 0 0</Process></lineage></DataProperties><MetaID>{0EBCCD1F-F63A-4D17-ABDA-61F207007E27}</MetaID></Esri><idinfo><native Sync="TRUE">Microsoft Windows 2000 Version 5.0 (Build 2195) Service Pack 3; ESRI ArcCatalog 9.1.0.780</native><descript><langdata Sync="TRUE">en</langdata><abstract>Gas and Compressed Natural Gas (CNG) stations locations within San Diego Region. </abstract><purpose>To locate Gas and CNG Stations.</purpose></descript><citation><citeinfo><origin>Agriculture Weights and Measures</origin><pubdate>April 2007</pubdate><title Sync="TRUE">GasStations</title><ftname Sync="TRUE">GasStations</ftname><geoform Sync="TRUE">vector digital data</geoform><onlink Sync="TRUE"></onlink></citeinfo></citation><timeperd><current>2007</current><timeinfo><sngdate><caldate>2007</caldate></sngdate></timeinfo></timeperd><status><progress>Complete</progress><update>Annually</update></status><spdom><bounding><westbc Sync="TRUE">-117.395754</westbc><eastbc Sync="TRUE">-116.163499</eastbc><northbc Sync="TRUE">33.416937</northbc><southbc Sync="TRUE">32.547698</southbc></bounding><lboundng><leftbc Sync="TRUE">6212036.642497</leftbc><rightbc Sync="TRUE">6588061.489183</rightbc><bottombc Sync="TRUE">1780960.130504</bottombc><topbc Sync="TRUE">2095331.972845</topbc></lboundng></spdom><keywords><theme><themekt>Fuel</themekt><themekey>Gas </themekey><themekey>Station</themekey></theme><place><placekey>San Diego</placekey><placekey>Coronado</placekey><placekey>Chula Vista</placekey><placekey>Carlsbad</placekey><placekey>Imperial Beach</placekey><placekey>La Mesa</placekey><placekey>Encinitas</placekey><placekey>Del Mar</placekey><placekey>Oceanside</placekey><placekey>Solana Beach</placekey><placekey>Escondido</placekey><placekey>Poway</placekey><placekey>El Cajon</placekey><placekey>National City</placekey><placekey>Vista</placekey><placekey>San Marcos</placekey><placekey>Lemon Grove</placekey><placekey>Santee</placekey></place></keywords><accconst>NONE</accconst><useconst>NONE</useconst><natvform Sync="TRUE">Shapefile</natvform><ptcontac><cntinfo><cntperp><cntper>Tricia Toomey</cntper><cntorg>Office of Emergency Services</cntorg></cntperp><cntpos>Student Worker</cntpos><cntvoice>858-565-3490</cntvoice><cntemail>tricia.toomey@sdcounty.ca.gov</cntemail></cntinfo></ptcontac><secinfo><secclass>Unclassified</secclass><sechandl>NONE</sechandl></secinfo></idinfo><dataIdInfo><envirDesc Sync="TRUE">Microsoft Windows 2000 Version 5.0 (Build 2195) Service Pack 3; ESRI ArcCatalog 9.1.0.780</envirDesc><dataLang><languageCode Sync="TRUE" value="en"></languageCode></dataLang><idCitation><resTitle Sync="TRUE">GasStations</resTitle><presForm><PresFormCd Sync="TRUE" value="005"></PresFormCd></presForm></idCitation><spatRpType><SpatRepTypCd Sync="TRUE" value="001"></SpatRepTypCd></spatRpType><dataExt><geoEle><GeoBndBox esriExtentType="native"><westBL Sync="TRUE">6212036.642497</westBL><eastBL Sync="TRUE">6588061.489183</eastBL><northBL Sync="TRUE">2095331.972845</northBL><southBL Sync="TRUE">1780960.130504</southBL><exTypeCode Sync="TRUE">1</exTypeCode></GeoBndBox></geoEle></dataExt><geoBox esriExtentType="decdegrees"><westBL Sync="TRUE">-117.395754</westBL><eastBL Sync="TRUE">-116.163499</eastBL><northBL Sync="TRUE">33.416937</northBL><southBL Sync="TRUE">32.547698</southBL><exTypeCode Sync="TRUE">1</exTypeCode></geoBox></dataIdInfo><metainfo><langmeta Sync="TRUE">en</langmeta><metstdn Sync="TRUE">FGDC Content Standards for Digital Geospatial Metadata</metstdn><metstdv Sync="TRUE">FGDC-STD-001-1998</metstdv><mettc Sync="TRUE">local time</mettc><metc><cntinfo><cntorgp><cntper>Tricia Toomey</cntper><cntorg>Office of Emergency Services</cntorg></cntorgp><cntaddr><addrtype>REQUIRED: The mailing and/or physical address for the organization or individual.</addrtype><city>REQUIRED: The city of the address.</city><state>REQUIRED: The state or province of the address.</state><postal>REQUIRED: The ZIP or other postal code of the address.</postal></cntaddr><cntvoice>858-565-3490</cntvoice><cntpos>Student Worker</cntpos></cntinfo></metc><metd Sync="TRUE">20070518</metd><metrd>April 2007</metrd><metfrd>April 2008</metfrd><metextns><onlink Sync="TRUE">http://www.esri.com/metadata/esriprof80.html</onlink><metprof Sync="TRUE">ESRI Metadata Profile</metprof></metextns></metainfo><mdLang><languageCode Sync="TRUE" value="en"></languageCode></mdLang><mdStanName Sync="TRUE">ISO 19115 Geographic Information - Metadata</mdStanName><mdStanVer Sync="TRUE">DIS_ESRI1.0</mdStanVer><mdChar><CharSetCd Sync="TRUE" value="004"></CharSetCd></mdChar><mdHrLv><ScopeCd Sync="TRUE" value="005"></ScopeCd></mdHrLv><mdHrLvName Sync="TRUE">dataset</mdHrLvName><distinfo><resdesc Sync="TRUE">Downloadable Data</resdesc><stdorder><digform><digtinfo><transize Sync="TRUE">0.021</transize><dssize Sync="TRUE">0.021</dssize></digtinfo></digform></stdorder><distliab>OES is not a distributer of GIS data.</distliab></distinfo><distInfo><distributor><distorTran><onLineSrc><orDesc Sync="TRUE">002</orDesc><linkage Sync="TRUE">file://</linkage><protocol Sync="TRUE">Local Area Network</protocol></onLineSrc><transSize Sync="TRUE">0.021</transSize></distorTran><distorFormat><formatName Sync="TRUE">Shapefile</formatName></distorFormat></distributor></distInfo><spdoinfo><direct Sync="TRUE">Vector</direct><ptvctinf><esriterm Name="GasStations"><efeatyp Sync="TRUE">Simple</efeatyp><efeageom Sync="TRUE">Point</efeageom><esritopo Sync="TRUE">FALSE</esritopo><efeacnt Sync="TRUE">787</efeacnt><spindex Sync="TRUE">TRUE</spindex><linrefer Sync="TRUE">FALSE</linrefer></esriterm><sdtsterm Name="GasStations"><sdtstype Sync="TRUE">Entity point</sdtstype><ptvctcnt Sync="TRUE">787</ptvctcnt></sdtsterm></ptvctinf></spdoinfo><spref><horizsys><cordsysn><geogcsn Sync="TRUE">GCS_North_American_1983</geogcsn><projcsn Sync="TRUE">NAD_1983_StatePlane_California_VI_FIPS_0406_Feet</projcsn></cordsysn><planar><planci><plance Sync="TRUE">coordinate pair</plance><plandu Sync="TRUE">survey feet</plandu><coordrep><absres Sync="TRUE">0.001024</absres><ordres Sync="TRUE">0.001024</ordres></coordrep></planci><mapproj><mapprojn Sync="TRUE">Lambert Conformal Conic</mapprojn><lambertc><stdparll Sync="TRUE">32.783333</stdparll><stdparll Sync="TRUE">33.883333</stdparll><longcm Sync="TRUE">-116.250000</longcm><latprjo Sync="TRUE">32.166667</latprjo><feast Sync="TRUE">6561666.666667</feast><fnorth Sync="TRUE">1640416.666667</fnorth></lambertc></mapproj></planar><geodetic><horizdn Sync="TRUE">North American Datum of 1983</horizdn><ellips Sync="TRUE">Geodetic Reference System 80</ellips><semiaxis Sync="TRUE">6378137.000000</semiaxis><denflat Sync="TRUE">298.257222</denflat></geodetic></horizsys><vertdef><altsys><altenc Sync="TRUE">Explicit elevation coordinate included with horizontal coordinates</altenc><altres Sync="TRUE">0.000010</altres></altsys></vertdef></spref><refSysInfo><RefSystem><refSysID><identCode Sync="TRUE">NAD_1983_StatePlane_California_VI_FIPS_0406_Feet</identCode></refSysID></RefSystem></refSysInfo><spatRepInfo><VectSpatRep><topLvl><TopoLevCd Sync="TRUE" value="001"></TopoLevCd></topLvl><geometObjs Name="GasStations"><geoObjTyp><GeoObjTypCd Sync="TRUE" value="004"></GeoObjTypCd></geoObjTyp><geoObjCnt Sync="TRUE">787</geoObjCnt></geometObjs></VectSpatRep></spatRepInfo><eainfo><detailed Name="GasStations"><enttyp><enttypl Sync="TRUE">GasStations</enttypl><enttypt Sync="TRUE">Feature Class</enttypt><enttypc Sync="TRUE">787</enttypc></enttyp><attr><attrlabl Sync="TRUE">FID</attrlabl><attalias Sync="TRUE">FID</attalias><attrtype Sync="TRUE">OID</attrtype><attwidth Sync="TRUE">4</attwidth><atprecis Sync="TRUE">0</atprecis><attscale Sync="TRUE">0</attscale><attrdef Sync="TRUE">Internal feature number.</attrdef><attrdefs Sync="TRUE">ESRI</attrdefs><attrdomv><udom Sync="TRUE">Sequential unique whole numbers that are automatically generated.</udom></attrdomv></attr><attr><attrlabl Sync="TRUE">Shape</attrlabl><attalias Sync="TRUE">Shape</attalias><attrtype Sync="TRUE">Geometry</attrtype><attwidth Sync="TRUE">0</attwidth><atprecis Sync="TRUE">0</atprecis><attscale Sync="TRUE">0</attscale><attrdef Sync="TRUE">Feature geometry.</attrdef><attrdefs Sync="TRUE">ESRI</attrdefs><attrdomv><udom Sync="TRUE">Coordinates defining the features.</udom></attrdomv></attr><attr><attrlabl Sync="TRUE">NAME</attrlabl><attalias Sync="TRUE">NAME</attalias><attrtype Sync="TRUE">String</attrtype><attwidth Sync="TRUE">50</attwidth><attrdef>Name of Gas Station</attrdef></attr><attr><attrlabl Sync="TRUE">PERMIT_NO</attrlabl><attalias Sync="TRUE">PERMIT_NO</attalias><attrtype Sync="TRUE">Number</attrtype><attwidth Sync="TRUE">9</attwidth><attrdef>permit number issued by county agriculture weights and measures</attrdef></attr><attr><attrlabl Sync="TRUE">ADDRESS</attrlabl><attalias Sync="TRUE">ADDRESS</attalias><attrtype Sync="TRUE">String</attrtype><attwidth Sync="TRUE">40</attwidth><attrdef>location address of gas station</attrdef></attr><attr><attrlabl Sync="TRUE">CITY</attrlabl><attalias Sync="TRUE">CITY</attalias><attrtype Sync="TRUE">String</attrtype><attwidth Sync="TRUE">20</attwidth><attrdef>city in which gas station is located</attrdef></attr><attr><attrlabl Sync="TRUE">ZIP_CODE</attrlabl><attalias Sync="TRUE">ZIP_CODE</attalias><attrtype Sync="TRUE">Float</attrtype><attwidth Sync="TRUE">19</attwidth><atnumdec Sync="TRUE">11</atnumdec><attrdef>zip code in which gas station is located</attrdef></attr><attr><attrlabl Sync="TRUE">PHONE</attrlabl><attalias Sync="TRUE">PHONE</attalias><attrtype Sync="TRUE">String</attrtype><attwidth Sync="TRUE">15</attwidth><attrdef>phone number for gas station contact</attrdef></attr><attr><attrlabl Sync="TRUE">CONTACT</attrlabl><attalias Sync="TRUE">CONTACT</attalias><attrtype Sync="TRUE">String</attrtype><attwidth Sync="TRUE">30</attwidth><attrdef>name of person to contact at gas station</attrdef></attr><attr><attrlabl Sync="TRUE">PUMPS</attrlabl><attalias Sync="TRUE">PUMPS</attalias><attrtype Sync="TRUE">Number</attrtype><attwidth Sync="TRUE">4</attwidth><attrdef>number of gasoline pumps at gas station facility</attrdef></attr><attr><attrlabl Sync="TRUE">CNG_DEV</attrlabl><attalias Sync="TRUE">CNG_DEV</attalias><attrtype Sync="TRUE">Number</attrtype><attwidth Sync="TRUE">4</attwidth><attrdef>number of CNG devices at gas station facility</attrdef></attr></detailed><overview><dsoverv>Point data of stations selling gas and CNG.</dsoverv><eaover>Attributes contained: address, contact information, number of devices/pumps.</eaover><eadetcit>address, contact, count of devices/pumps</eadetcit></overview></eainfo><mdDateSt Sync="TRUE">20070518</mdDateSt><dataqual><lineage><srcinfo><srcscale>1600</srcscale></srcinfo><procstep><procdesc Sync="TRUE">Dataset copied.</procdesc><srcused Sync="TRUE"></srcused><date Sync="TRUE">20070518</date><time Sync="TRUE">09033700</time></procstep></lineage></dataqual></metadata>
